Name,Index Year,Overall Score,Property Rights,Judicial Effectiveness,Government Integrity,Tax Burden,Government Spending,Fiscal Health,Business Freedom,Labor Freedom,Monetary Freedom,Trade Freedom,Investment Freedom,Financial Freedom
Afghanistan,2018,51.3,17.9,28.2,26.2,91.8,79.3,98.3,53.0,57.3,77.8,66.0,10.0,10.0
Albania,2018,64.5,54.1,25.4,39.9,85.1,72.7,67.5,69.1,50.4,82.4,87.8,70.0,70.0
Algeria,2018,44.7,27.8,35.2,29.0,74.0,45.9,19.2,68.1,48.7,69.9,63.5,25.0,30.0
Angola,2018,48.6,36.0,25.4,18.9,82.4,69.1,54.8,58.3,50.9,58.5,59.5,30.0,40.0
Argentina,2018,52.3,40.8,44.5,32.6,65.7,55.6,52.6,56.2,43.3,51.3,70.3,55.0,60.0
Armenia,2018,68.7,55.3,47.4,40.5,84.7,80.0,67.2,78.7,69.9,75.8,80.0,75.0,70.0
Australia,2018,80.9,78.7,93.4,77.4,63.0,61.2,84.3,89.1,79.7,87.4,86.2,80.0,90.0
Austria,2018,71.8,83.5,80.9,73.5,49.9,19.4,81.1,75.5,66.7,83.7,86.9,90.0,70.0
Azerbaijan,2018,64.3,53.6,36.8,39.9,87.5,59.4,95.5,72.3,71.9,65.6,74.6,55.0,60.0
Bahrain,2018,67.7,62.1,55.1,51.8,99.9,66.4,6.5,75.5,76.5,79.9,83.4,75.0,80.0
"Bangladesh ",2018,55.1,32.4,32.6,21.2,72.7,94.2,78.9,52.1,66.4,69.0,61.2,50.0,30.0
Barbados,2018,57.0,51.4,54.4,53.8,74.0,39.3,0.0,70.5,63.2,85.0,62.2,70.0,60.0
Belarus,2018,58.1,53.5,57.3,42.0,89.8,47.9,75.4,74.1,73.1,62.3,81.4,30.0,10.0
Belgium,2018,67.5,81.2,69.5,70.9,44.0,12.1,67.9,80.6,59.5,82.6,86.9,85.0,70.0
Belize,2018,57.1,42.1,53.5,34.7,80.0,65.5,50.0,62.9,48.7,78.3,64.9,55.0,50.0
Benin,2018,56.7,35.5,31.3,30.2,67.4,85.6,49.7,60.7,49.9,84.7,55.6,80.0,50.0
Bhutan,2018,61.8,60.9,51.6,50.9,83.0,72.2,80.0,72.5,75.7,70.5,74.4,20.0,30.0
Bolivia,2018,44.1,19.0,11.4,23.1,85.7,46.5,46.8,59.2,49.2,67.5,75.5,5.0,40.0
Bosnia and Herzegovina,2018,61.4,39.5,43.7,28.4,83.5,41.5,94.4,49.3,59.6,83.5,87.8,65.0,60.0
Botswana,2018,69.9,57.7,54.7,56.6,76.1,63.4,98.2,69.5,64.6,79.0,83.9,65.0,70.0
Brazil,2018,51.4,55.8,55.5,31.4,70.6,50.7,7.7,58.6,46.8,71.4,68.5,50.0,50.0
Brunei Darussalam,2018,64.2,56.6,57.1,45.4,85.6,57.7,20.0,79.9,88.9,75.1,89.1,65.0,50.0
Bulgaria,2018,68.3,63.6,42.5,38.2,90.9,60.5,94.3,64.3,66.1,82.8,86.9,70.0,60.0
Burkina Faso,2018,60.0,42.1,47.1,31.8,80.6,83.7,80.4,51.5,47.0,84.5,65.8,65.0,40.0
Burma,2018,53.9,32.5,17.6,28.2,86.3,84.7,89.2,54.2,65.9,67.6,70.9,30.0,20.0
Burundi,2018,50.9,17.6,21.7,26.2,71.0,78.6,54.8,53.0,63.2,70.2,69.2,55.0,30.0
Cabo Verde,2018,60.0,42.1,52.0,42.8,74.0,71.5,40.2,64.6,40.5,83.5,68.2,80.0,60.0
Cambodia,2018,58.7,36.0,24.5,17.7,89.8,86.5,92.1,30.6,57.7,79.7,80.3,60.0,50.0
Cameroon,2018,51.9,40.6,29.4,23.4,73.7,86.1,72.0,44.0,42.9,82.5,53.4,25.0,50.0
Canada,2018,77.7,87.5,77.1,78.3,76.7,52.3,81.2,81.8,71.3,77.5,88.1,80.0,80.0
Central African Republic,2018,49.2,17.9,28.2,24.6,64.6,94.6,96.4,27.2,34.5,70.5,57.2,45.0,30.0
Chad,2018,49.3,25.1,24.1,23.1,44.8,90.5,81.9,29.4,40.3,79.9,52.2,60.0,40.0
Chile,2018,75.2,67.9,63.4,61.2,78.0,81.3,91.7,72.4,60.4,82.4,88.7,85.0,70.0
China,2018,57.8,46.7,65.4,47.3,70.4,71.6,85.9,54.9,61.4,71.4,73.2,25.0,20.0
Colombia,2018,68.9,60.7,36.4,33.4,80.3,74.4,82.2,78.6,75.2,73.9,81.6,80.0,70.0
Comoros,2018,56.2,36.7,28.2,27.5,59.7,77.8,96.6,57.5,58.7,81.2,74.9,45.0,30.0
"Costa Rica ",2018,65.6,54.8,57.8,51.8,79.3,88.9,46.8,68.3,50.3,85.0,84.7,70.0,50.0
"Côte d'Ivoire ",2018,62.0,39.4,44.2,36.6,76.4,84.6,80.8,62.1,47.6,73.6,73.7,75.0,50.0
Croatia,2018,61.0,65.9,56.5,40.5,66.0,32.5,67.2,58.9,43.0,79.1,87.4,75.0,60.0
Cuba,2018,31.9,29.7,10.0,38.1,49.0,0.0,64.4,20.0,20.0,66.4,64.7,10.0,10.0
Cyprus,2018,67.8,71.2,56.7,41.3,75.2,52.9,79.3,77.0,55.7,83.0,86.9,75.0,60.0
Czech Republic,2018,74.2,73.0,57.9,51.1,82.9,48.6,96.2,72.5,76.8,85.2,86.9,80.0,80.0
Democratic Republic of Congo,2018,52.1,24.1,23.9,27.3,73.2,94.8,99.1,60.2,47.8,60.3,64.6,30.0,20.0
Denmark,2018,76.6,84.8,83.6,84.1,41.4,10.6,96.7,92.5,82.8,86.4,86.9,90.0,80.0
Djibouti,2018,45.1,19.0,13.8,29.0,69.8,27.2,18.0,51.7,58.9,69.5,54.9,80.0,50.0
Dominica,2018,64.5,48.6,69.2,49.9,72.9,64.8,85.2,71.7,57.7,86.6,62.6,75.0,30.0
Dominican Republic,2018,61.6,51.7,23.1,26.2,84.6,90.6,90.5,53.2,54.3,77.1,72.4,75.0,40.0
Ecuador,2018,48.5,36.7,23.3,30.2,79.4,52.5,47.0,55.6,43.7,70.1,68.8,35.0,40.0
Egypt,2018,53.4,32.7,52.5,32.2,84.2,65.1,1.2,71.5,51.5,69.6,70.9,60.0,50.0
"El Salvador ",2018,63.2,37.3,35.4,25.2,78.9,86.3,78.5,58.2,52.9,79.8,86.4,80.0,60.0
Equatorial Guinea,2018,42.0,29.8,17.6,26.2,69.6,61.0,19.1,45.6,29.8,81.7,53.8,40.0,30.0
Eritrea,2018,41.7,35.5,13.8,23.4,79.9,75.6,0.0,56.7,65.7,60.9,69.2,0.0,20.0
Estonia,2018,78.8,80.4,83.9,75.7,80.7,52.6,99.8,75.6,54.8,85.1,86.9,90.0,80.0
Eswatini,2018,55.9,55.3,35.3,26.9,74.8,65.2,39.7,61.1,69.5,73.2,79.7,50.0,40.0
Ethiopia,2018,52.8,31.1,37.6,37.7,76.5,90.6,85.5,40.2,51.3,67.1,60.7,35.0,20.0
Fiji,2018,62.0,68.3,47.1,34.8,81.4,68.2,63.0,62.8,70.8,74.1,68.8,55.0,50.0
Finland,2018,74.1,89.0,82.7,89.8,66.5,2.3,81.1,89.9,50.5,86.0,86.9,85.0,80.0
France,2018,63.9,84.0,72.7,65.1,47.3,2.7,60.8,80.2,45.0,81.6,81.9,75.0,70.0
Gabon,2018,58.0,29.9,27.8,33.4,74.3,84.6,92.3,49.3,61.7,81.4,60.9,60.0,40.0
Georgia,2018,76.2,62.8,64.2,61.8,87.0,73.3,91.8,86.9,77.3,79.6,89.4,80.0,60.0
Germany,2018,74.2,81.0,78.0,75.3,61.3,41.3,90.8,86.1,53.3,86.2,86.9,80.0,70.0
Ghana,2018,56.0,48.9,43.7,32.9,83.5,79.0,9.5,59.5,56.2,63.7,65.1,70.0,60.0
Greece,2018,57.3,52.3,59.0,37.9,60.4,20.9,70.5,74.4,54.4,81.0,81.9,55.0,40.0
"Guatemala ",2018,63.4,40.4,33.1,27.3,79.2,95.3,95.3,57.3,48.3,77.6,87.2,70.0,50.0
Guinea,2018,52.2,32.4,28.2,26.9,65.9,80.6,61.0,54.1,54.0,71.8,61.2,50.0,40.0
Guinea-Bissau,2018,56.9,31.1,53.5,27.3,86.4,85.6,87.1,47.8,61.1,77.4,65.2,30.0,30.0
Guyana,2018,58.7,42.1,42.5,34.8,68.4,70.8,73.8,60.3,70.5,79.3,71.5,60.0,30.0
Haiti,2018,55.8,25.1,42.5,24.6,80.1,85.6,83.6,48.3,64.1,68.9,71.9,45.0,30.0
"Honduras ",2018,60.6,44.3,34.5,28.2,82.8,76.6,87.4,58.5,31.9,73.8,84.4,65.0,60.0
Hong Kong,2018,90.2,92.5,84.3,82.8,93.1,90.2,100.0,96.3,89.4,84.3,90.0,90.0,90.0
"Hungary ",2018,66.7,57.6,57.1,36.4,78.6,29.4,82.4,61.8,68.7,91.6,86.9,80.0,70.0
Iceland,2018,77.0,86.7,72.6,77.3,72.1,44.2,94.3,89.5,61.8,81.7,88.5,85.0,70.0
India,2018,54.5,55.4,54.3,47.2,79.4,77.7,13.2,56.4,41.8,75.9,72.4,40.0,40.0
Indonesia,2018,64.2,49.3,45.2,42.8,83.7,90.7,89.4,57.3,50.3,81.6,80.5,40.0,60.0
Iran,2018,50.9,32.5,35.3,32.6,81.0,91.1,91.7,64.3,58.2,59.8,54.5,0.0,10.0
Iraq,2018,N/A,36.7,11.4,23.4,N/A,45.4,11.9,59.1,69.8,79.2,N/A,N/A,N/A
Ireland,2018,80.4,87.7,79.0,79.0,76.1,69.6,80.8,81.8,76.4,87.4,86.9,90.0,70.0
Israel,2018,72.2,78.2,83.1,61.2,60.9,51.8,79.0,71.8,65.1,85.3,85.5,75.0,70.0
Italy,2018,62.5,71.2,60.9,40.1,55.2,24.1,68.2,70.3,50.3,88.2,86.9,85.0,50.0
"Jamaica ",2018,69.1,60.9,56.6,39.4,80.0,77.2,79.5,78.7,74.5,82.0,70.8,80.0,50.0
Japan,2018,72.3,86.0,73.2,79.2,67.4,54.1,49.3,81.7,79.2,85.4,82.3,70.0,60.0
Jordan,2018,64.9,57.6,57.3,51.9,92.4,69.4,27.7,63.0,58.9,88.7,82.0,70.0,60.0
Kazakhstan,2018,69.1,56.0,58.1,44.6,92.6,85.3,87.3,74.3,86.8,68.2,75.6,50.0,50.0
Kenya,2018,54.7,47.9,44.0,27.5,78.5,77.5,14.1,55.5,62.9,74.0,69.8,55.0,50.0
Kiribati,2018,50.8,45.0,35.3,37.9,72.4,0.0,98.5,53.1,71.6,82.0,58.2,25.0,30.0
Kosovo,2018,66.6,52.3,59.0,45.4,93.2,77.9,92.8,72.6,58.3,81.2,70.8,65.0,30.0
Kuwait,2018,62.2,52.0,53.5,36.6,97.7,20.5,99.3,57.2,61.5,73.7,79.1,55.0,60.0
"Kyrgyz Republic ",2018,62.8,50.2,22.1,29.4,93.8,58.2,89.2,73.3,77.9,74.9,74.5,60.0,50.0
Laos,2018,53.6,34.1,41.4,33.1,86.7,79.3,60.2,65.4,55.0,76.0,56.6,35.0,20.0
Latvia,2018,73.6,68.3,58.9,45.4,84.0,59.0,95.3,80.1,72.5,87.3,86.9,85.0,60.0
Lebanon,2018,53.2,39.7,33.6,20.2,91.9,78.2,0.0,48.8,44.2,81.9,84.5,65.0,50.0
Lesotho,2018,53.9,49.4,52.7,32.9,48.2,23.8,90.5,52.9,58.9,74.2,68.5,55.0,40.0
Liberia,2018,50.9,28.2,42.4,32.0,77.5,59.4,39.1,53.1,59.5,71.4,72.8,55.0,20.0
Libya,2018,N/A,5.2,22.1,23.1,90.5,0.0,19.9,63.5,45.9,56.2,80.0,5.0,N/A
Liechtenstein,2018,N/A,N/A,N/A,N/A,N/A,N/A,N/A,N/A,N/A,N/A,90.0,85.0,80.0
Lithuania,2018,75.3,73.8,66.7,50.9,86.4,63.9,96.7,73.4,64.5,89.9,86.9,80.0,70.0
Luxembourg,2018,76.4,82.7,77.9,79.0,65.1,48.5,99.0,69.2,46.2,87.6,86.9,95.0,80.0
Macau,2018,70.9,60.0,60.0,36.4,75.3,91.0,100.0,60.0,50.0,73.6,90.0,85.0,70.0
Madagascar,2018,56.8,33.2,21.4,17.8,90.3,92.9,82.5,45.6,41.5,73.4,78.0,55.0,50.0
Malawi,2018,52.0,33.1,47.1,28.9,76.9,70.7,28.1,47.7,59.9,60.4,71.5,50.0,50.0
"Malaysia ",2018,74.5,83.8,65.2,54.8,85.6,81.3,80.7,83.9,75.8,85.6,87.4,60.0,50.0
Maldives,2018,51.1,45.0,38.8,36.6,94.3,45.5,6.7,78.6,70.6,83.3,48.4,35.0,30.0
Mali,2018,57.6,31.9,32.4,31.4,68.1,85.3,84.8,52.8,48.4,81.9,68.7,65.0,40.0
Malta,2018,68.5,68.1,62.8,49.9,64.7,51.0,90.0,64.0,61.1,78.8,86.9,85.0,60.0
Mauritania,2018,54.0,23.9,17.6,28.9,75.9,72.8,71.8,64.2,59.2,82.4,61.5,50.0,40.0
Mauritius,2018,75.1,68.7,69.6,52.1,91.0,80.7,73.7,77.5,66.8,82.9,88.7,80.0,70.0
Mexico,2018,64.8,58.6,39.0,26.9,75.7,78.1,69.8,67.5,59.8,79.2,88.0,75.0,60.0
Micronesia,2018,52.3,5.2,25.4,38.8,93.2,7.4,98.7,57.6,67.4,83.8,85.6,35.0,30.0
Moldova,2018,58.4,53.5,26.3,26.6,85.3,56.7,90.0,66.0,39.9,73.2,78.3,55.0,50.0
Mongolia,2018,55.7,51.0,30.9,34.8,88.4,57.1,3.8,67.0,75.6,79.1,75.9,45.0,60.0
Montenegro,2018,64.3,54.2,51.3,38.1,85.2,35.7,69.1,72.9,70.9,84.9,84.7,75.0,50.0
Morocco,2018,61.9,53.8,44.3,41.3,70.5,70.5,60.6,69.6,36.0,82.3,79.4,65.0,70.0
"Mozambique ",2018,46.3,35.4,36.3,28.2,70.6,60.7,0.0,58.0,37.8,66.7,76.7,35.0,50.0
Namibia,2018,58.5,56.6,54.2,45.4,63.0,50.4,16.5,67.5,85.5,74.8,83.3,65.0,40.0
Nepal,2018,54.1,37.5,36.2,24.6,84.2,87.6,98.5,64.6,43.5,65.8,66.6,10.0,30.0
Netherlands,2018,76.2,87.9,74.1,86.0,52.5,39.1,88.2,80.5,61.5,87.5,86.9,90.0,80.0
New Zealand,2018,84.2,95.1,88.4,95.7,70.5,49.5,98.3,91.5,84.4,90.0,87.4,80.0,80.0
"Nicaragua ",2018,58.9,29.8,19.0,24.2,77.2,80.0,94.8,60.2,57.3,73.0,81.0,60.0,50.0
Niger,2018,49.5,37.4,32.6,30.4,73.3,72.9,15.8,45.5,45.7,83.5,61.5,55.0,40.0
Nigeria,2018,58.5,38.0,39.6,14.4,84.4,96.3,80.9,49.3,81.5,66.9,65.5,45.0,40.0
North Korea,2018,5.8,29.8,5.0,25.2,0.0,0.0,0.0,5.0,5.0,0.0,0.0,0.0,0.0
North Macedonia,2018,71.3,64.8,57.0,47.4,91.6,70.3,78.1,82.9,69.0,81.8,87.8,65.0,60.0
Norway,2018,74.3,86.4,86.0,93.6,56.4,29.2,97.8,90.4,54.6,73.9,87.9,75.0,60.0
Oman,2018,61.0,59.5,57.4,51.5,98.5,25.0,17.7,76.3,55.2,79.2,86.2,65.0,60.0
"Pakistan ",2018,54.4,36.0,34.0,27.3,78.5,88.2,54.0,55.3,40.6,77.7,65.9,55.0,40.0
"Panama ",2018,67.0,60.9,29.4,38.8,85.0,84.1,86.1,74.4,43.5,79.5,77.8,75.0,70.0
Papua New Guinea,2018,55.7,38.0,55.1,33.1,71.1,82.0,51.9,60.6,66.7,68.8,85.9,25.0,30.0
"Paraguay ",2018,62.1,38.3,28.2,28.3,96.1,82.2,97.1,62.2,29.9,72.4,76.1,75.0,60.0
Peru,2018,68.7,56.9,33.5,36.6,80.6,85.6,94.7,69.2,62.4,83.1,87.1,75.0,60.0
Philippines,2018,65.0,45.0,38.2,34.4,78.9,89.3,97.7,62.6,57.6,76.3,80.7,60.0,60.0
Poland,2018,68.5,61.8,56.6,50.9,75.9,47.8,81.5,67.2,63.9,85.0,86.9,75.0,70.0
Portugal,2018,63.4,69.2,70.1,56.8,59.8,29.8,46.0,83.2,44.1,85.3,86.9,70.0,60.0
Qatar,2018,72.6,70.3,59.8,71.6,99.6,60.2,95.4,71.3,65.4,75.0,83.3,60.0,60.0
"Republic of Congo ",2018,38.9,32.4,28.2,24.6,60.8,33.4,6.2,31.3,34.1,73.8,61.9,50.0,30.0
Romania,2018,69.4,61.0,59.7,40.0,87.3,66.9,91.1,65.2,66.8,82.8,86.9,75.0,50.0
Russia,2018,58.2,48.7,46.9,38.1,85.8,62.5,87.7,77.0,52.0,60.8,79.4,30.0,30.0
Rwanda,2018,69.1,69.8,79.6,61.2,75.8,77.7,82.3,55.0,81.2,76.5,70.7,60.0,40.0
Saint Lucia,2018,67.6,67.9,69.2,50.9,75.5,72.4,67.7,76.6,69.5,81.7,74.3,65.0,40.0
Saint Vincent and the Grenadines,2018,67.7,36.7,69.2,51.5,72.7,72.7,83.4,80.0,75.0,85.4,75.7,70.0,40.0
Samoa,2018,61.5,53.1,38.8,40.1,79.9,55.1,78.1,77.0,76.5,84.8,70.2,55.0,30.0
"São Tomé and Príncipe ",2018,53.6,38.0,28.2,39.4,82.0,69.5,45.8,65.9,42.7,70.1,71.8,60.0,30.0
Saudi Arabia,2018,59.6,53.1,60.2,49.9,99.7,52.0,19.7,74.0,64.8,73.8,78.2,40.0,50.0
Senegal,2018,55.7,41.3,40.4,42.6,68.5,72.7,58.4,51.5,41.4,84.7,66.7,60.0,40.0
"Serbia ",2018,62.5,46.2,48.2,36.5,83.5,40.6,67.0,68.3,69.2,82.9,87.4,70.0,50.0
Seychelles,2018,61.6,60.7,38.8,38.8,73.4,63.0,90.6,63.4,57.5,81.5,86.7,55.0,30.0
Sierra Leone,2018,51.8,33.6,29.6,22.0,79.9,89.8,65.9,51.3,30.5,69.5,69.4,60.0,20.0
Singapore,2018,88.8,98.4,90.9,91.2,90.4,90.6,80.0,90.9,92.6,85.2,90.0,85.0,80.0
Slovakia,2018,65.3,68.2,38.8,38.2,78.9,44.3,84.9,63.9,54.0,81.0,86.9,75.0,70.0
Slovenia,2018,64.8,76.6,57.7,52.1,58.7,31.2,66.3,79.5,61.3,87.3,86.9,70.0,50.0
Solomon Islands,2018,57.5,49.4,57.3,36.8,65.5,35.6,99.8,68.9,72.4,84.0,74.7,15.0,30.0
Somalia,2018,N/A,33.1,25.4,17.8,N/A,N/A,N/A,N/A,N/A,N/A,N/A,N/A,N/A
South Africa,2018,63.0,67.7,65.9,45.4,62.5,68.1,74.6,65.1,60.1,74.6,71.6,50.0,50.0
South Korea,2018,73.8,79.4,63.7,49.9,73.3,68.8,97.0,90.7,58.7,83.9,80.4,70.0,70.0
Spain,2018,65.1,73.1,62.0,51.5,62.0,42.8,36.1,66.3,59.0,86.7,86.9,85.0,70.0
Sri Lanka,2018,57.8,46.5,52.0,30.7,84.9,89.3,24.9,76.2,60.1,74.0,74.5,40.0,40.0
Sudan,2018,49.4,27.8,21.4,21.2,85.9,95.3,87.2,52.3,58.8,62.2,56.1,5.0,20.0
Suriname,2018,48.1,39.7,21.4,39.9,71.4,76.4,11.7,48.3,73.5,50.5,74.8,40.0,30.0
Sweden,2018,76.3,92.6,88.2,92.9,43.9,23.2,96.1,89.3,53.7,83.8,86.9,85.0,80.0
Switzerland,2018,81.7,84.2,82.1,82.8,70.5,65.4,95.9,75.7,73.9,85.2,90.0,85.0,90.0
Syria,2018,N/A,36.7,22.1,23.1,N/A,N/A,13.8,61.8,59.2,44.2,56.6,0.0,N/A
Taiwan,2018,76.6,84.3,69.2,70.9,76.1,90.4,90.8,93.2,54.9,83.3,86.2,60.0,60.0
Tajikistan,2018,58.3,46.8,50.3,38.2,91.8,71.4,90.4,63.4,52.2,69.6,70.6,25.0,30.0
Tanzania,2018,59.9,38.0,34.7,31.8,79.8,89.8,79.0,50.0,63.9,70.3,76.9,55.0,50.0
"Thailand ",2018,67.1,48.6,45.3,34.7,81.3,85.5,96.4,77.2,62.6,75.5,83.1,55.0,60.0
The Bahamas,2018,63.3,46.5,53.5,50.9,96.5,82.9,59.0,68.3,64.6,79.2,52.7,45.0,60.0
The Gambia,2018,52.3,34.4,38.8,36.8,71.9,74.0,0.0,54.2,64.0,63.2,64.7,75.0,50.0
Timor-Leste,2018,48.1,29.9,13.8,32.0,97.4,30.9,20.0,66.9,62.7,78.4,80.0,45.0,20.0
Togo,2018,47.8,32.7,28.2,31.4,64.3,73.3,7.5,49.7,45.2,78.5,67.2,65.0,30.0
Tonga,2018,63.1,62.1,25.4,40.5,85.4,68.7,95.9,75.5,86.4,78.3,78.6,40.0,20.0
Trinidad and Tobago,2018,57.7,54.9,49.8,33.1,83.5,54.4,12.6,68.3,74.5,77.4,73.5,60.0,50.0
Tunisia,2018,58.9,49.4,41.7,36.8,73.0,75.5,61.6,81.4,52.9,77.2,82.1,45.0,30.0
Turkey,2018,65.4,54.7,54.5,42.0,74.7,68.1,93.6,63.3,47.6,72.3,78.6,75.0,60.0
Turkmenistan,2018,47.1,29.8,5.0,27.3,95.9,92.2,98.6,30.0,20.0,76.3,80.0,0.0,10.0
Uganda,2018,62.0,43.5,40.3,28.3,73.0,90.9,80.7,45.4,83.9,80.5,78.1,60.0,40.0
Ukraine,2018,51.9,41.0,29.5,29.0,80.2,45.0,75.9,62.7,52.8,60.1,81.1,35.0,30.0
United Arab Emirates,2018,77.6,76.3,83.4,77.3,98.4,70.9,99.0,79.9,81.1,80.2,84.3,40.0,60.0
United Kingdom,2018,78.0,92.2,93.8,79.0,65.2,44.4,53.5,91.1,74.4,85.2,86.9,90.0,80.0
United States,2018,75.7,79.3,76.9,71.9,65.1,56.5,54.8,82.7,91.4,78.6,86.7,85.0,80.0
"Uruguay ",2018,69.2,69.3,67.0,71.6,78.0,68.6,71.1,74.4,64.4,70.7,80.4,85.0,30.0
Uzbekistan,2018,51.5,48.7,35.3,24.2,91.0,65.5,99.7,66.9,52.0,61.9,62.5,0.0,10.0
Vanuatu,2018,69.5,67.9,47.1,75.4,97.0,78.5,98.0,55.2,59.5,75.7,75.0,65.0,40.0
"Venezuela ",2018,25.2,5.2,13.8,7.5,72.5,57.3,18.4,35.4,24.2,0.0,58.7,0.0,10.0
Vietnam,2018,53.1,46.4,36.3,30.4,79.7,74.0,27.3,63.2,60.4,75.4,78.7,25.0,40.0
Yemen,2018,N/A,17.9,16.6,21.2,N/A,80.9,5.4,52.7,52.1,66.6,N/A,50.0,N/A
Zambia,2018,54.3,46.0,40.6,36.3,72.1,80.2,14.4,69.8,43.5,65.4,78.3,55.0,50.0
Zimbabwe,2018,44.0,27.6,33.0,18.9,61.1,72.0,59.1,37.1,38.8,76.9,69.1,25.0,10.0
Afghanistan,2017,48.9,12.6,28.4,27.5,91.6,79.9,97.3,54.2,59.9,69.3,66.0,0.0,0.0
Albania,2017,64.4,54.0,28.5,39.7,86.9,72.5,51.5,79.3,50.7,81.4,87.7,70.0,70.0
Algeria,2017,46.5,38.2,29.6,31.7,81.1,51.0,19.8,62.1,49.5,67.0,63.3,35.0,30.0
Angola,2017,48.5,36.4,19.8,12.8,87.7,58.6,70.7,58.5,40.4,70.6,56.7,30.0,40.0
Argentina,2017,50.4,32.4,39.6,38.2,62.6,54.6,56.4,57.3,46.1,50.9,66.7,50.0,50.0
Armenia,2017,70.3,55.5,42.5,43.4,83.7,81.7,82.9,78.5,72.4,72.8,80.2,80.0,70.0
Australia,2017,81.0,81.7,92.9,74.8,63.2,59.0,84.6,89.3,84.1,86.4,86.2,80.0,90.0
Austria,2017,72.3,86.0,81.8,75.2,50.3,19.3,79.7,76.9,67.6,83.4,87.0,90.0,70.0
Azerbaijan,2017,63.6,50.5,33.0,37.6,87.7,57.5,97.4,71.5,75.0,73.6,74.4,55.0,50.0
Bahrain,2017,68.5,64.2,53.7,55.5,99.9,69.8,12.0,69.4,78.7,80.7,82.8,75.0,80.0
"Bangladesh ",2017,55.0,34.9,26.0,19.1,72.8,94.0,78.7,53.4,68.7,68.6,63.6,50.0,30.0
Barbados,2017,54.5,55.5,33.0,34.3,74.0,39.0,0.0,69.6,67.7,83.7,62.2,75.0,60.0
Belarus,2017,58.6,50.9,56.3,37.6,89.8,48.7,92.8,71.3,74.6,60.4,80.6,30.0,10.0
Belgium,2017,67.8,83.3,69.3,71.5,44.1,9.6,66.3,82.0,61.1,84.9,87.0,85.0,70.0
Belize,2017,58.6,43.5,48.7,35.0,81.3,68.6,60.5,62.7,53.6,79.6,70.1,50.0,50.0
Benin,2017,59.2,36.0,29.4,31.3,68.6,85.9,71.3,51.9,52.4,85.4,68.7,80.0,50.0
Bhutan,2017,58.4,60.1,50.7,44.7,83.1,73.6,61.7,72.6,77.6,67.1,60.0,20.0,30.0
Bolivia,2017,47.7,25.7,15.4,32.6,86.1,49.1,81.4,58.9,35.8,66.4,76.0,5.0,40.0
Bosnia and Herzegovina,2017,60.2,41.2,40.0,32.7,83.5,33.7,89.3,47.4,59.3,84.0,86.6,65.0,60.0
Botswana,2017,70.1,58.1,54.0,57.6,77.1,61.2,99.4,68.8,68.6,77.9,83.8,65.0,70.0
Brazil,2017,52.9,55.0,49.7,33.4,70.1,53.1,22.8,61.3,52.3,67.0,69.4,50.0,50.0
Brunei Darussalam,2017,69.8,62.5,39.9,40.9,85.6,61.2,100.0,76.6,90.4,76.1,89.1,65.0,50.0
Bulgaria,2017,67.9,62.5,38.9,41.8,91.0,58.4,86.4,66.7,68.3,83.3,87.0,70.0,60.0
Burkina Faso,2017,59.6,38.2,28.4,31.7,82.6,82.5,88.4,46.4,53.3,84.6,69.2,70.0,40.0
Burma,2017,52.5,23.0,12.9,29.6,86.2,81.5,89.9,50.1,77.1,65.4,74.2,20.0,20.0
Burundi,2017,53.2,25.7,19.8,24.6,73.8,69.5,69.6,53.5,67.4,75.2,74.2,55.0,30.0
Cabo Verde,2017,56.9,42.6,50.2,41.8,78.3,70.7,1.2,65.5,43.2,86.7,68.2,75.0,60.0
Cambodia,2017,59.5,42.4,22.1,12.8,90.2,88.1,95.7,29.6,62.0,81.0,80.3,60.0,50.0
Cameroon,2017,51.8,43.5,29.6,17.4,75.4,84.4,60.9,44.3,47.8,80.1,53.4,35.0,50.0
Canada,2017,78.5,88.3,80.8,81.6,77.4,52.3,80.3,81.9,73.1,77.8,88.4,80.0,80.0
Central African Republic,2017,51.8,12.6,33.0,28.7,65.8,94.1,84.1,27.2,42.7,68.2,55.2,80.0,30.0
Chad,2017,49.0,30.6,24.1,24.6,46.0,87.2,74.6,27.5,44.9,74.3,54.7,60.0,40.0
Chile,2017,76.5,68.2,63.7,70.5,77.6,82.2,96.1,72.3,64.3,82.2,86.4,85.0,70.0
China,2017,57.4,48.3,60.7,41.6,70.0,73.0,92.5,53.9,63.4,71.8,73.6,20.0,20.0
Colombia,2017,69.7,63.8,25.2,39.6,80.1,74.2,89.8,77.1,77.9,77.0,81.6,80.0,70.0
Comoros,2017,55.8,37.3,22.6,30.0,64.6,81.2,98.6,58.5,50.6,81.5,70.2,45.0,30.0
"Costa Rica ",2017,65.0,51.6,55.6,55.4,79.4,88.5,42.4,68.1,53.9,80.8,84.7,70.0,50.0
"Côte d'Ivoire ",2017,63.0,42.6,45.8,34.3,78.4,84.6,87.0,62.1,50.6,73.2,72.3,75.0,50.0
Croatia,2017,59.4,65.5,56.8,43.4,66.8,31.3,44.7,58.2,43.3,80.3,87.4,75.0,60.0
Cuba,2017,33.9,32.4,10.0,41.8,51.3,0.0,81.2,20.0,20.0,66.0,64.5,10.0,10.0
Cyprus,2017,67.9,75.4,60.7,53.6,73.0,48.8,72.9,75.8,58.6,83.3,87.0,75.0,50.0
Czech Republic,2017,73.3,70.3,55.9,55.9,82.9,45.3,92.0,67.2,77.7,85.8,87.0,80.0,80.0
Democratic Republic of Congo,2017,56.4,40.6,48.7,28.6,73.4,94.7,99.3,59.9,38.4,78.6,64.6,30.0,20.0
Denmark,2017,75.1,86.7,68.5,84.9,37.2,5.7,95.4,93.9,85.8,85.5,87.0,90.0,80.0
Djibouti,2017,46.7,12.3,10.3,32.6,80.9,39.5,13.8,51.6,59.0,75.3,54.9,80.0,50.0
Dominica,2017,63.7,43.8,67.7,40.9,73.2,67.5,72.6,72.1,59.0,89.5,72.6,75.0,30.0
Dominican Republic,2017,62.9,56.1,25.3,30.9,84.6,90.2,90.1,52.8,56.2,76.7,77.0,75.0,40.0
Ecuador,2017,49.3,38.7,22.3,33.9,79.1,46.1,56.4,55.4,47.3,67.7,69.7,35.0,40.0
Egypt,2017,52.6,35.4,56.3,32.7,86.1,63.0,4.6,66.8,51.3,69.6,70.2,55.0,40.0
"El Salvador ",2017,64.1,45.3,35.4,31.7,79.0,85.9,74.7,57.3,54.5,79.2,86.5,80.0,60.0
Equatorial Guinea,2017,45.0,35.4,13.1,24.6,75.4,53.6,46.4,50.9,38.5,78.3,53.8,40.0,30.0
Eritrea,2017,42.2,36.4,10.3,27.5,81.3,74.7,0.0,56.7,69.7,61.0,69.2,0.0,20.0
Estonia,2017,79.1,82.6,82.8,69.9,81.2,55.8,99.8,77.0,56.9,85.7,87.0,90.0,80.0
Eswatini,2017,61.1,53.5,33.3,30.9,74.8,71.6,93.2,57.5,64.4,75.6,88.9,50.0,40.0
Ethiopia,2017,52.7,32.6,29.6,37.6,77.1,90.3,86.5,50.0,57.2,65.7,65.1,20.0,20.0
Fiji,2017,63.4,67.7,41.9,32.7,80.7,72.5,84.1,61.3,70.5,75.5,68.8,55.0,50.0
Finland,2017,74.0,90.6,82.7,90.0,66.6,0.0,77.3,90.2,53.4,85.1,87.0,85.0,80.0
France,2017,63.3,85.0,72.7,69.7,47.6,2.0,57.0,78.0,44.1,81.6,82.0,70.0,70.0
Gabon,2017,58.6,35.9,26.7,37.6,77.0,81.0,96.1,50.6,58.4,83.0,61.8,55.0,40.0
Georgia,2017,76.0,55.1,66.5,65.0,87.3,74.4,93.5,87.2,75.9,78.2,88.6,80.0,60.0
Germany,2017,73.8,82.9,79.5,77.7,61.9,41.4,89.9,86.6,42.8,85.9,87.0,80.0,70.0
Ghana,2017,56.2,51.6,40.9,35.5,84.5,76.3,9.2,59.6,57.4,64.5,65.1,70.0,60.0
Greece,2017,55.0,52.5,56.1,41.3,61.1,5.4,58.1,74.3,51.0,78.2,82.0,60.0,40.0
"Guatemala ",2017,63.0,45.0,27.8,27.5,79.2,94.8,93.5,58.7,48.2,79.4,87.0,65.0,50.0
Guinea,2017,47.6,15.6,13.1,27.5,69.1,78.4,34.2,55.8,54.8,71.1,61.2,50.0,40.0
Guinea-Bissau,2017,56.1,33.8,48.7,28.7,89.0,87.5,75.3,46.7,60.9,77.7,65.2,30.0,30.0
Guyana,2017,58.5,37.7,34.1,33.9,68.0,72.8,80.9,63.2,70.9,79.8,70.7,60.0,30.0
Haiti,2017,49.6,12.6,25.1,19.1,80.3,81.0,51.8,49.4,62.1,73.8,70.6,40.0,30.0
"Honduras ",2017,58.8,45.0,38.2,32.2,83.3,74.7,64.1,56.9,31.2,77.3,78.4,65.0,60.0
Hong Kong,2017,89.8,93.7,84.0,80.3,93.0,90.0,100.0,94.6,89.1,83.2,90.0,90.0,90.0
"Hungary ",2017,65.8,60.1,51.8,41.5,79.3,25.3,79.3,64.0,64.4,91.7,87.0,75.0,70.0
Iceland,2017,74.4,85.0,71.5,71.5,70.9,41.1,90.6,90.2,62.6,81.2,88.0,80.0,60.0
India,2017,52.6,55.4,44.4,44.3,77.2,77.4,11.0,52.8,41.6,75.0,72.6,40.0,40.0
Indonesia,2017,61.9,48.3,39.3,44.7,83.6,89.9,90.1,49.1,48.9,74.0,80.5,35.0,60.0
Iran,2017,50.5,32.4,36.0,29.6,81.1,92.7,94.9,64.8,54.5,55.5,54.5,0.0,10.0
Iraq,2017,N/A,37.3,15.9,19.1,N/A,36.1,11.3,61.2,68.0,76.9,N/A,N/A,N/A
Ireland,2017,76.7,85.8,78.3,78.3,72.7,57.1,60.3,80.3,73.6,87.6,87.0,90.0,70.0
Israel,2017,69.7,71.9,82.0,47.6,61.0,50.5,71.8,69.9,64.3,84.9,88.0,75.0,70.0
Italy,2017,62.5,74.6,55.4,44.7,54.9,22.3,66.9,69.8,52.9,86.9,87.0,85.0,50.0
"Jamaica ",2017,69.5,58.0,61.5,38.2,81.0,77.5,79.9,78.9,73.7,79.5,75.3,80.0,50.0
Japan,2017,69.6,89.4,73.8,86.1,68.5,52.3,9.5,82.3,77.5,83.0,82.6,70.0,60.0
Jordan,2017,66.7,60.1,49.5,49.8,91.3,73.3,55.5,63.9,58.1,86.7,82.0,70.0,60.0
Kazakhstan,2017,69.0,56.1,56.5,38.0,93.3,85.7,98.9,74.5,82.5,73.9,78.5,40.0,50.0
Kenya,2017,53.5,45.1,42.7,24.7,78.5,77.9,14.4,50.0,62.4,73.8,67.2,55.0,50.0
Kiribati,2017,50.9,48.0,33.0,37.6,73.6,0.0,99.5,51.5,71.9,82.0,58.2,25.0,30.0
Kosovo,2017,67.9,70.3,58.0,45.9,93.5,77.8,88.9,68.8,65.3,80.0,70.8,65.0,30.0
Kuwait,2017,65.1,55.5,56.4,41.3,97.7,40.8,99.8,61.2,61.5,73.6,78.7,55.0,60.0
"Kyrgyz Republic ",2017,61.1,50.9,17.2,30.3,93.7,55.2,78.9,73.7,79.8,68.5,75.3,60.0,50.0
Laos,2017,54.0,35.3,35.9,32.6,86.1,76.6,61.2,66.3,54.4,70.2,74.6,35.0,20.0
Latvia,2017,74.8,72.6,59.7,67.3,84.7,57.4,95.0,79.8,72.0,86.5,87.0,75.0,60.0
Lebanon,2017,53.3,43.8,25.3,23.3,91.8,76.1,0.0,51.5,49.5,78.4,84.4,65.0,50.0
Lesotho,2017,53.9,51.6,50.9,39.6,55.7,0.0,92.2,52.2,57.7,76.4,80.2,50.0,40.0
Liberia,2017,49.1,33.6,41.0,31.4,83.6,60.1,36.2,53.1,48.5,71.8,60.1,50.0,20.0
Libya,2017,N/A,6.8,22.6,26.7,95.0,0.0,11.4,65.0,52.5,69.2,80.0,N/A,N/A
Liechtenstein,2017,N/A,N/A,N/A,N/A,N/A,N/A,N/A,92.3,85.7,N/A,90.0,85.0,80.0
Lithuania,2017,75.8,73.0,62.4,69.7,86.9,64.1,93.6,79.1,63.6,90.0,87.0,70.0,70.0
Luxembourg,2017,75.9,85.8,77.0,78.3,64.5,46.0,99.0,68.6,43.8,86.2,87.0,95.0,80.0
Macau,2017,70.7,60.0,60.0,37.1,72.3,92.8,100.0,60.0,50.0,70.8,90.0,85.0,70.0
Madagascar,2017,57.4,34.8,21.4,25.0,91.0,93.2,79.8,43.3,43.8,73.3,78.0,55.0,50.0
Malawi,2017,52.2,36.0,44.2,31.3,79.1,69.8,33.5,45.3,56.9,54.7,70.5,55.0,50.0
"Malaysia ",2017,73.8,85.3,67.3,51.8,85.3,78.7,76.5,90.8,73.1,85.3,81.2,60.0,50.0
Maldives,2017,50.3,45.1,33.0,31.4,93.0,51.5,9.4,80.6,70.4,76.3,47.8,35.0,30.0
Mali,2017,58.6,36.7,33.8,34.3,69.4,88.0,87.8,44.2,51.1,83.0,70.1,65.0,40.0
Malta,2017,67.7,67.7,62.9,53.6,62.8,44.9,85.1,62.5,57.2,83.5,87.0,85.0,60.0
Mauritania,2017,54.4,22.5,13.8,29.2,81.2,73.2,77.1,64.4,57.4,81.9,62.3,50.0,40.0
Mauritius,2017,74.7,64.4,72.6,44.3,92.0,81.5,74.9,78.2,68.8,81.1,88.7,80.0,70.0
Mexico,2017,63.6,58.1,38.7,30.0,74.9,76.7,66.8,70.7,57.9,78.8,80.0,70.0,60.0
Micronesia,2017,54.1,30.0,30.0,40.7,90.7,0.0,98.6,57.8,67.7,83.6,85.6,35.0,30.0
Moldova,2017,58.0,49.6,23.9,28.6,86.1,54.8,90.6,65.9,38.9,72.0,80.0,55.0,50.0
Mongolia,2017,54.8,51.3,28.4,36.8,87.1,57.6,0.0,67.2,76.6,72.3,74.9,45.0,60.0
Montenegro,2017,62.0,58.0,50.4,43.4,83.1,33.1,44.3,72.0,67.4,82.5,84.7,75.0,50.0
Morocco,2017,61.5,55.0,41.9,37.1,71.7,69.4,55.0,67.7,33.8,82.7,84.0,70.0,70.0
"Mozambique ",2017,49.9,40.6,32.4,30.9,73.2,58.2,22.7,58.8,41.0,79.9,76.7,35.0,50.0
Namibia,2017,62.5,53.8,50.6,41.3,65.2,55.6,66.4,67.6,84.4,77.2,83.5,65.0,40.0
Nepal,2017,55.1,37.3,32.0,26.7,84.9,89.5,98.4,64.6,47.6,72.2,68.1,10.0,30.0
Netherlands,2017,75.8,87.4,69.9,85.7,53.2,37.0,83.0,80.2,70.5,85.8,87.0,90.0,80.0
New Zealand,2017,83.7,96.1,88.5,89.9,70.8,46.5,97.8,91.8,86.2,90.1,87.4,80.0,80.0
"Nicaragua ",2017,59.2,31.1,15.9,27.4,77.2,80.8,96.1,59.0,55.6,71.2,81.0,65.0,50.0
Niger,2017,50.8,33.8,22.6,35.0,76.3,73.4,38.5,39.1,46.1,83.3,66.4,55.0,40.0
Nigeria,2017,57.1,35.3,33.2,12.2,85.2,95.2,87.2,48.9,73.9,71.3,62.3,40.0,40.0
North Korea,2017,4.9,32.4,5.0,11.6,0.0,0.0,0.0,5.0,5.0,0.0,0.0,0.0,0.0
North Macedonia,2017,70.7,67.0,61.4,52.0,91.9,68.9,72.6,81.5,66.7,80.8,86.1,60.0,60.0
Norway,2017,74.0,86.7,83.3,88.3,55.6,38.5,98.4,89.5,48.8,75.8,87.7,75.0,60.0
Oman,2017,62.1,60.8,52.3,47.6,98.5,20.5,36.3,68.4,70.3,80.6,85.2,65.0,60.0
"Pakistan ",2017,52.8,36.4,34.1,30.5,78.9,87.3,30.8,61.2,37.8,74.8,67.2,55.0,40.0
"Panama ",2017,66.3,61.1,21.5,40.9,85.2,83.1,84.9,74.4,43.0,78.4,77.8,75.0,70.0
Papua New Guinea,2017,50.9,37.7,54.0,32.7,67.8,64.5,16.7,59.8,67.4,69.8,85.4,25.0,30.0
"Paraguay ",2017,62.4,38.2,23.3,32.6,96.2,83.0,95.1,62.4,28.5,78.3,76.6,75.0,60.0
Peru,2017,68.9,58.3,28.2,38.8,80.3,85.1,98.4,69.4,62.8,83.3,87.1,75.0,60.0
Philippines,2017,65.6,49.2,37.1,38.7,78.9,89.4,97.2,62.6,57.2,80.6,76.4,60.0,60.0
Poland,2017,68.3,60.8,58.0,55.5,76.0,46.9,76.1,67.8,61.5,84.7,87.0,75.0,70.0
Portugal,2017,62.6,73.3,68.9,59.0,59.8,25.1,32.1,86.4,43.4,85.9,87.0,70.0,60.0
Qatar,2017,73.1,74.8,63.0,59.0,99.6,71.2,97.4,68.1,65.4,80.6,83.1,55.0,60.0
"Republic of Congo ",2017,40.0,34.8,22.6,30.5,66.8,36.2,11.6,32.1,37.5,76.1,52.2,50.0,30.0
Romania,2017,69.7,63.9,58.5,45.9,87.4,65.3,90.9,65.9,62.5,83.6,87.0,75.0,50.0
Russia,2017,57.1,47.6,44.5,38.2,81.8,61.5,93.4,74.8,50.8,57.3,75.2,30.0,30.0
Rwanda,2017,67.6,64.4,68.8,45.9,79.8,77.3,83.3,59.0,81.8,80.0,70.3,60.0,40.0
Saint Lucia,2017,65.0,65.5,68.8,39.6,76.4,71.6,53.8,77.2,68.7,82.3,71.6,65.0,40.0
Saint Vincent and the Grenadines,2017,65.2,37.3,68.8,47.6,72.8,71.7,66.7,80.3,74.5,82.9,65.2,75.0,40.0
Samoa,2017,58.4,51.3,22.6,37.1,80.4,51.9,66.6,77.0,73.3,84.5,70.7,55.0,30.0
"São Tomé and Príncipe ",2017,55.4,37.7,15.9,39.7,87.8,67.9,67.1,65.0,47.2,69.6,71.8,65.0,30.0
Saudi Arabia,2017,64.4,62.0,65.0,45.9,99.7,54.5,65.7,73.8,68.5,70.1,78.2,40.0,50.0
Senegal,2017,55.9,44.0,39.3,42.1,70.9,74.3,51.8,50.8,38.9,86.0,73.1,60.0,40.0
"Serbia ",2017,58.9,50.3,40.2,38.2,83.3,40.3,46.9,62.9,65.9,80.8,77.8,70.0,50.0
Seychelles,2017,61.8,55.2,42.6,44.3,78.8,63.9,90.7,63.4,55.9,78.3,83.4,55.0,30.0
Sierra Leone,2017,52.6,37.4,27.0,18.9,81.3,90.2,76.2,49.6,29.7,71.1,69.4,60.0,20.0
Singapore,2017,88.6,97.1,91.5,87.9,90.5,90.1,80.7,95.1,90.8,84.3,90.0,85.0,80.0
Slovakia,2017,65.7,69.0,38.0,39.6,79.7,47.2,82.9,64.9,54.4,81.1,87.0,75.0,70.0
Slovenia,2017,59.2,75.0,55.1,53.6,58.7,28.6,6.1,80.6,60.2,85.3,87.0,70.0,50.0
Solomon Islands,2017,55.0,39.3,41.9,33.9,62.8,34.4,99.8,68.5,70.5,81.0,83.0,15.0,30.0
Somalia,2017,N/A,6.8,N/A,11.6,100.0,N/A,0.0,92.3,91.8,N/A,N/A,N/A,N/A
South Africa,2017,62.3,67.6,59.7,47.6,70.2,68.4,70.0,62.0,58.9,75.8,77.3,40.0,50.0
South Korea,2017,74.3,77.8,59.9,67.3,73.7,68.9,97.4,90.6,57.0,84.0,79.5,65.0,70.0
Spain,2017,63.6,71.2,53.9,57.2,62.5,41.4,26.9,66.9,55.3,85.5,87.0,85.0,70.0
Sri Lanka,2017,57.4,48.0,48.3,30.0,85.3,90.2,31.2,72.8,57.5,76.0,74.5,35.0,40.0
Sudan,2017,48.8,31.1,19.8,18.9,86.5,95.1,85.5,53.9,49.7,59.3,50.5,15.0,20.0
Suriname,2017,48.0,45.1,15.4,31.7,70.1,69.6,16.2,48.6,76.1,75.1,68.4,30.0,30.0
Sweden,2017,74.9,88.6,82.2,87.4,44.4,21.7,93.4,90.8,53.2,85.3,87.0,85.0,80.0
Switzerland,2017,81.5,86.9,77.6,80.3,70.9,67.5,95.8,76.8,72.2,84.4,90.0,85.0,90.0
Syria,2017,N/A,37.3,22.6,30.0,N/A,N/A,0.0,66.4,55.7,N/A,56.6,N/A,N/A
Taiwan,2017,76.5,86.5,67.7,70.5,75.3,89.5,83.7,93.4,55.0,85.2,86.2,65.0,60.0
Tajikistan,2017,58.2,45.5,45.6,32.7,90.9,74.1,95.8,65.6,49.2,69.8,73.9,25.0,30.0
Tanzania,2017,58.6,33.8,28.8,29.2,80.3,89.5,76.6,50.1,64.3,69.6,76.0,55.0,50.0
"Thailand ",2017,66.2,51.3,41.7,40.7,81.0,85.3,96.3,69.9,62.8,72.9,82.8,50.0,60.0
The Bahamas,2017,61.1,45.3,48.7,38.2,97.1,83.8,42.3,68.5,71.5,77.0,50.6,50.0,60.0
The Gambia,2017,53.4,39.1,38.8,38.2,74.9,74.3,3.2,52.8,65.6,63.8,65.0,75.0,50.0
Timor-Leste,2017,46.3,6.8,10.3,29.2,64.7,65.6,20.0,72.2,63.9,77.5,80.0,45.0,20.0
Togo,2017,53.2,33.8,39.9,36.8,68.2,79.8,45.1,50.3,46.2,77.5,71.3,60.0,30.0
Tonga,2017,63.0,65.5,19.8,47.6,86.9,74.4,79.6,76.1,86.0,80.6,79.7,40.0,20.0
Trinidad and Tobago,2017,61.2,54.7,48.7,36.8,81.4,57.7,51.8,67.7,71.4,75.9,78.6,60.0,50.0
Tunisia,2017,55.7,49.6,39.9,37.3,73.7,73.4,53.4,80.6,56.1,75.9,63.8,35.0,30.0
Turkey,2017,65.2,61.3,52.5,40.7,75.5,57.7,95.7,64.3,48.5,72.2,79.4,75.0,60.0
Turkmenistan,2017,47.4,32.4,5.0,29.6,95.3,92.3,98.9,30.0,20.0,74.8,80.0,0.0,10.0
Uganda,2017,60.9,39.3,34.6,28.7,73.7,91.0,78.1,42.4,84.6,80.3,78.3,60.0,40.0
Ukraine,2017,48.1,41.4,22.6,29.2,78.6,38.2,67.9,62.1,48.8,47.4,85.9,25.0,30.0
United Arab Emirates,2017,76.9,76.7,85.0,74.2,96.4,67.4,99.2,81.1,80.9,78.4,83.5,40.0,60.0
United Kingdom,2017,76.4,93.8,93.0,78.3,65.1,41.9,40.4,89.9,72.8,85.0,87.0,90.0,80.0
United States,2017,75.1,81.3,75.1,78.1,65.3,55.9,53.3,84.4,91.0,80.1,87.1,80.0,70.0
"Uruguay ",2017,69.7,70.2,66.8,70.3,77.5,69.4,77.2,74.8,62.9,71.3,80.6,85.0,30.0
Uzbekistan,2017,52.3,48.0,41.9,27.5,90.7,66.2,99.8,64.8,50.4,61.1,66.8,0.0,10.0
Vanuatu,2017,67.4,65.5,33.0,70.5,97.0,80.4,99.1,51.4,58.1,74.8,73.9,65.0,40.0
"Venezuela ",2017,27.0,6.8,10.3,11.6,72.5,51.5,15.2,39.7,28.5,16.8,60.7,0.0,10.0
Vietnam,2017,52.4,49.7,32.0,24.6,79.6,74.6,21.1,61.2,62.2,76.0,83.1,25.0,40.0
Yemen,2017,N/A,37.3,22.6,17.4,N/A,77.2,10.6,51.4,54.2,59.7,N/A,N/A,N/A
Zambia,2017,55.8,49.6,39.8,35.0,73.1,81.6,21.6,66.6,48.2,70.7,78.3,55.0,50.0
Zimbabwe,2017,44.0,27.3,26.1,14.7,61.1,75.2,90.6,36.2,33.1,76.5,52.8,25.0,10.0
Afghanistan,2016,N/A,N/A,N/A,12.0,91.6,81.2,N/A,56.6,63.2,N/A,N/A,55.0,N/A
Albania,2016,65.9,35.0,N/A,33.0,87.8,75.0,N/A,67.6,51.5,81.7,87.6,70.0,70.0
Algeria,2016,50.1,25.0,N/A,36.0,81.0,59.4,N/A,62.1,48.2,68.1,60.8,30.0,30.0
Angola,2016,48.9,15.0,N/A,19.0,87.8,50.1,N/A,50.3,44.8,72.2,70.2,40.0,40.0
Argentina,2016,43.8,15.0,N/A,34.0,66.1,51.3,N/A,56.0,43.9,44.0,67.4,30.0,30.0
Armenia,2016,67.0,20.0,N/A,37.0,83.8,80.7,N/A,77.5,62.2,72.8,85.6,80.0,70.0
Australia,2016,80.3,90.0,N/A,80.0,63.2,62.0,N/A,89.4,77.2,85.2,86.4,80.0,90.0
Austria,2016,71.7,90.0,N/A,72.0,50.7,22.4,N/A,79.4,72.5,81.7,88.0,90.0,70.0
Azerbaijan,2016,60.2,20.0,N/A,29.0,88.0,56.7,N/A,70.3,75.2,77.0,75.8,60.0,50.0
Bahrain,2016,74.3,60.0,N/A,49.0,99.9,75.4,N/A,71.9,79.1,74.6,82.6,70.0,80.0
"Bangladesh ",2016,53.3,20.0,N/A,25.0,72.7,93.6,N/A,52.6,62.5,68.2,63.6,45.0,30.0
Barbados,2016,68.3,80.0,N/A,74.0,75.8,37.6,N/A,70.2,67.3,80.8,62.2,75.0,60.0
Belarus,2016,48.8,20.0,N/A,31.0,88.6,44.8,N/A,69.0,74.9,50.4,79.0,20.0,10.0
Belgium,2016,68.4,80.0,N/A,76.0,44.2,11.0,N/A,85.4,60.5,84.0,88.0,85.0,70.0
Belize,2016,57.4,35.0,N/A,6.7,82.1,71.9,N/A,63.3,60.3,79.2,70.0,55.0,50.0
Benin,2016,59.3,30.0,N/A,39.0,68.1,84.9,N/A,51.3,53.8,82.2,58.8,75.0,50.0
Bhutan,2016,59.5,60.0,N/A,65.0,83.1,67.5,N/A,65.2,77.6,66.9,60.0,20.0,30.0
Bolivia,2016,47.4,10.0,N/A,35.0,86.4,55.5,N/A,58.8,31.7,65.0,76.6,15.0,40.0
Bosnia and Herzegovina,2016,58.6,20.0,N/A,39.0,83.9,33.1,N/A,54.6,59.4,84.3,87.0,65.0,60.0
Botswana,2016,71.1,70.0,N/A,63.0,79.1,68.4,N/A,66.4,68.5,76.3,84.0,65.0,70.0
Brazil,2016,56.5,45.0,N/A,43.0,69.7,55.2,N/A,61.4,52.5,64.2,69.4,55.0,50.0
Brunei Darussalam,2016,67.3,30.0,N/A,60.0,87.0,57.3,N/A,71.3,90.2,76.8,85.2,65.0,50.0
Bulgaria,2016,65.9,30.0,N/A,43.0,91.1,60.4,N/A,66.9,71.6,82.6,88.0,65.0,60.0
Burkina Faso,2016,59.1,30.0,N/A,38.0,82.8,76.8,N/A,46.3,58.9,84.9,68.2,65.0,40.0
Burma,2016,48.7,10.0,N/A,21.0,86.6,75.3,N/A,32.6,76.8,70.0,74.2,20.0,20.0
Burundi,2016,53.9,20.0,N/A,20.0,73.8,70.5,N/A,54.2,67.6,73.8,74.2,55.0,30.0
Cabo Verde,2016,66.5,75.0,N/A,57.0,78.1,66.9,N/A,61.3,43.6,84.5,68.2,70.0,60.0
Cambodia,2016,57.9,25.0,N/A,21.0,90.5,87.4,N/A,32.3,62.5,78.1,72.2,60.0,50.0
Cameroon,2016,54.2,25.0,N/A,27.0,75.6,85.6,N/A,46.9,48.9,81.2,61.6,40.0,50.0
Canada,2016,78.0,90.0,N/A,81.0,80.0,50.4,N/A,81.8,72.6,76.9,87.0,80.0,80.0
Central African Republic,2016,45.2,10.0,N/A,24.0,65.7,93.6,N/A,28.0,40.9,62.9,52.2,45.0,30.0
Chad,2016,46.3,20.0,N/A,22.0,46.0,84.3,N/A,30.9,48.9,71.4,49.8,50.0,40.0
Chile,2016,77.7,85.0,N/A,73.0,74.8,83.1,N/A,72.1,64.3,82.9,86.4,85.0,70.0
China,2016,52.0,20.0,N/A,36.0,69.7,74.3,N/A,54.2,62.0,70.6,72.8,30.0,30.0
Colombia,2016,70.8,50.0,N/A,37.0,80.1,74.4,N/A,78.2,77.6,79.6,81.0,80.0,70.0
Comoros,2016,52.4,30.0,N/A,26.0,64.5,81.0,N/A,49.6,51.0,79.4,72.0,40.0,30.0
"Costa Rica ",2016,67.4,50.0,N/A,54.0,79.4,88.7,N/A,68.6,53.8,77.6,81.6,70.0,50.0
"Côte d'Ivoire ",2016,60.0,30.0,N/A,32.0,78.3,85.4,N/A,62.2,46.9,73.5,71.8,70.0,50.0
Croatia,2016,59.1,35.0,N/A,48.0,70.8,33.7,N/A,60.3,42.4,78.7,87.4,75.0,60.0
Cuba,2016,29.8,10.0,N/A,46.0,52.1,0.0,N/A,20.0,20.0,65.2,64.6,10.0,10.0
Cyprus,2016,68.7,70.0,N/A,63.0,76.1,47.3,N/A,74.5,58.2,85.3,88.0,75.0,50.0
Czech Republic,2016,73.2,75.0,N/A,51.0,82.5,47.3,N/A,66.6,77.7,84.1,88.0,80.0,80.0
Democratic Republic of Congo,2016,46.4,10.0,N/A,22.0,73.3,95.2,N/A,42.8,41.0,78.5,61.0,20.0,20.0
Denmark,2016,75.3,95.0,N/A,92.0,39.5,2.3,N/A,95.4,86.0,84.4,88.0,90.0,80.0
Djibouti,2016,56.0,25.0,N/A,34.0,80.6,57.4,N/A,50.8,62.9,74.3,54.6,70.0,50.0
Dominica,2016,67.0,60.0,N/A,58.0,74.0,68.5,N/A,73.3,68.7,90.1,72.6,75.0,30.0
Dominican Republic,2016,61.0,25.0,N/A,32.0,84.5,90.2,N/A,56.6,56.5,73.1,77.2,75.0,40.0
Ecuador,2016,48.6,15.0,N/A,33.0,79.2,41.8,N/A,55.5,51.6,68.1,71.4,30.0,40.0
Egypt,2016,56.0,20.0,N/A,37.0,85.6,65.9,N/A,68.3,51.4,65.8,70.6,55.0,40.0
"El Salvador ",2016,65.1,35.0,N/A,39.0,79.1,85.3,N/A,56.0,52.6,83.4,85.8,75.0,60.0
Equatorial Guinea,2016,43.7,10.0,N/A,19.0,75.4,45.6,N/A,45.6,38.4,78.9,53.8,40.0,30.0
Eritrea,2016,42.7,10.0,N/A,18.0,80.9,73.4,N/A,32.1,65.6,57.8,69.2,0.0,20.0
Estonia,2016,77.2,90.0,N/A,69.0,81.9,54.9,N/A,79.0,57.2,82.2,88.0,90.0,80.0
Eswatini,2016,59.7,40.0,N/A,43.0,70.9,64.9,N/A,58.6,65.8,74.5,88.8,50.0,40.0
Ethiopia,2016,51.5,30.0,N/A,33.0,77.2,90.5,N/A,55.8,57.7,66.0,65.0,20.0,20.0
Fiji,2016,58.8,30.0,N/A,22.3,81.2,75.3,N/A,62.0,70.6,77.6,68.8,50.0,50.0
Finland,2016,72.6,90.0,N/A,89.0,66.5,0.8,N/A,90.7,53.7,81.9,88.0,85.0,80.0
France,2016,62.3,80.0,N/A,69.0,47.7,2.5,N/A,78.4,43.5,79.1,83.0,70.0,70.0
Gabon,2016,59.0,40.0,N/A,37.0,77.6,74.5,N/A,58.4,61.9,78.4,61.8,60.0,40.0
Georgia,2016,72.6,40.0,N/A,52.0,87.6,75.3,N/A,86.5,75.7,80.5,88.6,80.0,60.0
Germany,2016,74.4,90.0,N/A,79.0,61.5,41.3,N/A,90.0,50.6,83.3,88.0,90.0,70.0
Ghana,2016,63.0,50.0,N/A,48.0,84.9,77.6,N/A,61.5,56.5,66.5,65.0,60.0,60.0
Greece,2016,53.2,40.0,N/A,43.0,64.4,0.0,N/A,73.8,50.2,77.7,83.0,60.0,40.0
"Guatemala ",2016,61.8,20.0,N/A,32.0,79.1,94.3,N/A,62.5,50.9,77.9,86.4,65.0,50.0
Guinea,2016,53.3,20.0,N/A,25.0,68.5,81.2,N/A,51.4,71.8,69.2,61.2,45.0,40.0
Guinea-Bissau,2016,51.8,20.0,N/A,19.0,89.3,94.1,N/A,36.7,61.1,78.5,59.4,30.0,30.0
Guyana,2016,55.4,30.0,N/A,30.0,68.7,73.1,N/A,63.0,70.7,77.4,70.8,40.0,30.0
Haiti,2016,51.3,10.0,N/A,19.0,80.5,76.4,N/A,47.1,62.0,76.0,72.0,40.0,30.0
"Honduras ",2016,57.7,30.0,N/A,29.0,84.2,72.0,N/A,58.0,31.0,74.8,78.4,60.0,60.0
Hong Kong,2016,88.6,90.0,N/A,74.0,92.6,90.7,N/A,97.4,89.0,81.8,90.0,90.0,90.0
"Hungary ",2016,66.0,45.0,N/A,54.0,78.7,26.7,N/A,70.6,63.8,88.3,88.0,75.0,70.0
Iceland,2016,73.3,90.0,N/A,79.0,73.3,42.1,N/A,90.1,61.6,79.5,87.8,70.0,60.0
India,2016,56.2,55.0,N/A,38.0,77.1,78.1,N/A,47.6,47.8,72.8,71.0,35.0,40.0
Indonesia,2016,59.4,30.0,N/A,34.0,83.4,89.0,N/A,54.0,49.3,74.3,80.4,40.0,60.0
Iran,2016,43.5,10.0,N/A,27.0,81.2,93.2,N/A,59.3,49.0,50.6,54.6,0.0,10.0
Iraq,2016,N/A,N/A,N/A,16.0,N/A,29.7,N/A,63.2,68.5,75.0,N/A,N/A,N/A
Ireland,2016,77.3,90.0,N/A,74.0,73.6,50.3,N/A,79.6,72.1,85.5,88.0,90.0,70.0
Israel,2016,70.7,75.0,N/A,60.0,60.6,48.8,N/A,70.6,64.6,84.2,88.2,85.0,70.0
Italy,2016,61.2,50.0,N/A,43.0,55.8,22.1,N/A,70.3,53.0,84.5,88.0,85.0,60.0
"Jamaica ",2016,67.5,40.0,N/A,38.0,81.7,78.0,N/A,81.3,72.7,77.5,75.4,80.0,50.0
Japan,2016,73.1,80.0,N/A,76.0,68.5,46.2,N/A,82.5,83.9,81.2,82.6,70.0,60.0
Jordan,2016,68.3,60.0,N/A,49.0,91.7,62.0,N/A,64.9,68.4,83.1,73.4,70.0,60.0
Kazakhstan,2016,63.6,30.0,N/A,29.0,93.0,87.7,N/A,72.3,82.7,74.0,77.4,40.0,50.0
Kenya,2016,57.5,30.0,N/A,25.0,79.4,80.8,N/A,48.6,62.2,73.5,65.6,60.0,50.0
Kiribati,2016,46.2,30.0,N/A,29.2,73.3,0.0,N/A,51.6,83.9,81.0,58.2,25.0,30.0
Kosovo,2016,61.4,30.0,N/A,33.0,93.6,76.8,N/A,69.3,66.3,78.9,70.8,65.0,30.0
Kuwait,2016,62.7,45.0,N/A,44.0,97.7,57.7,N/A,63.4,62.7,74.2,77.2,55.0,50.0
"Kyrgyz Republic ",2016,59.6,20.0,N/A,27.0,93.7,56.3,N/A,65.3,80.4,68.4,75.0,60.0,50.0
Laos,2016,49.8,15.0,N/A,25.0,86.1,73.8,N/A,55.9,57.6,71.3,58.6,35.0,20.0
Latvia,2016,70.4,50.0,N/A,55.0,84.8,58.4,N/A,78.6,59.5,84.8,88.0,85.0,60.0
Lebanon,2016,59.5,20.0,N/A,27.0,91.3,75.7,N/A,59.1,57.3,79.0,75.8,60.0,50.0
Lesotho,2016,50.6,30.0,N/A,49.0,59.1,0.0,N/A,53.3,62.1,76.9,85.8,50.0,40.0
Liberia,2016,52.2,25.0,N/A,37.0,83.8,67.7,N/A,55.1,44.5,71.0,72.8,45.0,20.0
Libya,2016,N/A,10.0,N/A,18.0,95.0,0.0,N/A,55.5,63.1,74.0,N/A,5.0,N/A
Liechtenstein,2016,N/A,N/A,N/A,N/A,N/A,N/A,N/A,N/A,N/A,N/A,90.0,85.0,80.0
Lithuania,2016,75.2,65.0,N/A,58.0,92.9,63.8,N/A,80.0,60.0,84.6,88.0,80.0,80.0
Luxembourg,2016,73.9,90.0,N/A,82.0,61.1,43.0,N/A,73.7,42.6,83.2,88.0,95.0,80.0
Macau,2016,70.1,60.0,N/A,49.7,73.1,93.9,N/A,60.0,50.0,69.6,90.0,85.0,70.0
Madagascar,2016,61.1,45.0,N/A,28.0,91.1,93.4,N/A,52.9,48.5,74.5,77.2,50.0,50.0
Malawi,2016,51.8,40.0,N/A,33.0,79.0,27.1,N/A,44.5,63.4,53.6,72.4,55.0,50.0
"Malaysia ",2016,71.5,55.0,N/A,52.0,85.0,74.3,N/A,91.4,71.5,84.5,81.4,60.0,60.0
Maldives,2016,53.9,25.0,N/A,21.9,94.0,60.8,N/A,81.5,70.4,73.0,47.8,35.0,30.0
Mali,2016,56.5,25.0,N/A,32.0,70.3,82.8,N/A,46.3,50.8,83.0,70.2,65.0,40.0
Malta,2016,66.7,70.0,N/A,55.0,63.9,46.5,N/A,61.6,53.5,83.5,88.0,85.0,60.0
Mauritania,2016,54.8,25.0,N/A,30.0,81.6,75.3,N/A,48.7,50.7,77.7,69.0,50.0,40.0
Mauritius,2016,74.7,60.0,N/A,54.0,92.0,81.5,N/A,77.5,65.0,78.7,88.6,80.0,70.0
Mexico,2016,65.2,50.0,N/A,35.0,74.9,76.4,N/A,70.7,58.2,77.4,79.2,70.0,60.0
Micronesia,2016,51.8,30.0,N/A,30.0,93.2,0.0,N/A,57.5,79.1,82.1,85.6,30.0,30.0
Moldova,2016,57.4,40.0,N/A,35.0,85.4,55.6,N/A,64.6,39.3,76.0,73.6,55.0,50.0
Mongolia,2016,59.4,30.0,N/A,39.0,84.4,51.5,N/A,67.7,77.9,68.0,70.0,45.0,60.0
Montenegro,2016,64.9,40.0,N/A,42.0,91.6,39.8,N/A,76.6,72.0,82.6,84.8,70.0,50.0
Morocco,2016,61.3,40.0,N/A,39.0,71.5,65.6,N/A,66.4,34.3,84.1,81.8,70.0,60.0
"Mozambique ",2016,53.2,30.0,N/A,31.0,74.3,63.5,N/A,55.9,41.9,79.5,70.8,35.0,50.0
Namibia,2016,61.9,30.0,N/A,49.0,64.4,63.9,N/A,68.2,84.5,75.1,83.4,60.0,40.0
Nepal,2016,50.9,30.0,N/A,29.0,85.1,91.1,N/A,64.9,47.3,70.8,55.6,5.0,30.0
Netherlands,2016,74.6,90.0,N/A,83.0,52.7,34.4,N/A,80.0,64.0,83.4,88.0,90.0,80.0
New Zealand,2016,81.6,95.0,N/A,91.0,71.0,46.0,N/A,91.4,85.9,88.1,87.2,80.0,80.0
"Nicaragua ",2016,58.6,10.0,N/A,28.0,78.0,82.8,N/A,61.2,55.7,69.0,86.2,65.0,50.0
Niger,2016,54.3,30.0,N/A,35.0,76.3,76.8,N/A,39.6,42.3,83.0,64.6,55.0,40.0
Nigeria,2016,57.5,30.0,N/A,27.0,85.1,94.6,N/A,48.7,72.9,71.5,64.8,40.0,40.0
North Korea,2016,2.3,5.0,N/A,8.0,0.0,0.0,N/A,5.0,5.0,0.0,0.0,0.0,0.0
North Macedonia,2016,67.5,35.0,N/A,45.0,92.1,69.6,N/A,76.4,66.7,83.5,86.4,60.0,60.0
Norway,2016,70.8,90.0,N/A,86.0,53.2,41.8,N/A,89.6,48.5,76.2,87.8,75.0,60.0
Oman,2016,67.1,55.0,N/A,45.0,98.5,36.8,N/A,70.1,72.5,77.9,85.0,70.0,60.0
"Pakistan ",2016,55.9,30.0,N/A,29.0,79.0,86.2,N/A,61.2,42.1,71.5,65.0,55.0,40.0
"Panama ",2016,64.8,30.0,N/A,37.0,84.4,77.9,N/A,74.4,42.9,78.6,77.8,75.0,70.0
Papua New Guinea,2016,53.2,20.0,N/A,25.0,67.3,76.2,N/A,59.9,71.9,70.6,85.6,25.0,30.0
"Paraguay ",2016,61.5,30.0,N/A,24.0,96.3,83.3,N/A,62.6,30.4,76.8,76.2,75.0,60.0
Peru,2016,67.4,40.0,N/A,38.0,78.5,86.1,N/A,67.8,62.9,83.7,87.0,70.0,60.0
Philippines,2016,63.1,30.0,N/A,38.0,79.0,89.6,N/A,63.0,57.1,77.7,76.4,60.0,60.0
Poland,2016,69.3,65.0,N/A,61.0,75.5,46.5,N/A,68.7,58.0,85.2,88.0,75.0,70.0
Portugal,2016,65.1,70.0,N/A,63.0,60.5,24.8,N/A,85.3,43.5,85.7,88.0,70.0,60.0
Qatar,2016,70.7,65.0,N/A,69.0,99.7,70.4,N/A,71.4,70.7,74.1,81.8,45.0,60.0
"Republic of Congo ",2016,42.8,10.0,N/A,23.0,66.9,55.8,N/A,35.9,38.8,75.6,52.0,40.0,30.0
Romania,2016,65.6,35.0,N/A,43.0,87.5,65.6,N/A,66.1,65.1,81.1,88.0,75.0,50.0
Russia,2016,50.6,20.0,N/A,27.0,82.2,56.2,N/A,72.2,57.6,62.9,72.4,25.0,30.0
Rwanda,2016,63.1,30.0,N/A,49.0,80.1,77.1,N/A,60.5,82.0,79.4,67.6,65.0,40.0
Saint Lucia,2016,70.0,70.0,N/A,71.0,76.9,70.6,N/A,77.6,76.2,80.3,72.0,65.0,40.0
Saint Vincent and the Grenadines,2016,68.8,70.0,N/A,67.0,73.8,69.7,N/A,77.6,74.5,85.3,65.4,65.0,40.0
Samoa,2016,63.5,60.0,N/A,52.0,78.9,57.5,N/A,77.1,71.8,82.5,70.6,55.0,30.0
"São Tomé and Príncipe ",2016,56.7,25.0,N/A,42.0,87.4,70.1,N/A,65.9,46.1,67.6,73.0,60.0,30.0
Saudi Arabia,2016,62.1,40.0,N/A,49.0,99.7,56.8,N/A,69.9,68.5,69.2,77.8,40.0,50.0
Senegal,2016,58.1,40.0,N/A,43.0,71.6,76.1,N/A,49.1,42.4,84.9,73.8,60.0,40.0
"Serbia ",2016,62.1,50.0,N/A,41.0,84.3,44.1,N/A,60.2,66.2,77.5,77.8,70.0,50.0
Seychelles,2016,62.2,50.0,N/A,55.0,79.3,62.0,N/A,66.0,62.1,79.7,83.4,55.0,30.0
Sierra Leone,2016,52.3,10.0,N/A,31.0,81.2,92.6,N/A,49.9,43.2,70.8,69.4,55.0,20.0
Singapore,2016,87.8,90.0,N/A,84.0,91.2,90.1,N/A,95.0,90.7,81.8,90.0,85.0,80.0
Slovakia,2016,66.6,50.0,N/A,50.0,80.1,49.5,N/A,68.4,55.0,79.5,88.0,75.0,70.0
Slovenia,2016,60.6,60.0,N/A,58.0,58.6,0.0,N/A,82.0,55.4,84.3,88.0,70.0,50.0
Solomon Islands,2016,47.0,30.0,N/A,25.0,61.4,25.2,N/A,68.5,66.2,75.5,73.0,15.0,30.0
Somalia,2016,N/A,N/A,N/A,8.0,N/A,N/A,N/A,N/A,N/A,N/A,N/A,N/A,N/A
South Africa,2016,61.9,50.0,N/A,44.0,70.1,69.9,N/A,69.7,58.7,74.6,77.0,45.0,60.0
South Korea,2016,71.7,70.0,N/A,55.0,73.8,69.7,N/A,91.1,50.6,82.6,74.6,70.0,80.0
Spain,2016,68.5,70.0,N/A,60.0,58.3,41.1,N/A,76.0,51.7,84.7,88.0,85.0,70.0
Sri Lanka,2016,59.9,40.0,N/A,38.0,85.1,90.0,N/A,70.3,56.5,71.5,72.4,35.0,40.0
Sudan,2016,N/A,N/A,N/A,11.0,86.4,94.8,N/A,48.8,43.5,46.7,50.6,10.0,N/A
Suriname,2016,53.8,30.0,N/A,36.0,69.4,70.3,N/A,48.8,76.3,78.7,68.4,30.0,30.0
Sweden,2016,72.0,90.0,N/A,87.0,44.4,14.9,N/A,89.7,53.5,87.1,88.0,85.0,80.0
Switzerland,2016,81.0,90.0,N/A,86.0,70.9,66.3,N/A,82.2,72.1,87.8,90.0,85.0,80.0
Syria,2016,N/A,10.0,N/A,20.0,N/A,N/A,N/A,62.4,46.9,42.7,56.6,0.0,20.0
Taiwan,2016,74.7,70.0,N/A,61.0,76.1,88.7,N/A,93.2,53.8,83.2,86.4,75.0,60.0
Tajikistan,2016,51.3,20.0,N/A,23.0,91.6,76.9,N/A,61.1,47.3,69.8,68.6,25.0,30.0
Tanzania,2016,58.5,25.0,N/A,31.0,79.2,88.4,N/A,47.5,62.6,67.7,73.2,60.0,50.0
"Thailand ",2016,63.9,40.0,N/A,38.0,81.1,82.2,N/A,76.3,62.5,70.9,77.6,50.0,60.0
The Bahamas,2016,70.9,70.0,N/A,71.0,97.9,84.3,N/A,70.7,72.8,78.5,64.0,40.0,60.0
The Gambia,2016,57.1,25.0,N/A,29.0,75.5,78.0,N/A,53.4,65.8,64.7,65.0,65.0,50.0
Timor-Leste,2016,45.8,20.0,N/A,28.0,64.7,0.0,N/A,68.0,66.0,70.9,80.0,40.0,20.0
Togo,2016,53.6,30.0,N/A,29.0,68.7,80.4,N/A,51.4,46.2,79.5,71.2,50.0,30.0
Tonga,2016,59.6,25.0,N/A,28.6,86.9,76.3,N/A,76.4,86.1,77.4,79.6,40.0,20.0
Trinidad and Tobago,2016,62.9,50.0,N/A,38.0,79.4,62.3,N/A,69.5,72.8,68.5,78.6,60.0,50.0
Tunisia,2016,57.6,40.0,N/A,40.0,74.0,73.4,N/A,81.3,64.0,75.6,62.2,35.0,30.0
Turkey,2016,62.1,40.0,N/A,45.0,75.2,55.6,N/A,65.4,48.6,71.5,84.4,75.0,60.0
Turkmenistan,2016,41.9,5.0,N/A,17.0,95.3,92.2,N/A,30.0,20.0,69.4,80.0,0.0,10.0
Uganda,2016,59.3,25.0,N/A,26.0,73.2,91.5,N/A,40.3,83.7,80.1,72.8,60.0,40.0
Ukraine,2016,46.8,25.0,N/A,26.0,78.6,30.6,N/A,56.8,47.9,66.9,85.8,20.0,30.0
United Arab Emirates,2016,72.6,55.0,N/A,70.0,95.0,76.1,N/A,79.6,80.7,81.3,82.8,45.0,60.0
United Kingdom,2016,76.4,90.0,N/A,78.0,64.9,39.0,N/A,86.0,71.8,76.4,88.0,90.0,80.0
United States,2016,75.4,80.0,N/A,74.0,65.6,54.7,N/A,84.7,91.4,77.0,87.0,70.0,70.0
"Uruguay ",2016,68.8,70.0,N/A,73.0,77.2,67.6,N/A,75.3,62.5,71.3,80.6,80.0,30.0
Uzbekistan,2016,46.0,15.0,N/A,18.0,90.4,66.6,N/A,67.1,61.9,65.6,65.6,0.0,10.0
Vanuatu,2016,60.8,40.0,N/A,33.5,97.0,86.1,N/A,51.8,47.7,78.3,74.0,60.0,40.0
"Venezuela ",2016,33.7,5.0,N/A,19.0,74.9,56.7,N/A,45.3,29.5,33.8,63.2,0.0,10.0
Vietnam,2016,54.0,15.0,N/A,31.0,79.3,75.1,N/A,58.3,62.6,70.6,83.0,25.0,40.0
Yemen,2016,N/A,30.0,N/A,19.0,N/A,N/A,N/A,51.9,54.4,71.0,N/A,N/A,30.0
Zambia,2016,58.8,30.0,N/A,38.0,73.3,81.1,N/A,66.4,48.3,72.6,78.2,50.0,50.0
Zimbabwe,2016,38.2,10.0,N/A,21.0,60.8,73.6,N/A,37.6,30.0,79.1,50.2,10.0,10.0
Afghanistan,2015,N/A,N/A,N/A,8.0,91.7,81.2,N/A,61.4,67.5,72.6,N/A,55.0,N/A
Albania,2015,65.7,30.0,N/A,31.0,87.2,76.1,N/A,70.6,52.9,80.8,87.8,70.0,70.0
Algeria,2015,48.9,30.0,N/A,36.0,80.0,38.7,N/A,66.6,50.5,71.2,60.8,25.0,30.0
Angola,2015,47.9,15.0,N/A,23.0,84.5,50.1,N/A,47.4,43.2,65.4,70.2,40.0,40.0
Argentina,2015,44.1,15.0,N/A,34.0,66.8,41.2,N/A,52.8,43.3,59.6,68.8,30.0,30.0
Armenia,2015,67.1,20.0,N/A,36.0,84.4,82.8,N/A,82.7,64.3,70.6,85.4,75.0,70.0
Australia,2015,81.4,90.0,N/A,81.0,63.7,61.8,N/A,94.1,81.6,85.3,86.4,80.0,90.0
Austria,2015,71.2,90.0,N/A,69.0,50.1,19.8,N/A,78.0,76.7,80.3,88.0,90.0,70.0
Azerbaijan,2015,61.0,20.0,N/A,28.0,88.1,59.7,N/A,74.5,79.1,79.8,76.0,55.0,50.0
Bahrain,2015,73.4,60.0,N/A,48.0,99.9,73.1,N/A,72.5,83.1,74.2,78.6,65.0,80.0
"Bangladesh ",2015,53.9,20.0,N/A,27.0,72.7,92.0,N/A,62.2,63.7,67.7,59.0,45.0,30.0
Barbados,2015,67.9,80.0,N/A,75.0,73.8,42.1,N/A,71.6,69.2,78.2,63.8,65.0,60.0
Belarus,2015,49.8,20.0,N/A,29.0,86.4,54.7,N/A,72.0,80.1,44.5,81.0,20.0,10.0
Belgium,2015,68.8,80.0,N/A,75.0,43.6,10.2,N/A,90.7,63.7,81.7,88.0,85.0,70.0
Belize,2015,56.8,30.0,N/A,6.7,82.4,78.3,N/A,59.1,61.8,79.3,70.4,50.0,50.0
Benin,2015,58.8,30.0,N/A,36.0,68.3,86.7,N/A,55.2,53.2,79.9,58.4,70.0,50.0
Bhutan,2015,57.4,60.0,N/A,63.0,82.6,60.1,N/A,61.9,81.1,66.0,49.4,20.0,30.0
Bolivia,2015,46.8,10.0,N/A,34.0,86.8,60.9,N/A,53.7,25.5,69.7,77.6,10.0,40.0
Bosnia and Herzegovina,2015,59.0,20.0,N/A,42.0,82.9,27.3,N/A,53.5,63.4,84.0,87.2,70.0,60.0
Botswana,2015,69.8,70.0,N/A,64.0,79.5,61.9,N/A,66.8,70.0,73.9,72.2,70.0,70.0
Brazil,2015,56.6,50.0,N/A,42.0,68.4,50.9,N/A,53.6,52.1,69.4,69.6,50.0,60.0
Brunei Darussalam,2015,68.9,35.0,N/A,60.0,87.0,63.6,N/A,68.3,96.9,76.6,81.8,70.0,50.0
Bulgaria,2015,66.8,30.0,N/A,41.0,91.0,64.5,N/A,68.5,76.6,83.2,88.0,65.0,60.0
Burkina Faso,2015,58.6,25.0,N/A,38.0,82.4,79.8,N/A,49.6,57.8,80.0,68.2,65.0,40.0
Burma,2015,46.9,10.0,N/A,21.0,86.9,77.9,N/A,28.7,79.3,66.1,74.2,15.0,10.0
Burundi,2015,53.7,20.0,N/A,21.0,73.5,61.3,N/A,61.4,68.1,69.8,72.2,60.0,30.0
Cabo Verde,2015,66.4,75.0,N/A,58.0,78.3,67.9,N/A,61.8,42.1,81.0,69.6,70.0,60.0
Cambodia,2015,57.5,25.0,N/A,20.0,90.5,87.5,N/A,29.2,62.2,78.7,72.2,60.0,50.0
Cameroon,2015,51.9,25.0,N/A,25.0,71.7,87.8,N/A,41.6,47.8,75.6,59.6,35.0,50.0
Canada,2015,79.1,90.0,N/A,81.0,79.9,48.3,N/A,89.0,76.1,77.9,88.4,80.0,80.0
Central African Republic,2015,45.9,15.0,N/A,25.0,65.0,92.0,N/A,27.2,37.5,69.6,52.4,45.0,30.0
Chad,2015,45.9,20.0,N/A,19.0,46.2,83.6,N/A,27.1,47.7,75.6,55.2,45.0,40.0
Chile,2015,78.5,90.0,N/A,71.0,76.5,83.3,N/A,69.3,67.0,85.6,82.0,90.0,70.0
China,2015,52.7,20.0,N/A,40.0,69.7,81.5,N/A,52.1,63.0,74.2,71.8,25.0,30.0
Colombia,2015,71.7,50.0,N/A,36.0,80.3,76.0,N/A,81.5,81.7,80.1,81.2,80.0,70.0
Comoros,2015,52.1,30.0,N/A,28.0,64.5,78.8,N/A,47.3,52.0,77.9,73.0,40.0,30.0
"Costa Rica ",2015,67.2,50.0,N/A,53.0,80.0,89.9,N/A,64.5,54.6,75.8,83.8,70.0,50.0
"Côte d'Ivoire ",2015,58.5,35.0,N/A,27.0,77.7,82.4,N/A,65.4,46.0,75.0,71.4,55.0,50.0
Croatia,2015,61.5,40.0,N/A,48.0,74.9,46.5,N/A,55.8,42.8,80.0,87.2,80.0,60.0
Cuba,2015,29.6,10.0,N/A,46.0,61.8,0.0,N/A,20.0,20.0,64.8,63.8,0.0,10.0
Cyprus,2015,67.9,70.0,N/A,63.0,79.5,36.7,N/A,79.5,59.6,82.7,88.0,70.0,50.0
Czech Republic,2015,72.5,75.0,N/A,48.0,81.5,40.6,N/A,68.2,82.9,81.2,88.0,80.0,80.0
Democratic Republic of Congo,2015,45.0,10.0,N/A,22.0,72.9,85.7,N/A,42.8,38.4,75.1,63.0,20.0,20.0
Denmark,2015,76.3,95.0,N/A,91.0,39.6,1.8,N/A,97.4,92.1,87.6,88.0,90.0,80.0
Djibouti,2015,57.5,25.0,N/A,36.0,81.2,57.1,N/A,55.4,66.6,78.9,54.8,70.0,50.0
Dominica,2015,66.1,60.0,N/A,58.0,73.6,61.5,N/A,71.6,68.7,89.5,72.8,75.0,30.0
Dominican Republic,2015,61.0,30.0,N/A,29.0,84.1,87.1,N/A,53.5,57.5,76.0,77.8,75.0,40.0
Ecuador,2015,49.2,15.0,N/A,35.0,79.1,51.0,N/A,51.4,51.3,68.2,71.4,30.0,40.0
Egypt,2015,55.2,20.0,N/A,32.0,85.8,68.0,N/A,65.4,53.6,67.4,70.0,50.0,40.0
"El Salvador ",2015,65.7,35.0,N/A,38.0,79.4,85.5,N/A,53.3,53.3,82.5,85.2,75.0,70.0
Equatorial Guinea,2015,40.4,10.0,N/A,19.0,75.4,31.4,N/A,37.5,33.5,78.3,53.8,35.0,30.0
Eritrea,2015,38.9,10.0,N/A,20.0,57.0,71.8,N/A,18.2,65.5,57.8,69.2,0.0,20.0
Estonia,2015,76.8,90.0,N/A,68.0,80.6,53.2,N/A,81.5,58.7,77.6,88.0,90.0,80.0
Eswatini,2015,59.9,40.0,N/A,39.0,76.4,68.6,N/A,60.5,69.3,73.9,76.0,55.0,40.0
Ethiopia,2015,51.5,30.0,N/A,33.0,77.4,91.4,N/A,55.9,56.4,66.1,64.4,20.0,20.0
Fiji,2015,59.0,25.0,N/A,22.3,81.3,74.6,N/A,63.2,75.2,78.3,70.2,50.0,50.0
Finland,2015,73.4,90.0,N/A,89.0,66.4,3.6,N/A,92.6,54.8,79.9,88.0,90.0,80.0
France,2015,62.5,80.0,N/A,71.0,47.5,2.5,N/A,80.2,43.5,77.5,83.0,70.0,70.0
Gabon,2015,58.3,40.0,N/A,34.0,77.5,74.6,N/A,57.9,64.3,78.4,61.0,55.0,40.0
Georgia,2015,73.0,40.0,N/A,49.0,87.2,73.8,N/A,88.6,79.9,82.7,88.6,80.0,60.0
Germany,2015,73.8,90.0,N/A,78.0,60.8,40.1,N/A,88.2,51.2,81.5,88.0,90.0,70.0
Ghana,2015,63.0,50.0,N/A,46.0,84.6,70.8,N/A,62.5,56.9,69.2,64.8,65.0,60.0
Greece,2015,54.0,40.0,N/A,40.0,64.2,0.0,N/A,73.3,51.6,77.8,83.0,60.0,50.0
"Guatemala ",2015,60.4,20.0,N/A,29.0,79.6,94.1,N/A,54.7,50.6,76.8,84.6,65.0,50.0
Guinea,2015,52.1,15.0,N/A,24.0,68.1,79.5,N/A,51.6,74.4,66.7,61.2,40.0,40.0
Guinea-Bissau,2015,52.0,20.0,N/A,19.0,89.1,88.0,N/A,39.6,61.7,77.5,65.4,30.0,30.0
Guyana,2015,55.5,25.0,N/A,27.0,68.7,70.8,N/A,63.8,74.5,78.4,72.0,45.0,30.0
Haiti,2015,51.3,10.0,N/A,19.0,80.3,76.2,N/A,43.1,63.7,73.5,77.6,40.0,30.0
"Honduras ",2015,57.4,30.0,N/A,26.0,84.9,78.7,N/A,53.2,28.0,75.4,77.6,60.0,60.0
Hong Kong,2015,89.6,90.0,N/A,75.0,93.2,89.7,N/A,100.0,95.9,81.8,90.0,90.0,90.0
"Hungary ",2015,66.8,55.0,N/A,54.0,78.7,25.9,N/A,74.5,67.7,79.2,88.0,75.0,70.0
Iceland,2015,72.0,90.0,N/A,78.0,72.0,32.6,N/A,90.5,62.2,77.0,88.0,70.0,60.0
India,2015,54.6,55.0,N/A,36.0,79.4,78.3,N/A,43.3,48.7,65.3,64.6,35.0,40.0
Indonesia,2015,58.1,30.0,N/A,32.0,83.3,88.3,N/A,49.3,48.7,74.9,74.8,40.0,60.0
Iran,2015,41.8,10.0,N/A,25.0,81.2,93.0,N/A,57.0,51.3,48.7,41.4,0.0,10.0
Iraq,2015,N/A,N/A,N/A,16.0,N/A,43.8,N/A,57.7,74.4,73.6,N/A,N/A,N/A
Ireland,2015,76.6,85.0,N/A,72.0,73.6,45.6,N/A,82.1,76.2,83.9,88.0,90.0,70.0
Israel,2015,70.5,75.0,N/A,61.0,61.9,47.8,N/A,72.4,67.1,81.6,88.6,80.0,70.0
Italy,2015,61.7,55.0,N/A,43.0,54.2,23.2,N/A,71.9,55.4,81.2,88.0,85.0,60.0
"Jamaica ",2015,67.7,40.0,N/A,38.0,81.5,73.2,N/A,85.9,76.5,71.4,75.0,85.0,50.0
Japan,2015,73.3,80.0,N/A,74.0,68.7,47.1,N/A,84.1,90.2,86.7,82.6,70.0,50.0
Jordan,2015,69.3,60.0,N/A,45.0,93.7,70.7,N/A,59.1,74.4,80.6,79.6,70.0,60.0
Kazakhstan,2015,63.3,25.0,N/A,26.0,93.2,85.0,N/A,73.7,87.0,74.6,79.0,40.0,50.0
Kenya,2015,55.6,30.0,N/A,27.0,78.0,72.1,N/A,47.9,63.8,72.8,64.0,50.0,50.0
Kiribati,2015,46.4,30.0,N/A,29.2,73.0,0.0,N/A,56.8,83.9,80.6,55.4,25.0,30.0
Kosovo,2015,N/A,30.0,N/A,33.0,N/A,73.9,N/A,66.8,72.1,74.9,N/A,65.0,N/A
Kuwait,2015,62.5,45.0,N/A,43.0,97.7,61.1,N/A,58.6,64.2,74.0,76.2,55.0,50.0
"Kyrgyz Republic ",2015,61.3,20.0,N/A,24.0,93.6,53.2,N/A,73.7,85.0,73.8,80.2,60.0,50.0
Laos,2015,51.4,15.0,N/A,26.0,86.2,86.8,N/A,59.5,57.1,74.5,58.6,30.0,20.0
Latvia,2015,69.7,50.0,N/A,53.0,84.4,59.2,N/A,82.1,61.5,83.8,88.0,85.0,50.0
Lebanon,2015,59.3,20.0,N/A,28.0,91.3,70.6,N/A,54.7,60.7,72.0,75.8,60.0,60.0
Lesotho,2015,49.6,35.0,N/A,49.0,68.5,0.0,N/A,54.7,63.9,75.2,64.6,45.0,40.0
Liberia,2015,52.7,25.0,N/A,38.0,83.0,69.9,N/A,60.1,43.9,72.7,74.4,40.0,20.0
Libya,2015,N/A,10.0,N/A,15.0,95.0,37.5,N/A,46.8,66.7,71.4,80.0,5.0,N/A
Liechtenstein,2015,N/A,N/A,N/A,N/A,N/A,N/A,N/A,N/A,N/A,N/A,90.0,85.0,80.0
Lithuania,2015,74.7,60.0,N/A,57.0,92.9,61.3,N/A,84.9,62.0,81.2,88.0,80.0,80.0
Luxembourg,2015,73.2,90.0,N/A,80.0,62.3,42.2,N/A,71.3,42.1,80.7,88.0,95.0,80.0
Macau,2015,70.3,60.0,N/A,49.7,71.8,91.8,N/A,60.0,50.0,74.9,90.0,85.0,70.0
Madagascar,2015,61.7,45.0,N/A,28.0,90.9,94.7,N/A,62.3,45.1,79.2,71.8,50.0,50.0
Malawi,2015,54.8,40.0,N/A,37.0,78.5,49.0,N/A,49.1,63.1,53.8,72.2,55.0,50.0
"Malaysia ",2015,70.8,55.0,N/A,50.0,84.4,74.0,N/A,93.5,75.7,80.8,80.0,55.0,60.0
Maldives,2015,53.4,25.0,N/A,21.9,95.5,50.6,N/A,85.8,73.4,74.1,47.8,30.0,30.0
Mali,2015,56.4,25.0,N/A,28.0,69.6,89.2,N/A,47.2,50.7,81.1,73.2,60.0,40.0
Malta,2015,66.5,75.0,N/A,56.0,63.1,44.4,N/A,61.0,55.6,81.8,88.0,80.0,60.0
Mauritania,2015,53.3,25.0,N/A,30.0,80.2,59.8,N/A,50.5,52.1,76.6,69.0,50.0,40.0
Mauritius,2015,76.4,65.0,N/A,52.0,91.9,87.4,N/A,78.0,68.2,77.6,88.4,85.0,70.0
Mexico,2015,66.4,50.0,N/A,34.0,77.8,78.0,N/A,71.5,59.9,77.6,85.6,70.0,60.0
Micronesia,2015,49.6,30.0,N/A,30.0,93.2,0.0,N/A,51.0,79.1,76.9,81.0,25.0,30.0
Moldova,2015,57.5,40.0,N/A,35.0,85.1,51.8,N/A,66.8,40.6,76.1,79.8,50.0,50.0
Mongolia,2015,59.2,30.0,N/A,38.0,83.9,35.6,N/A,68.2,82.7,69.2,74.8,50.0,60.0
Montenegro,2015,64.7,40.0,N/A,44.0,92.6,36.7,N/A,77.1,77.5,79.7,84.8,65.0,50.0
Morocco,2015,60.1,40.0,N/A,37.0,70.9,61.0,N/A,68.8,33.4,81.9,78.2,70.0,60.0
"Mozambique ",2015,54.8,30.0,N/A,30.0,75.2,66.5,N/A,60.9,37.9,82.0,75.4,40.0,50.0
Namibia,2015,59.6,30.0,N/A,48.0,66.7,56.0,N/A,64.3,90.9,74.3,71.2,55.0,40.0
Nepal,2015,51.3,30.0,N/A,31.0,85.6,88.9,N/A,65.7,44.3,70.5,61.8,5.0,30.0
Netherlands,2015,73.7,90.0,N/A,83.0,51.8,23.8,N/A,84.3,66.3,79.8,88.0,90.0,80.0
New Zealand,2015,82.1,95.0,N/A,91.0,70.4,43.0,N/A,95.5,91.4,87.6,86.8,80.0,80.0
"Nicaragua ",2015,57.6,10.0,N/A,28.0,78.4,76.6,N/A,58.0,56.7,67.8,85.4,65.0,50.0
Niger,2015,54.6,30.0,N/A,34.0,76.6,83.6,N/A,39.2,40.9,81.3,65.6,55.0,40.0
Nigeria,2015,55.6,30.0,N/A,25.0,85.2,76.1,N/A,48.3,77.7,70.4,63.8,40.0,40.0
North Korea,2015,1.3,5.0,N/A,8.0,0.0,0.0,N/A,0.0,0.0,0.0,0.0,0.0,0.0
North Macedonia,2015,67.1,35.0,N/A,44.0,91.4,65.6,N/A,79.2,70.7,79.0,86.2,60.0,60.0
Norway,2015,71.8,90.0,N/A,86.0,52.1,43.8,N/A,92.1,48.2,81.7,89.4,75.0,60.0
Oman,2015,66.7,55.0,N/A,47.0,98.5,44.2,N/A,68.4,76.1,76.2,76.8,65.0,60.0
"Pakistan ",2015,55.6,30.0,N/A,28.0,77.7,86.1,N/A,65.6,42.1,71.2,65.6,50.0,40.0
"Panama ",2015,64.1,30.0,N/A,35.0,84.5,78.8,N/A,71.5,41.5,76.4,78.4,75.0,70.0
Papua New Guinea,2015,53.1,20.0,N/A,25.0,66.9,68.7,N/A,53.5,74.5,72.7,85.0,35.0,30.0
"Paraguay ",2015,61.1,30.0,N/A,24.0,96.0,81.9,N/A,58.4,26.3,78.3,81.4,75.0,60.0
Peru,2015,67.7,40.0,N/A,38.0,78.6,88.5,N/A,67.7,63.4,83.9,87.0,70.0,60.0
Philippines,2015,62.2,30.0,N/A,36.0,79.1,89.3,N/A,55.3,58.2,78.8,75.4,60.0,60.0
Poland,2015,68.6,60.0,N/A,60.0,82.1,47.1,N/A,67.3,60.4,81.3,88.0,70.0,70.0
Portugal,2015,65.3,70.0,N/A,62.0,61.1,28.8,N/A,87.5,42.9,82.8,88.0,70.0,60.0
Qatar,2015,70.8,70.0,N/A,68.0,99.7,71.9,N/A,70.5,71.2,79.7,81.8,45.0,50.0
"Republic of Congo ",2015,42.7,10.0,N/A,22.0,67.4,60.7,N/A,36.8,36.0,71.6,62.4,30.0,30.0
Romania,2015,66.6,40.0,N/A,43.0,86.9,62.3,N/A,69.8,68.6,77.3,88.0,80.0,50.0
Russia,2015,52.1,20.0,N/A,28.0,86.1,57.8,N/A,76.3,58.9,63.9,75.0,25.0,30.0
Rwanda,2015,64.8,30.0,N/A,53.0,80.2,79.2,N/A,59.5,84.5,76.0,80.8,65.0,40.0
Saint Lucia,2015,70.2,70.0,N/A,71.0,77.7,65.8,N/A,75.6,79.8,85.5,72.0,65.0,40.0
Saint Vincent and the Grenadines,2015,68.0,70.0,N/A,62.0,73.3,75.3,N/A,70.8,78.2,82.3,68.4,60.0,40.0
Samoa,2015,61.9,60.0,N/A,38.0,80.2,46.5,N/A,73.6,78.4,81.2,75.8,55.0,30.0
"São Tomé and Príncipe ",2015,53.3,25.0,N/A,42.0,87.8,41.4,N/A,65.1,45.8,70.7,75.2,50.0,30.0
Saudi Arabia,2015,62.1,40.0,N/A,46.0,99.7,61.9,N/A,65.8,72.7,68.4,76.4,40.0,50.0
Senegal,2015,57.8,40.0,N/A,41.0,71.3,74.6,N/A,54.6,39.5,83.0,74.0,60.0,40.0
"Serbia ",2015,60.0,45.0,N/A,42.0,82.4,27.1,N/A,57.8,70.4,72.2,78.2,75.0,50.0
Seychelles,2015,57.5,50.0,N/A,54.0,79.8,59.4,N/A,67.7,63.9,76.0,44.0,50.0,30.0
Sierra Leone,2015,51.7,10.0,N/A,30.0,80.8,87.5,N/A,53.4,41.6,68.5,70.2,55.0,20.0
Singapore,2015,89.4,90.0,N/A,86.0,91.2,93.8,N/A,96.9,96.9,83.7,90.0,85.0,80.0
Slovakia,2015,67.2,50.0,N/A,47.0,80.8,55.1,N/A,69.6,56.5,75.5,88.0,80.0,70.0
Slovenia,2015,60.3,60.0,N/A,57.0,58.1,0.0,N/A,81.2,57.1,81.3,88.0,70.0,50.0
Solomon Islands,2015,47.0,30.0,N/A,25.0,61.1,25.7,N/A,67.7,68.6,74.3,73.0,15.0,30.0
Somalia,2015,N/A,N/A,N/A,8.0,N/A,N/A,N/A,N/A,N/A,N/A,N/A,N/A,N/A
South Africa,2015,62.6,50.0,N/A,42.0,69.5,68.2,N/A,73.0,61.6,74.9,76.6,50.0,60.0
South Korea,2015,71.5,75.0,N/A,55.0,72.5,67.9,N/A,89.7,51.1,81.6,72.6,70.0,80.0
Spain,2015,67.6,70.0,N/A,59.0,53.1,39.8,N/A,77.5,52.6,81.3,88.0,85.0,70.0
Sri Lanka,2015,58.6,35.0,N/A,37.0,85.0,88.4,N/A,72.5,58.7,68.2,71.6,30.0,40.0
Sudan,2015,N/A,N/A,N/A,11.0,86.4,94.5,N/A,49.0,43.8,52.8,55.6,15.0,N/A
Suriname,2015,54.2,35.0,N/A,36.0,69.3,73.8,N/A,42.2,81.9,77.2,66.2,30.0,30.0
Sweden,2015,72.7,90.0,N/A,89.0,43.0,19.2,N/A,87.9,54.0,85.5,88.0,90.0,80.0
Switzerland,2015,80.5,90.0,N/A,85.0,70.3,65.1,N/A,78.1,75.3,86.3,90.0,85.0,80.0
Syria,2015,N/A,10.0,N/A,17.0,N/A,N/A,N/A,57.3,49.1,N/A,N/A,0.0,20.0
Taiwan,2015,75.1,70.0,N/A,61.0,80.4,87.1,N/A,92.4,55.2,83.3,86.4,75.0,60.0
Tajikistan,2015,52.7,20.0,N/A,22.0,92.1,81.9,N/A,65.4,46.4,69.6,74.6,25.0,30.0
Tanzania,2015,57.5,30.0,N/A,33.0,79.9,79.3,N/A,45.0,61.4,69.7,67.0,60.0,50.0
"Thailand ",2015,62.4,40.0,N/A,35.0,81.5,81.4,N/A,72.5,63.5,69.9,75.4,45.0,60.0
The Bahamas,2015,68.7,70.0,N/A,71.0,97.8,83.2,N/A,68.9,75.3,78.8,52.2,30.0,60.0
The Gambia,2015,57.5,25.0,N/A,28.0,75.4,73.4,N/A,55.7,66.7,70.8,65.0,65.0,50.0
Timor-Leste,2015,45.5,20.0,N/A,30.0,64.7,0.0,N/A,59.8,72.0,68.7,79.6,40.0,20.0
Togo,2015,53.0,30.0,N/A,29.0,69.7,78.1,N/A,51.9,43.4,80.4,67.8,50.0,30.0
Tonga,2015,59.3,20.0,N/A,28.6,87.2,79.0,N/A,74.1,92.1,73.5,78.4,40.0,20.0
Trinidad and Tobago,2015,64.1,50.0,N/A,38.0,79.0,69.3,N/A,65.3,76.6,74.3,78.6,60.0,50.0
Tunisia,2015,57.7,40.0,N/A,41.0,74.3,70.8,N/A,81.2,69.1,74.8,61.2,35.0,30.0
Turkey,2015,63.2,45.0,N/A,50.0,76.1,57.6,N/A,61.0,50.2,72.4,84.6,75.0,60.0
Turkmenistan,2015,41.4,5.0,N/A,17.0,94.0,93.5,N/A,30.0,20.0,64.2,80.0,0.0,10.0
Uganda,2015,59.7,25.0,N/A,26.0,73.3,89.0,N/A,43.3,87.5,76.3,76.6,60.0,40.0
Ukraine,2015,46.9,20.0,N/A,25.0,78.7,28.0,N/A,59.3,48.2,78.6,85.8,15.0,30.0
United Arab Emirates,2015,72.4,55.0,N/A,69.0,99.5,85.8,N/A,74.7,83.8,83.8,82.4,40.0,50.0
United Kingdom,2015,75.8,90.0,N/A,76.0,62.9,30.3,N/A,91.1,75.6,74.4,88.0,90.0,80.0
United States,2015,76.2,80.0,N/A,73.0,66.2,51.8,N/A,88.8,98.5,76.6,87.0,70.0,70.0
"Uruguay ",2015,68.6,70.0,N/A,73.0,77.1,65.1,N/A,72.6,64.3,71.6,81.8,80.0,30.0
Uzbekistan,2015,47.0,15.0,N/A,17.0,90.2,67.3,N/A,73.1,64.2,63.5,69.8,0.0,10.0
Vanuatu,2015,61.1,40.0,N/A,33.5,97.2,83.8,N/A,51.5,46.4,82.9,75.4,60.0,40.0
"Venezuela ",2015,34.3,5.0,N/A,20.0,75.0,52.0,N/A,41.6,24.2,42.8,62.8,0.0,20.0
Vietnam,2015,51.7,15.0,N/A,31.0,79.1,77.1,N/A,61.5,62.9,66.8,78.6,15.0,30.0
Yemen,2015,53.7,30.0,N/A,18.0,91.5,59.9,N/A,54.0,57.1,68.5,77.6,50.0,30.0
Zambia,2015,58.7,30.0,N/A,38.0,71.9,78.0,N/A,68.2,46.0,73.2,76.8,55.0,50.0
Zimbabwe,2015,37.6,10.0,N/A,21.0,66.6,74.2,N/A,37.1,23.7,75.4,58.4,0.0,10.0
Afghanistan,2014,N/A,N/A,N/A,10.0,91.2,84.2,N/A,63.1,75.0,74.3,N/A,65.0,N/A
Albania,2014,66.9,30.0,N/A,30.4,92.7,75.6,N/A,78.1,49.7,80.0,87.5,75.0,70.0
Algeria,2014,50.8,30.0,N/A,28.7,80.5,51.0,N/A,66.3,48.3,67.8,60.8,45.0,30.0
Angola,2014,47.7,15.0,N/A,17.7,87.7,55.3,N/A,47.5,40.1,63.6,70.1,40.0,40.0
Argentina,2014,44.6,15.0,N/A,29.5,63.5,49.9,N/A,53.9,44.9,60.0,68.9,30.0,30.0
Armenia,2014,68.9,30.0,N/A,26.7,86.5,81.3,N/A,83.1,78.5,77.0,85.5,70.0,70.0
Australia,2014,82.0,90.0,N/A,87.7,64.2,62.6,N/A,94.6,79.2,80.5,86.4,85.0,90.0
Austria,2014,72.4,90.0,N/A,75.5,51.0,23.5,N/A,76.3,80.5,79.5,87.8,90.0,70.0
Azerbaijan,2014,61.3,20.0,N/A,22.7,88.1,64.8,N/A,73.5,77.9,78.8,77.2,60.0,50.0
Bahrain,2014,75.1,60.0,N/A,49.4,99.9,71.4,N/A,76.3,82.0,78.4,78.6,75.0,80.0
"Bangladesh ",2014,54.1,20.0,N/A,23.3,72.5,92.3,N/A,70.8,51.9,65.9,59.0,55.0,30.0
Barbados,2014,68.3,80.0,N/A,77.9,74.0,49.8,N/A,72.8,78.4,74.6,60.6,55.0,60.0
Belarus,2014,50.1,20.0,N/A,24.6,89.2,61.2,N/A,73.4,77.7,33.9,81.4,30.0,10.0
Belgium,2014,69.9,80.0,N/A,74.2,44.8,14.8,N/A,89.9,72.7,79.5,87.8,85.0,70.0
Belize,2014,56.7,30.0,N/A,6.7,82.1,74.2,N/A,71.6,67.2,77.6,67.8,40.0,50.0
Benin,2014,57.1,30.0,N/A,29.5,68.3,86.1,N/A,51.0,50.5,75.4,60.0,70.0,50.0
Bhutan,2014,56.7,60.0,N/A,58.8,82.9,57.2,N/A,59.4,83.6,65.8,49.4,20.0,30.0
Bolivia,2014,48.4,10.0,N/A,28.1,87.1,62.5,N/A,53.4,29.9,70.0,77.6,15.0,50.0
Bosnia and Herzegovina,2014,58.4,20.0,N/A,33.9,82.9,27.4,N/A,55.5,62.4,80.1,86.9,75.0,60.0
Botswana,2014,72.0,70.0,N/A,61.2,81.0,69.8,N/A,68.5,69.7,72.4,82.7,75.0,70.0
Brazil,2014,56.9,50.0,N/A,37.9,68.8,54.1,N/A,53.8,49.8,69.9,69.3,55.0,60.0
Brunei Darussalam,2014,69.0,40.0,N/A,53.3,90.2,66.1,N/A,68.2,96.5,74.2,81.8,70.0,50.0
Bulgaria,2014,65.7,30.0,N/A,35.2,91.2,64.5,N/A,73.5,80.2,79.6,87.8,55.0,60.0
Burkina Faso,2014,58.9,30.0,N/A,31.3,83.0,82.3,N/A,60.7,55.0,78.8,67.8,60.0,40.0
Burma,2014,46.5,10.0,N/A,11.6,86.9,89.2,N/A,28.3,75.7,64.8,73.6,15.0,10.0
Burundi,2014,51.4,20.0,N/A,15.9,73.5,51.9,N/A,59.8,63.1,68.2,71.8,60.0,30.0
Cabo Verde,2014,66.1,70.0,N/A,54.9,77.4,68.6,N/A,63.8,48.0,79.1,69.6,70.0,60.0
Cambodia,2014,57.4,30.0,N/A,18.7,90.8,88.4,N/A,36.6,50.2,77.9,71.0,60.0,50.0
Cameroon,2014,52.6,30.0,N/A,21.9,71.7,86.0,N/A,45.0,56.1,69.4,61.2,35.0,50.0
Canada,2014,80.2,90.0,N/A,87.7,79.7,47.3,N/A,89.3,83.1,76.3,88.3,80.0,80.0
Central African Republic,2014,46.7,10.0,N/A,20.6,65.1,92.6,N/A,33.9,40.4,72.5,51.8,50.0,30.0
Chad,2014,44.5,20.0,N/A,15.9,46.2,80.0,N/A,24.9,43.3,69.8,55.2,50.0,40.0
Chile,2014,78.7,90.0,N/A,72.3,76.5,83.8,N/A,69.3,69.3,84.1,82.0,90.0,70.0
China,2014,52.5,20.0,N/A,35.0,69.9,82.9,N/A,49.7,61.9,73.3,71.8,30.0,30.0
Colombia,2014,70.7,50.0,N/A,33.2,80.6,74.9,N/A,85.2,80.5,78.8,78.8,75.0,70.0
Comoros,2014,51.4,30.0,N/A,22.1,64.5,85.3,N/A,49.4,50.1,74.5,72.7,35.0,30.0
"Costa Rica ",2014,66.9,50.0,N/A,50.9,80.0,90.0,N/A,64.9,53.3,76.3,83.8,70.0,50.0
"Côte d'Ivoire ",2014,57.7,30.0,N/A,22.1,79.1,79.8,N/A,55.1,59.0,80.6,71.4,50.0,50.0
Croatia,2014,60.4,40.0,N/A,41.1,69.4,45.8,N/A,61.4,39.4,79.2,87.4,80.0,60.0
Cuba,2014,28.7,10.0,N/A,41.2,60.0,0.0,N/A,20.0,20.0,65.8,60.0,0.0,10.0
Cyprus,2014,67.6,70.0,N/A,64.0,79.7,36.2,N/A,79.7,70.2,78.8,82.8,65.0,50.0
Czech Republic,2014,72.2,70.0,N/A,45.3,81.7,43.8,N/A,70.1,84.0,79.4,87.8,80.0,80.0
Democratic Republic of Congo,2014,40.6,10.0,N/A,17.6,69.4,74.6,N/A,30.0,38.5,63.0,63.0,20.0,20.0
Denmark,2014,76.1,90.0,N/A,93.7,39.3,0.5,N/A,98.1,91.2,80.0,87.8,90.0,90.0
Djibouti,2014,55.9,30.0,N/A,30.9,80.6,62.8,N/A,42.7,65.1,77.2,54.8,65.0,50.0
Dominica,2014,65.2,60.0,N/A,53.5,72.9,61.7,N/A,75.0,70.7,85.8,72.7,70.0,30.0
Dominican Republic,2014,61.3,30.0,N/A,27.3,83.7,92.3,N/A,56.1,55.2,75.7,77.8,75.0,40.0
Ecuador,2014,48.0,20.0,N/A,26.0,79.8,41.8,N/A,52.8,52.0,66.1,71.8,30.0,40.0
Egypt,2014,52.9,20.0,N/A,28.6,85.6,69.6,N/A,62.7,45.7,60.5,71.4,45.0,40.0
"El Salvador ",2014,66.2,40.0,N/A,34.3,79.6,85.8,N/A,59.6,63.3,80.0,79.0,70.0,70.0
Equatorial Guinea,2014,44.4,10.0,N/A,16.6,75.5,62.6,N/A,43.4,41.5,75.4,53.8,35.0,30.0
Eritrea,2014,38.5,10.0,N/A,22.9,57.0,66.1,N/A,18.6,63.6,57.6,69.1,0.0,20.0
Estonia,2014,75.9,90.0,N/A,64.2,80.4,56.0,N/A,77.6,55.9,76.9,87.8,90.0,80.0
Eswatini,2014,61.2,40.0,N/A,31.6,74.7,70.9,N/A,64.2,71.7,72.3,81.5,65.0,40.0
Ethiopia,2014,50.0,30.0,N/A,27.0,77.5,89.9,N/A,57.8,54.7,59.0,64.2,20.0,20.0
Fiji,2014,58.7,25.0,N/A,20.0,82.3,76.2,N/A,64.9,73.1,75.2,70.2,50.0,50.0
Finland,2014,73.4,90.0,N/A,93.4,65.1,8.9,N/A,93.6,46.5,78.9,87.8,90.0,80.0
France,2014,63.5,80.0,N/A,69.9,48.4,5.6,N/A,79.9,51.8,76.1,82.8,70.0,70.0
Gabon,2014,57.8,40.0,N/A,29.1,74.5,81.7,N/A,58.9,63.0,75.1,61.0,55.0,40.0
Georgia,2014,72.6,40.0,N/A,42.8,87.3,69.7,N/A,87.8,91.2,78.4,88.6,80.0,60.0
Germany,2014,73.4,90.0,N/A,80.1,61.2,38.2,N/A,89.9,46.4,80.8,87.8,90.0,70.0
Ghana,2014,64.2,50.0,N/A,40.4,85.4,83.3,N/A,62.6,60.2,65.8,64.8,70.0,60.0
Greece,2014,55.7,40.0,N/A,33.2,65.9,19.2,N/A,75.8,53.9,76.3,82.8,60.0,50.0
"Guatemala ",2014,61.2,25.0,N/A,28.7,79.6,93.6,N/A,58.4,49.3,76.7,85.4,65.0,50.0
Guinea,2014,53.5,20.0,N/A,19.2,69.3,86.2,N/A,51.8,73.4,64.1,61.2,50.0,40.0
Guinea-Bissau,2014,51.3,20.0,N/A,20.2,89.0,86.6,N/A,40.5,61.4,74.4,61.4,30.0,30.0
Guyana,2014,55.7,30.0,N/A,24.4,68.4,71.8,N/A,64.3,72.6,78.1,72.0,45.0,30.0
Haiti,2014,48.9,10.0,N/A,16.9,80.3,66.3,N/A,33.3,68.5,73.6,70.4,40.0,30.0
"Honduras ",2014,57.1,30.0,N/A,23.7,84.9,79.8,N/A,55.4,26.5,75.1,75.4,60.0,60.0
Hong Kong,2014,90.1,90.0,N/A,82.3,93.0,89.7,N/A,98.9,95.5,82.0,90.0,90.0,90.0
"Hungary ",2014,67.0,60.0,N/A,48.6,81.1,26.8,N/A,79.3,65.7,75.6,87.8,75.0,70.0
Iceland,2014,72.4,90.0,N/A,84.2,72.9,32.9,N/A,91.2,59.1,76.0,87.9,70.0,60.0
India,2014,55.7,50.0,N/A,31.5,79.4,77.8,N/A,37.7,74.0,65.5,65.6,35.0,40.0
Indonesia,2014,58.5,30.0,N/A,28.0,83.4,89.8,N/A,54.8,47.8,76.4,74.8,40.0,60.0
Iran,2014,40.3,10.0,N/A,23.4,80.6,85.9,N/A,62.3,41.7,47.3,41.4,0.0,10.0
Iraq,2014,N/A,N/A,N/A,13.7,95.5,40.3,N/A,56.9,73.4,70.0,N/A,N/A,N/A
Ireland,2014,76.2,90.0,N/A,74.8,74.0,30.6,N/A,83.4,79.5,81.7,87.8,90.0,70.0
Israel,2014,68.4,75.0,N/A,59.3,60.1,40.3,N/A,73.2,63.0,80.6,82.9,80.0,70.0
Italy,2014,60.9,50.0,N/A,38.5,55.5,25.6,N/A,75.5,52.5,78.9,87.8,85.0,60.0
"Jamaica ",2014,66.7,40.0,N/A,33.0,77.2,69.4,N/A,84.6,75.6,77.3,75.1,85.0,50.0
Japan,2014,72.4,80.0,N/A,77.8,69.2,47.1,N/A,80.0,79.8,87.5,82.4,70.0,50.0
Jordan,2014,69.2,60.0,N/A,45.6,94.0,66.9,N/A,62.0,72.9,81.3,79.6,70.0,60.0
Kazakhstan,2014,63.7,30.0,N/A,25.7,92.9,85.0,N/A,74.4,86.7,74.4,78.2,40.0,50.0
Kenya,2014,57.1,30.0,N/A,21.0,78.0,74.6,N/A,55.8,64.0,74.9,72.8,50.0,50.0
Kiribati,2014,46.3,30.0,N/A,29.2,71.4,0.0,N/A,57.0,83.6,81.3,55.4,25.0,30.0
Kosovo,2014,N/A,30.0,N/A,28.6,92.7,73.0,N/A,58.1,71.3,72.7,N/A,65.0,N/A
Kuwait,2014,62.3,50.0,N/A,43.7,97.7,55.6,N/A,57.7,63.6,73.2,76.7,55.0,50.0
"Kyrgyz Republic ",2014,61.1,20.0,N/A,19.2,94.6,60.2,N/A,74.2,83.8,73.7,75.2,60.0,50.0
Laos,2014,51.2,15.0,N/A,18.6,86.6,86.7,N/A,60.7,54.9,75.5,58.6,35.0,20.0
Latvia,2014,68.7,50.0,N/A,43.6,84.6,54.9,N/A,82.5,68.5,79.7,87.8,85.0,50.0
Lebanon,2014,59.4,20.0,N/A,24.5,90.9,73.7,N/A,55.6,58.7,74.5,75.8,60.0,60.0
Lesotho,2014,49.5,40.0,N/A,37.1,67.4,0.0,N/A,54.0,62.4,75.5,68.6,50.0,40.0
Liberia,2014,52.4,30.0,N/A,33.8,83.6,70.5,N/A,62.3,47.0,72.9,64.1,40.0,20.0
Libya,2014,N/A,10.0,N/A,18.3,95.0,0.0,N/A,50.1,77.9,66.9,N/A,5.0,20.0
Liechtenstein,2014,N/A,N/A,N/A,N/A,N/A,N/A,N/A,N/A,N/A,N/A,90.0,85.0,80.0
Lithuania,2014,73.0,60.0,N/A,49.9,92.9,55.9,N/A,85.7,59.0,78.6,87.8,80.0,80.0
Luxembourg,2014,74.2,90.0,N/A,84.1,62.8,47.6,N/A,72.6,43.1,78.9,87.8,95.0,80.0
Macau,2014,71.3,60.0,N/A,49.7,71.4,91.7,N/A,60.0,55.0,79.8,90.0,85.0,70.0
Madagascar,2014,61.7,40.0,N/A,27.3,90.8,92.3,N/A,62.8,43.9,77.6,77.8,55.0,50.0
Malawi,2014,55.4,45.0,N/A,31.9,78.0,63.0,N/A,38.9,60.3,64.1,72.7,50.0,50.0
"Malaysia ",2014,69.6,55.0,N/A,44.3,84.6,75.6,N/A,85.6,78.5,81.0,76.4,55.0,60.0
Maldives,2014,51.0,20.0,N/A,21.9,97.4,43.8,N/A,87.4,71.7,69.4,43.8,25.0,30.0
Mali,2014,55.5,20.0,N/A,27.7,69.8,81.7,N/A,48.0,63.2,76.7,73.2,55.0,40.0
Malta,2014,66.4,75.0,N/A,55.8,63.7,47.2,N/A,62.4,53.2,79.1,87.8,80.0,60.0
Mauritania,2014,53.2,25.0,N/A,23.9,81.7,75.8,N/A,38.0,53.1,75.5,69.0,50.0,40.0
Mauritius,2014,76.5,65.0,N/A,53.4,92.2,81.8,N/A,74.4,78.0,76.7,88.6,85.0,70.0
Mexico,2014,66.8,50.0,N/A,29.7,80.9,78.9,N/A,76.8,58.3,77.4,85.6,70.0,60.0
Micronesia,2014,49.8,30.0,N/A,30.0,97.5,0.0,N/A,51.7,77.9,75.2,81.0,25.0,30.0
Moldova,2014,57.3,40.0,N/A,29.5,85.8,54.4,N/A,70.1,37.9,75.0,80.1,50.0,50.0
Mongolia,2014,58.9,30.0,N/A,28.2,81.8,39.1,N/A,71.8,81.1,72.4,74.7,50.0,60.0
Montenegro,2014,63.6,40.0,N/A,37.8,92.5,42.6,N/A,77.6,68.6,78.6,83.1,65.0,50.0
Morocco,2014,58.3,40.0,N/A,33.3,71.3,64.1,N/A,76.2,31.5,78.1,58.8,70.0,60.0
"Mozambique ",2014,55.0,30.0,N/A,26.2,75.7,64.6,N/A,65.2,36.7,80.8,75.5,45.0,50.0
Namibia,2014,59.4,30.0,N/A,44.2,66.9,58.8,N/A,64.4,81.9,75.0,82.9,50.0,40.0
Nepal,2014,50.1,30.0,N/A,21.3,85.9,89.6,N/A,58.5,43.8,76.3,61.0,5.0,30.0
Netherlands,2014,74.2,90.0,N/A,88.0,51.7,25.6,N/A,89.7,59.6,79.9,87.8,90.0,80.0
New Zealand,2014,81.2,95.0,N/A,94.0,71.2,32.3,N/A,96.1,90.2,86.3,86.8,80.0,80.0
"Nicaragua ",2014,58.4,15.0,N/A,24.1,78.6,80.0,N/A,52.6,60.3,72.8,85.4,65.0,50.0
Niger,2014,55.1,30.0,N/A,26.0,76.8,88.4,N/A,35.2,45.4,88.3,65.6,55.0,40.0
Nigeria,2014,54.3,30.0,N/A,22.7,85.0,74.5,N/A,48.0,66.4,73.1,63.8,40.0,40.0
North Korea,2014,1.0,5.0,N/A,5.0,0.0,0.0,N/A,0.0,0.0,0.0,0.0,0.0,0.0
North Macedonia,2014,68.6,35.0,N/A,39.6,91.4,70.7,N/A,81.0,78.8,83.5,85.9,60.0,60.0
Norway,2014,70.9,90.0,N/A,88.1,50.6,42.2,N/A,90.9,44.6,78.7,89.1,75.0,60.0
Oman,2014,67.4,50.0,N/A,48.2,98.5,56.0,N/A,68.3,75.5,73.6,78.7,65.0,60.0
"Pakistan ",2014,55.2,30.0,N/A,22.7,80.6,88.3,N/A,69.4,47.3,68.5,64.8,40.0,40.0
"Panama ",2014,63.4,30.0,N/A,34.0,84.3,78.7,N/A,73.0,39.4,75.1,74.2,75.0,70.0
Papua New Guinea,2014,53.9,20.0,N/A,20.2,66.7,75.4,N/A,57.0,73.7,75.5,85.1,35.0,30.0
"Paraguay ",2014,62.0,30.0,N/A,20.5,96.2,89.0,N/A,58.0,28.9,80.9,81.1,75.0,60.0
Peru,2014,67.4,40.0,N/A,34.0,79.1,89.1,N/A,70.6,61.4,83.3,87.0,70.0,60.0
Philippines,2014,60.1,30.0,N/A,26.1,79.2,92.3,N/A,59.9,49.7,78.0,75.5,60.0,50.0
Poland,2014,67.0,60.0,N/A,54.8,76.1,43.2,N/A,70.1,60.4,77.8,87.8,70.0,70.0
Portugal,2014,63.5,70.0,N/A,61.1,60.1,26.8,N/A,84.9,34.6,79.3,87.8,70.0,60.0
Qatar,2014,71.2,70.0,N/A,72.4,99.9,72.1,N/A,71.7,70.0,81.2,79.8,45.0,50.0
"Republic of Congo ",2014,43.7,10.0,N/A,20.6,67.5,79.6,N/A,35.1,47.0,72.0,55.6,20.0,30.0
Romania,2014,65.5,40.0,N/A,37.7,87.0,59.2,N/A,71.0,65.2,77.1,87.8,80.0,50.0
Russia,2014,51.9,25.0,N/A,22.1,85.6,61.5,N/A,70.0,55.8,69.4,74.6,25.0,30.0
Rwanda,2014,64.7,30.0,N/A,46.9,80.3,78.2,N/A,69.6,84.1,74.8,77.7,65.0,40.0
Saint Lucia,2014,70.7,70.0,N/A,70.6,75.7,63.6,N/A,83.1,84.5,82.7,71.9,65.0,40.0
Saint Vincent and the Grenadines,2014,67.0,70.0,N/A,61.1,73.7,72.4,N/A,76.3,78.7,79.8,67.6,50.0,40.0
Samoa,2014,61.1,60.0,N/A,38.0,79.9,42.2,N/A,73.7,80.3,76.1,75.8,55.0,30.0
"São Tomé and Príncipe ",2014,48.8,20.0,N/A,32.5,86.9,27.9,N/A,52.6,44.7,68.3,75.3,50.0,30.0
Saudi Arabia,2014,62.2,40.0,N/A,43.7,99.7,63.1,N/A,67.3,75.8,68.7,74.0,40.0,50.0
Senegal,2014,55.4,40.0,N/A,29.5,65.1,75.4,N/A,47.5,41.5,81.8,73.2,60.0,40.0
"Serbia ",2014,59.4,40.0,N/A,34.0,83.1,38.6,N/A,59.3,70.1,66.9,77.0,75.0,50.0
Seychelles,2014,56.2,50.0,N/A,48.5,76.8,61.8,N/A,67.6,68.5,75.1,33.4,50.0,30.0
Sierra Leone,2014,50.5,15.0,N/A,24.6,80.7,85.7,N/A,55.3,28.7,70.2,70.2,55.0,20.0
Singapore,2014,89.4,90.0,N/A,91.9,91.2,91.2,N/A,96.8,96.5,81.5,90.0,85.0,80.0
Slovakia,2014,66.4,50.0,N/A,41.8,80.2,56.0,N/A,67.0,53.6,78.1,87.8,80.0,70.0
Slovenia,2014,62.7,60.0,N/A,61.0,58.9,22.6,N/A,85.4,51.0,80.3,87.8,70.0,50.0
Solomon Islands,2014,46.2,30.0,N/A,25.0,61.4,21.3,N/A,65.2,65.2,75.4,73.0,15.0,30.0
Somalia,2014,N/A,N/A,N/A,5.0,N/A,N/A,N/A,N/A,N/A,N/A,N/A,N/A,N/A
South Africa,2014,62.5,50.0,N/A,41.6,68.7,69.1,N/A,74.5,54.4,75.3,76.1,55.0,60.0
South Korea,2014,71.2,70.0,N/A,54.0,72.6,72.6,N/A,92.8,47.8,79.6,72.6,70.0,80.0
Spain,2014,67.2,70.0,N/A,62.6,54.0,38.7,N/A,77.3,52.2,79.9,87.8,80.0,70.0
Sri Lanka,2014,60.0,40.0,N/A,33.4,84.9,86.3,N/A,74.4,59.2,68.0,73.6,40.0,40.0
Sudan,2014,N/A,N/A,N/A,9.8,85.1,90.3,N/A,54.5,49.1,55.8,55.6,15.0,N/A
Suriname,2014,54.2,40.0,N/A,32.9,69.0,78.3,N/A,41.8,81.8,71.8,66.2,30.0,30.0
Sweden,2014,73.1,90.0,N/A,92.3,42.9,21.4,N/A,91.1,52.9,82.5,87.8,90.0,80.0
Switzerland,2014,81.6,90.0,N/A,88.1,68.9,65.7,N/A,75.4,87.4,85.2,90.0,85.0,80.0
Syria,2014,N/A,10.0,N/A,23.3,N/A,N/A,N/A,60.4,55.1,N/A,N/A,0.0,20.0
Taiwan,2014,73.9,70.0,N/A,59.7,80.3,84.7,N/A,93.9,53.1,81.7,85.8,70.0,60.0
Tajikistan,2014,52.0,20.0,N/A,19.4,92.3,78.1,N/A,58.4,45.5,67.7,73.2,25.0,40.0
Tanzania,2014,57.8,30.0,N/A,28.8,79.7,78.3,N/A,47.0,61.1,66.0,76.8,60.0,50.0
"Thailand ",2014,63.3,45.0,N/A,33.6,79.7,83.6,N/A,71.4,61.6,68.6,75.0,45.0,70.0
The Bahamas,2014,69.8,70.0,N/A,66.6,97.3,84.1,N/A,70.7,81.5,75.1,52.2,30.0,70.0
The Gambia,2014,59.5,30.0,N/A,31.7,79.0,79.8,N/A,57.4,65.8,71.3,65.0,65.0,50.0
Timor-Leste,2014,43.2,20.0,N/A,25.4,64.7,0.0,N/A,45.4,79.2,68.3,64.4,45.0,20.0
Togo,2014,49.9,30.0,N/A,23.8,69.7,82.4,N/A,43.3,42.8,79.3,62.8,35.0,30.0
Tonga,2014,58.2,20.0,N/A,28.6,86.7,74.8,N/A,74.6,91.2,71.3,79.5,35.0,20.0
Trinidad and Tobago,2014,62.7,50.0,N/A,34.0,84.8,62.5,N/A,59.4,76.4,71.7,78.6,60.0,50.0
Tunisia,2014,57.3,40.0,N/A,39.2,74.3,63.8,N/A,80.7,72.6,75.9,61.8,35.0,30.0
Turkey,2014,64.9,50.0,N/A,44.0,77.5,63.5,N/A,67.6,59.7,71.8,84.5,70.0,60.0
Turkmenistan,2014,42.2,5.0,N/A,13.4,95.2,93.0,N/A,30.0,30.0,65.9,79.2,0.0,10.0
Uganda,2014,59.9,30.0,N/A,23.8,79.1,87.3,N/A,45.1,87.4,71.0,75.4,60.0,40.0
Ukraine,2014,49.3,30.0,N/A,21.9,79.1,37.5,N/A,59.8,49.8,78.7,86.2,20.0,30.0
United Arab Emirates,2014,71.4,55.0,N/A,66.4,99.6,83.1,N/A,74.4,82.9,84.6,82.5,35.0,50.0
United Kingdom,2014,74.9,90.0,N/A,76.4,56.6,29.5,N/A,92.0,73.1,73.5,87.8,90.0,80.0
United States,2014,75.5,80.0,N/A,72.0,65.8,48.1,N/A,89.2,97.2,75.4,86.8,70.0,70.0
"Uruguay ",2014,69.3,70.0,N/A,70.6,77.4,68.0,N/A,74.5,68.1,72.1,82.5,80.0,30.0
Uzbekistan,2014,46.5,15.0,N/A,13.4,90.3,70.4,N/A,75.7,60.8,63.1,66.1,0.0,10.0
Vanuatu,2014,59.5,40.0,N/A,33.5,97.3,81.7,N/A,54.8,56.8,82.7,48.0,60.0,40.0
"Venezuela ",2014,36.3,5.0,N/A,16.5,75.3,51.8,N/A,43.4,33.7,49.7,62.7,5.0,20.0
Vietnam,2014,50.8,15.0,N/A,26.9,77.0,71.4,N/A,62.0,68.3,63.6,78.7,15.0,30.0
Yemen,2014,55.5,30.0,N/A,19.4,91.7,74.9,N/A,59.2,54.9,62.1,82.4,50.0,30.0
Zambia,2014,60.4,30.0,N/A,31.3,71.8,82.9,N/A,74.9,50.1,68.0,84.6,60.0,50.0
Zimbabwe,2014,35.5,10.0,N/A,19.3,63.3,64.0,N/A,34.5,22.2,73.0,54.2,5.0,10.0
