,aid,bvid,title,typeid,section,sub-section,date,time,length,play,comment,danmaku,favorite,coin,share,like,typename,his_rank
0,76394931,BV1cJ411274r,【香港真相大起底】暴力乱港实录,203.0,资讯,热点,2019-11-20 12:48:34,1574254114,09:27,10061835,35092.0,272511,358453,517252,375956,623387,热点-资讯,1
1,76410258,BV19J411174N,今天新闻联播，12条连发批美国国会参议院通过“香港人权与民主法案”,203.0,资讯,热点,2019-11-20 13:53:30,1574258010,13:58,802925,5397.0,8113,8190,12277,8396,57048,热点-资讯,0
2,76467274,BV13J41127xi,【中国有故事 第10集】一条铁路永流传,124.0,科技,社科人文,2019-11-21 06:04:03,1574316243,03:59,70372,17.0,0,410,1678,227,10486,社科人文-科技,0
3,76485537,BV1bJ41127Wb,警方公布英驻香港总领馆雇员嫖娼审讯视频：不存在刑讯逼供,203.0,资讯,热点,2019-11-21 09:13:38,1574327618,02:11,786010,2410.0,1971,2227,4604,3363,33643,热点-资讯,0
4,76524390,BV1zJ411271R,中国人唱给美国的魔性RAP,206.0,资讯,综合,2019-11-21 14:48:08,1574347688,02:05,5084854,10398.0,12647,276440,479748,73857,578104,综合-资讯,2
5,76558189,BV1XJ411R714,【日本語吹替版】6年前のアニメは今の香港事件を予言しました,203.0,资讯,热点,2019-11-22 02:42:11,1574390531,06:15,789902,2448.0,2147,8064,5560,3557,44445,热点-资讯,0
6,76450224,BV1jJ4112768,【杜甫 | 剑器行  三无Marblue、祖娅纳惜、玄觞、以冬、竹桑、云泣】一舞剑器动四方！大道逢侠project,28.0,音乐,原创音乐,2019-11-23 10:00:54,1574503254,03:56,689874,2170.0,3569,42096,44007,5393,62727,原创音乐-音乐,0
7,76775549,BV1wJ411o73s,香港警察：你们吃面包，我去吃海底捞！结果他们真去了……,203.0,资讯,热点,2019-11-23 14:36:26,1574519786,00:50,7271870,11195.0,13624,65897,49400,62648,346516,热点-资讯,10
8,76838810,BV1bJ411971u,香港警务处处长邓炳强：香港警队有信心完成止暴制乱任务,203.0,资讯,热点,2019-11-24 05:09:19,1574572159,02:12,323895,765.0,406,915,2034,370,25489,热点-资讯,0
9,76877449,BV1SJ411972j,【天府事变】选择【唱给香港】,28.0,音乐,原创音乐,2019-11-24 13:50:36,1574603436,02:16,1032819,1792.0,2563,40327,75184,6905,102930,原创音乐-音乐,0
10,76947515,BV1VJ411R78w,【团团有话说】“青春饭”，你还能吃多久？,21.0,生活,日常,2019-11-25 01:21:29,1574644889,03:57,125416,858.0,424,348,1646,320,10786,日常-生活,0
11,77107340,BV1HJ411X7Nx,3分钟读懂《反家庭暴力法》,205.0,资讯,社会,2019-11-26 09:52:21,1574761941,03:00,162246,1991.0,341,3356,2920,2843,25948,社会-资讯,0
12,77087288,BV1NJ411X74i,《华服抄》随风轻逸，莲步生情（绝美华服小姐姐MV付）,158.0,时尚,服饰,2019-11-26 10:35:22,1574764522,02:07,789944,2023.0,1727,35893,25262,6582,58109,服饰-时尚,39
13,77201944,BV1DJ411X7jW,【普通话X闽南话X客家话】国台办新任发言人朱凤莲亮相,203.0,资讯,热点,2019-11-27 07:04:07,1574838247,00:41,363618,2318.0,976,1511,2237,1319,27481,热点-资讯,0
14,77290655,BV1KJ41197Fb,耿爽三次发问：这样的美国，能和中国相提并论吗？,203.0,资讯,热点,2019-11-28 03:34:09,1574912049,04:37,1551157,4513.0,5972,10803,12712,4970,79617,热点-资讯,0
15,77298289,BV1MJ41197RZ,【《中国有故事》第11集】寻觅 “最早的中国”,124.0,科技,社科人文,2019-11-28 05:18:52,1574918332,03:21,95183,664.0,142,658,1893,180,12354,社科人文-科技,0
16,77303301,BV1JJ41197vm,一分钱也计较，医保代表“买菜式砍价谈判”替老百姓砍价,21.0,生活,日常,2019-11-28 05:56:59,1574920619,05:00,685864,4054.0,3938,7348,11905,5873,53725,日常-生活,0
17,77363037,BV1mJ411D7R9,耿爽谈反制美涉港法案：该来的早晚会来,203.0,资讯,热点,2019-11-28 15:16:39,1574954199,00:46,467853,3083.0,286,1530,3111,1126,31373,热点-资讯,0
18,77806424,BV1mJ411z7vo,【打击洋垃圾】大连海关退运3700余吨洋垃圾，中国不是洋垃圾的堆放场。,21.0,生活,日常,2019-12-02 09:19:12,1575278352,01:08,561299,1752.0,720,1786,3831,793,44519,日常-生活,0
19,77929401,BV1yJ411q7LY,【回放】展望2020的世界与中国【金灿荣、郑若麟、李绍先】,96.0,科技,星海,2019-12-03 13:30:55,1575379855,102:15,890762,2225.0,29682,22489,19631,3881,36198,星海-科技,57
20,77975146,BV1mJ411q7Yk,金灿荣：“印吹”“越吹”？,206.0,资讯,综合,2019-12-03 16:03:47,1575389027,00:53,690120,5683.0,1686,4354,8158,3015,37710,综合-资讯,0
21,78105054,BV1tJ411B7rD,【中国有故事】“糖丸”的味道,203.0,资讯,热点,2019-12-05 02:22:54,1575512574,03:59,183209,1804.0,2221,3651,9435,1089,28662,热点-资讯,0
22,78108022,BV18J411B7jc,华春莹：“9·11”事件殷鉴不远　美方不要好了伤疤忘了痛,203.0,资讯,热点,2019-12-05 02:49:47,1575514187,01:00,1098123,3014.0,1442,5604,4874,2263,42403,热点-资讯,0
23,78107150,BV18J411B7z2,中国强大是利用美国的钱做到的？华春莹：太可笑了！,203.0,资讯,热点,2019-12-05 02:50:03,1575514203,00:56,133089,889.0,162,544,1141,244,11494,热点-资讯,0
24,78108476,BV18J411B7xD,华春莹请外国媒体把中国人民强烈呼声传递给美国普通民众,203.0,资讯,热点,2019-12-05 02:59:04,1575514744,00:55,1129035,4187.0,1937,5415,6219,1735,68733,热点-资讯,0
25,78266046,BV11J411i7Qf,【中国新疆 反恐前沿】CGTN特别呈现,96.0,科技,星海,2019-12-06 11:12:31,1575630751,50:02,1451209,2519.0,0,61424,34446,46485,100488,星海-科技,0
26,78309491,BV1SJ411i7rS,【杜锋】他们的故事，跟你的一样,124.0,科技,社科人文,2019-12-07 01:00:57,1575680457,02:47,98321,298.0,145,323,1489,250,12525,社科人文-科技,0
27,78562932,BV14J411v7mt,向佐：愿凭每一个香港人的努力，还原这颗东方之珠的光芒,203.0,资讯,热点,2019-12-08 14:02:28,1575813748,08:19,225029,758.0,597,1391,4381,653,26423,热点-资讯,0
28,78676686,BV1jJ411y74u,"我很失望！华春莹问""你们有谁看过吗？""，外媒无一举手",203.0,资讯,热点,2019-12-09 14:04:30,1575900270,04:54,3824757,5620.0,26,29173,33968,8118,210878,热点-资讯,8
29,78778449,BV1mJ411y71Q,外交部：美国不仅是当今世界的超级大国，还是超级谎言制造者和散播者,203.0,资讯,热点,2019-12-10 12:18:48,1575980328,02:34,557828,2065.0,959,2459,3992,1246,40402,热点-资讯,0
30,78883934,BV1EJ411177J,澳门城市大学《七子之歌--澳门》MV发布,203.0,资讯,热点,2019-12-11 11:16:49,1576063009,02:06,387454,1976.0,1627,9966,13167,2737,45574,热点-资讯,0
31,78936132,BV1CJ411k7DN,【中国有故事第13集】“拉勾”的希望……,124.0,科技,社科人文,2019-12-12 00:30:45,1576110645,04:00,65129,155.0,84,414,1610,294,11421,社科人文-科技,0
32,78935440,BV1yJ411k73k,【启明|裂天、汐音社】年代有不屈天光，一笔一划写作华夏,28.0,音乐,原创音乐,2019-12-12 09:00:48,1576141248,03:49,189878,30.0,0,9248,12197,1152,24477,原创音乐-音乐,0
33,78985363,BV1uJ411C7gF,82年了……,37.0,纪录片,人文历史,2019-12-12 16:00:04,1576166404,03:47,474810,4796.0,5021,10310,44862,11011,0,人文历史-纪录片,0
34,78993619,BV1cJ411C7Dg,【藏】南京大屠杀死难者国家公祭日【风鸣社】,47.0,动画,短片·手书·配音,2019-12-13 00:00:10,1576195210,08:50,1282306,7535.0,24680,75856,135136,16926,198191,短片·手书·配音-动画,3
35,79364230,BV1xJ411k7uo,【预告 | 关注青少年权益保护】儿童模特、涉童家暴、性侵未成年人……,37.0,纪录片,人文历史,2019-12-15 08:17:43,1576397863,00:31,61405,377.0,21,226,1088,263,12384,人文历史-纪录片,0
36,79410156,BV1zJ411k72H,美女科学家在团中央做化学实验！,205.0,资讯,社会,2019-12-15 13:46:36,1576417596,00:10,248826,780.0,67,307,1339,384,16101,社会-资讯,0
37,79484201,BV1gJ41167rQ,【团团直播间】青春助力中国 科技改变世界,39.0,科技,演讲· 公开课,2019-12-16 07:40:36,1576482036,94:23,30125,80.0,116,157,797,169,7772,演讲· 公开课-科技,0
38,79495965,BV1sJ41167as,2019王毅外长九大名场面,203.0,资讯,热点,2019-12-16 08:36:35,1576485395,02:01,1501285,1832.0,3021,24859,17553,4468,108226,热点-资讯,55
39,79576230,BV1mJ411678y,【回放|团团直播间】青春奋进新时代 创新创业报国家,39.0,科技,演讲· 公开课,2019-12-17 02:37:06,1576550226,85:17,31169,80.0,38,134,815,222,7274,演讲· 公开课-科技,0
40,79604551,BV1oJ41167eh,【成长启示录① 童模】“日入过万”的诱惑和隐忧,206.0,资讯,综合,2019-12-17 08:22:24,1576570944,36:01,177695,2816.0,2977,1722,2147,931,16683,综合-资讯,0
41,79694367,BV1fJ41147wG,双倍快乐！耿爽、吴谦同框,203.0,资讯,热点,2019-12-18 02:38:04,1576636684,01:04,1118616,1334.0,2300,8036,5770,1054,74389,热点-资讯,77
42,79715114,BV1RJ41147ta,【青课2019】探寻中华文明源头,39.0,科技,演讲· 公开课,2019-12-18 07:03:04,1576652584,64:05,98739,958.0,1157,3319,2593,613,14460,演讲· 公开课-科技,0
43,79825061,BV1BJ411t7Sw,【中国有故事 第14集】国宝又“活”了,205.0,资讯,社会,2019-12-19 06:12:36,1576735956,04:00,70799,228.0,128,559,1538,237,12426,社会-资讯,0
44,79829637,BV16J411t7gd,【溯梦·归乡】澳门回归20周年纪【Braska、昼夜、流浪的蛙蛙、裂天】,28.0,音乐,原创音乐,2019-12-19 12:20:40,1576758040,04:25,104362,602.0,383,5016,7116,1261,19449,原创音乐-音乐,0
45,79878959,BV11J411t7gs,【澳门回归20周年】你可知Macau不是我真姓……,203.0,资讯,热点,2019-12-19 14:24:22,1576765462,12:52,207034,0.0,0,3737,7651,1340,28501,热点-资讯,0
46,79892426,BV1fJ411t736,习近平与大家合唱《歌唱祖国》,203.0,资讯,热点,2019-12-19 15:57:24,1576771044,01:21,1232629,63.0,0,12095,23092,4466,119363,热点-资讯,39
47,79881097,BV12J411t7oY,《守护》 庆祝澳门回归20周年,203.0,资讯,热点,2019-12-20 01:00:50,1576803650,04:25,87721,347.0,284,1226,2647,607,16536,热点-资讯,0
48,79882303,BV12J411t7uh,【Rap】我的名字叫澳门（Ao Men）,28.0,音乐,原创音乐,2019-12-20 02:00:08,1576807208,02:36,510325,1260.0,1539,18226,24991,2519,58449,原创音乐-音乐,0
49,79922533,BV1uJ411b74K,习近平：中国内政用不着任何外部势力指手画脚,203.0,资讯,热点,2019-12-20 03:31:37,1576812697,01:03,2806267,1540.0,1,16412,39873,6747,221527,热点-资讯,0
50,80023520,BV1ZJ411x7EU,2019年国防部霸气回应合集,203.0,资讯,热点,2019-12-20 18:42:02,1576867322,01:44,438434,862.0,712,7124,5728,1693,35523,热点-资讯,0
51,80218478,BV17J411s7KN,今日冬至，吃饺子还是吃汤圆？,205.0,资讯,社会,2019-12-22 07:26:26,1576999586,05:30,103489,2779.0,960,455,1956,675,15778,社会-资讯,0
52,80454407,BV1hJ411x7b9,【成长启示录②】事实孤儿的伤与痛,37.0,纪录片,人文历史,2019-12-24 06:55:01,1577170501,36:01,68741,833.0,878,817,1995,552,12340,人文历史-纪录片,0
53,80563870,BV13J411W7hB,【中国女排】演员表-自己演自己,203.0,资讯,热点,2019-12-25 01:22:40,1577236960,02:03,569930,1759.0,1274,5277,4949,3750,43154,热点-资讯,88
54,80608035,BV1xJ411W7nq,【国之重器 - 2019中国制造日主题曲】此生有幸入华夏，来世还愿种花家【囚牛】,203.0,资讯,热点,2019-12-25 16:00:04,1577289604,03:34,476320,1700.0,3102,27239,37214,4067,55247,热点-资讯,41
55,80842696,BV1DJ411Y76k,【中国有故事 第15集】猜爸爸,203.0,资讯,热点,2019-12-27 06:47:58,1577429278,04:00,63111,134.0,77,241,1154,233,10267,热点-资讯,0
56,80864313,BV1UJ411Y7rK,【美国“贼喊捉贼”】2019年12月国防部例行记者会,203.0,资讯,热点,2019-12-27 09:51:14,1577440274,44:38,280243,1152.0,2684,2432,3586,717,24062,热点-资讯,0
57,80860654,BV1mJ411Y7bR,【回放】2019第四届中国制造日,203.0,资讯,热点,2019-12-27 13:10:21,1577452221,335:54,179809,742.0,4269,2908,2873,1004,13082,热点-资讯,0
58,80904696,BV13J411e7dA,长征五号零问题归来！全网最好懂视频带你看它有多牛,201.0,科技,科学科普,2019-12-27 15:32:29,1577460749,06:29,168755,962.0,972,1458,3974,1055,19428,科学科普-科技,0
59,81181085,BV1RJ411a7Ab,现实版战狼！老兵战乱中护送244名同胞回国,203.0,资讯,热点,2019-12-29 12:22:14,1577622134,01:29,226612,1058.0,278,2154,2799,825,28037,热点-资讯,0
60,81199913,BV1cJ411Y7or,【阅兵BGM】庆祝中华人民共和国成立70周年典礼阅兵曲音乐会,29.0,音乐,音乐现场,2019-12-29 14:59:34,1577631574,90:22,284605,2131.0,5711,13910,6666,2462,27296,音乐现场-音乐,0
61,81248937,BV1KJ411Y7kY,【洛天依】化学生僻字,30.0,音乐,VOCALOID·UTAU,2019-12-30 03:47:43,1577677663,03:40,836198,3001.0,8111,37408,32947,13305,71866,VOCALOID·UTAU-音乐,22
62,81394908,BV1MJ411h7p3,【回望2019】当我想起英雄,203.0,资讯,热点,2019-12-31 10:00:27,1577786427,03:22,78549,11.0,0,2924,4911,1116,15636,热点-资讯,0
63,81466586,BV1rJ411h7Ba,国家主席习近平发表二〇二〇年新年贺词,203.0,资讯,热点,2019-12-31 12:39:36,1577795976,14:52,742203,63.0,0,21900,41013,12949,134285,热点-资讯,29
64,81414764,BV15J411h7ZU,【小连杀】摇头的2019年 | 野狼2019Disco,31.0,音乐,翻唱,2019-12-31 16:00:54,1577808054,03:39,247201,923.0,6008,9616,27774,4828,35400,翻唱-音乐,0
65,81564926,BV1hJ411b7ci,【今日最燃】2020元旦升国旗仪式,203.0,资讯,热点,2020-01-01 01:18:50,1577841530,10:35,612996,2929.0,28058,12709,24248,5268,81982,热点-资讯,22
66,81423028,BV17J411h7pU,【风华引丨小缘/三无/祖娅纳惜/白止】2020新年献曲『人声本家』,28.0,音乐,原创音乐,2020-01-01 02:00:57,1577844057,04:09,397870,1357.0,3317,20022,25512,2607,42617,原创音乐-音乐,91
67,81421041,BV17J411h7Zd,【风华引丨洛天依/乐正绫/言和/乐正龙牙】2020新年献曲,30.0,音乐,VOCALOID·UTAU,2020-01-01 02:00:57,1577844057,04:09,239055,1248.0,1950,19252,19616,1968,32952,VOCALOID·UTAU-音乐,0
68,81580966,BV1xJ411b7ka,【团团有话说】新年快乐！,21.0,生活,日常,2020-01-01 04:00:11,1577851211,03:51,83470,400.0,258,308,1732,321,14301,日常-生活,0
69,81605797,BV1CJ411b7Vn,新年快乐 · 香港  戴天抒,203.0,资讯,热点,2020-01-01 06:33:50,1577860430,03:26,191980,1378.0,564,3097,5111,896,24596,热点-资讯,0
70,81730997,BV1nJ41187Gm,【成长启示录③】性侵未成年人事件调查,205.0,资讯,社会,2020-01-02 03:19:07,1577935147,36:01,357411,2187.0,9109,5520,4868,2421,27171,社会-资讯,0
71,81744191,BV1jJ411877E,【中国有故事 第16集】谁不想当“孙大圣”,203.0,资讯,热点,2020-01-02 06:05:59,1577945159,03:57,81644,888.0,422,484,1914,399,12766,热点-资讯,0
72,81895133,BV1yJ411j7kF,【走你】山东舰版航母style┏ (゜ω゜)=☞,203.0,资讯,热点,2020-01-03 08:21:21,1578039681,00:39,300099,1304.0,586,1137,1716,494,20434,热点-资讯,0
73,81900078,BV1UJ411j7TJ,【燃！2020陆军MV】战斗吧，人民陆军！,203.0,资讯,热点,2020-01-03 09:04:32,1578042272,03:00,478397,73.0,0,9371,8695,1983,40612,热点-资讯,0
74,81906966,BV1BJ411j7vR,外交部：伊朗军官遇袭身亡 中方反对在国际关系中使用武力,203.0,资讯,热点,2020-01-03 09:47:40,1578044860,00:56,502221,2575.0,550,1041,1627,879,25184,热点-资讯,0
75,81987124,BV15J41177pi,【2020海军陆战队】比电影更真实，现实版红海行动,203.0,资讯,热点,2020-01-04 01:59:26,1578103166,01:39,615806,1120.0,1058,5491,5299,1569,37413,热点-资讯,0
76,82178105,BV1pJ411L7uZ,【军车逮虾户】解放军在线漂移2P逮虾户,203.0,资讯,热点,2020-01-05 07:59:17,1578211157,04:52,758648,1653.0,2809,6203,5852,4231,43369,热点-资讯,0
77,81902288,BV1mJ411j7xf,【青课2019】马克思主义与21世纪中国横版,39.0,科技,演讲· 公开课,2020-01-05 08:17:24,1578212244,58:08,112437,18.0,0,3142,2616,893,13716,演讲· 公开课-科技,0
78,82329033,BV1vJ411V7fr,【成长启示录④】未成年人家庭暴力调查,205.0,资讯,社会,2020-01-06 10:55:59,1578308159,36:01,70363,1243.0,1737,1023,1785,760,14170,社会-资讯,0
79,82536978,BV18J411572i,特朗普2011年预言：总统为了连任跟伊朗开战,204.0,资讯,环球,2020-01-08 03:52:41,1578455561,00:42,2014959,4201.0,2923,36075,22880,78251,111925,环球-资讯,5
80,82546796,BV1yJ41157qi,周总理说：我们的目标是,203.0,资讯,热点,2020-01-08 05:33:14,1578461594,01:17,1065618,4132.0,0,16387,26551,3316,90740,热点-资讯,0
81,82666410,BV18J411G7YV,【青课2019】秦汉帝国强盛密码,39.0,科技,演讲· 公开课,2020-01-09 04:33:00,1578544380,65:25,109898,687.0,1384,2730,2182,536,12441,演讲· 公开课-科技,0
82,82689454,BV11J411G7Ee,【中国有故事 第17集】 时光照相馆,124.0,科技,社科人文,2020-01-09 07:32:27,1578555147,03:59,73521,17.0,0,328,1343,356,10891,社科人文-科技,0
83,82943583,BV1TJ411p74P,【人间值得】每天一遍，防止抑郁,21.0,生活,日常,2020-01-11 04:30:14,1578717014,03:22,1036861,2639.0,2838,53733,71903,12441,127046,日常-生活,37
84,83251570,BV1XJ411n75c,逆行者！民警举盾牌冲进滚石区救人,205.0,资讯,社会,2020-01-13 08:17:03,1578903423,00:48,657624,1480.0,1675,4820,9523,951,69974,社会-资讯,92
85,83303652,BV1jJ411H7eV,外交部：青蛙的鼓噪，岂能阻止牛到河边饮水,203.0,资讯,热点,2020-01-13 14:26:07,1578925567,02:27,699021,2358.0,1929,2836,3844,1194,44513,热点-资讯,0
86,83350215,BV1pJ411H7b9,基建狂魔的浪漫与柔情,203.0,资讯,热点,2020-01-14 04:03:54,1578974634,06:10,296847,966.0,916,3346,4553,857,26520,热点-资讯,0
87,83358880,BV1sJ411H787,【成长启示录⑤】闹市抢劫，1小时疯狂作案六起！16岁男孩为何走上歧途？,205.0,资讯,社会,2020-01-14 06:08:04,1578982084,36:03,138689,686.0,1137,666,1294,563,12940,社会-资讯,0
88,83627509,BV1eJ41177Tb,于敏逝世一周年：我过去学的所有东西都可以抛掉，全力以赴搞出氢弹,203.0,资讯,热点,2020-01-16 03:23:28,1579145008,00:57,478516,1649.0,2828,7482,12522,1652,66006,热点-资讯,0
89,83636827,BV1BJ41177mM,【缅怀于敏 · 生前采访】两弹一星功勋科学家 于敏,96.0,科技,星海,2020-01-16 04:47:46,1579150066,24:00,74435,88.0,8,1877,2607,706,24134,星海-科技,0
90,83691638,BV19J41177QD,【中国有故事 第18集】我家有座“争气桥”,203.0,资讯,热点,2020-01-16 11:02:49,1579172569,04:00,83127,576.0,290,462,2065,512,13846,热点-资讯,0
91,84104587,BV1x7411q7R4,【吃鸡技巧】解放军教你甩狙，守株待兔，一石二鸟,96.0,科技,星海,2020-01-19 07:21:07,1579418467,03:37,1224674,3621.0,4899,12750,5230,8584,78566,星海-科技,71
92,84129670,BV1y7411q7T3,【王菲X那英】中国女排《夺冠》片尾曲,203.0,资讯,热点,2020-01-19 10:05:01,1579428301,05:25,133141,1259.0,534,980,1222,858,16710,热点-资讯,0
93,84212847,BV177411v7PM,“习大大，彭麻麻呢？”“没来。快过年了都在家里忙着呢！”,203.0,资讯,热点,2020-01-20 00:40:12,1579480812,00:13,2903691,0.0,0,28283,33750,12029,284675,热点-资讯,6
94,84230689,BV1s7411v755,【喀什地震】铁路值班员不跑，拿起喊停列车,21.0,生活,日常,2020-01-20 04:17:09,1579493829,00:19,565712,1315.0,676,2196,7624,981,61615,日常-生活,0
95,84281160,BV1S7411v7JB,【协和医院】当医生们开始唱歌,31.0,音乐,翻唱,2020-01-20 10:07:44,1579514864,04:28,287449,1701.0,1240,6204,9559,2688,38349,翻唱-音乐,0
96,84382271,BV1H7411i7cm,习近平向全国人民拜年！,203.0,资讯,热点,2020-01-21 04:41:04,1579581664,01:29,387329,0.0,0,3240,8385,1945,66307,热点-资讯,0
97,84400778,BV1L7411i78t,【成长启示录⑥】令人心疼！7岁女童遭虐待，自曝曾被奶奶用老虎钳夹手……,37.0,纪录片,人文历史,2020-01-21 07:50:35,1579593035,36:01,149064,804.0,2267,1097,1788,714,17588,人文历史-纪录片,0
98,84669588,BV1Z7411e7u2,牛津大学国乐宣传演讲：让世界认识中国民族乐器,39.0,科技,演讲· 公开课,2020-01-23 09:59:57,1579773597,14:02,154236,500.0,676,1251,2310,531,21859,演讲· 公开课-科技,0
99,84656702,BV1R7411e7Ff,春节，一起来捏面人吧,203.0,资讯,热点,2020-01-24 02:02:09,1579831329,00:39,72093,528.0,82,110,439,331,13884,热点-资讯,0
100,84802804,BV1d7411a7zJ,【团团有话说】今年春节你在哪儿过年？,21.0,生活,日常,2020-01-24 03:01:05,1579834865,02:19,74155,1216.0,208,153,1118,349,12497,日常-生活,0
101,84679977,BV1b7411a7F4,2019年梗回顾！这些你们都还记得吗？【梗百科·春节特别节目】,206.0,资讯,综合,2020-01-24 04:00:14,1579838414,08:40,433500,1273.0,4789,8168,14810,1267,49022,综合-资讯,0
102,84840743,BV1J7411Y7qs,【基建狂魔】不是游戏，是武汉版“小汤山”建造瞬间,203.0,资讯,热点,2020-01-24 08:02:12,1579852932,00:13,1230895,4573.0,1858,2702,3701,2121,52542,热点-资讯,79
103,84843309,BV1J7411Y7uS,【首席流行病专家曾光】面对它，不要怕！,203.0,资讯,热点,2020-01-24 08:40:58,1579855258,12:01,417726,3549.0,2351,3949,9308,11131,40385,热点-资讯,0
104,84912540,BV167411Y7za,武汉挺住，大年三十，解放军来了！,203.0,资讯,热点,2020-01-24 17:16:44,1579886204,00:16,1097277,4775.0,2706,4060,6094,2476,85327,热点-资讯,63
105,85132596,BV1X7411k7Eo,【真哏儿！天津人防疫打快板】做好防疫筑平安,138.0,生活,搞笑,2020-01-26 11:36:19,1580038579,03:13,154558,1293.0,461,1973,2370,3253,24462,搞笑-生活,0
106,85146207,BV1d7411k7kC,天津快板，为逆行者点赞！,203.0,资讯,热点,2020-01-26 12:55:29,1580043329,02:28,160567,1201.0,703,1337,2598,1221,32530,热点-资讯,0
107,85165972,BV1A7411C7uf,与时间赛跑！武汉火神山医院第一间病房建成,203.0,资讯,热点,2020-01-26 14:33:22,1580049202,00:12,824049,1761.0,396,1080,2063,1289,40573,热点-资讯,0
108,85179336,BV1K7411C78u,【快板·李少杰】病毒是个大圆脸，疙里疙瘩凸起像皇冠,138.0,生活,搞笑,2020-01-26 16:07:17,1580054837,03:22,148511,429.0,162,454,942,787,18112,搞笑-生活,0
109,85286739,BV1m74116775,哪有什么基建狂魔，全是朴实善良的劳动者,203.0,资讯,热点,2020-01-27 11:25:44,1580124344,00:37,702156,2895.0,2821,4014,9320,1856,80714,热点-资讯,0
110,85289169,BV1U741167YK,【节瑞】鼠年贺岁曲【肥皂菌、云雀、墨雨晨、冬子、少年霜、小时姑娘、傅小司_Taboo、Braska、宁采臣】,28.0,音乐,原创音乐,2020-01-27 11:47:01,1580125621,05:17,99565,492.0,513,2365,3208,848,17816,原创音乐-音乐,0
111,85454560,BV1z7411r7Ko,习近平：我相信，我们一定会战胜这一次疫情！,203.0,资讯,热点,2020-01-28 12:25:40,1580214340,01:52,442355,34.0,0,2290,6073,1768,57842,热点-资讯,0
112,85497778,BV1p7411z7NU,【仁心】献给前线抗击肺炎的医护人员们的一首歌！,203.0,资讯,热点,2020-01-29 02:00:40,1580263240,04:01,147302,877.0,965,4136,8594,1670,33451,热点-资讯,0
113,85568881,BV1C7411z7An,【Lao乾妈、双笙】2020同心同行 防疫知识小科普,203.0,资讯,热点,2020-01-29 07:30:18,1580283018,03:21,108599,770.0,705,1605,3490,1517,18401,热点-资讯,0
114,85538292,BV1v7411z7K3,【排骨教主】与共 - 武汉加油，中国加油！,31.0,音乐,翻唱,2020-01-29 08:00:45,1580284845,03:31,325919,2106.0,4818,9914,19415,3122,47473,翻唱-音乐,0
115,85542896,BV1x7411z7Ci,【凉风辟谣】开局一张图，内容全靠编！别再信谣传谣啦！,203.0,资讯,热点,2020-01-29 14:00:57,1580306457,07:46,3840101,24816.0,38679,68586,231166,39308,457335,热点-资讯,3
116,85695455,BV1p741167GG,【天府事变】武汉加油！我们在一起,203.0,资讯,热点,2020-01-30 06:30:44,1580365844,02:57,287788,1173.0,3197,8072,13250,2766,36183,热点-资讯,0
117,85736649,BV197411q7FE,【张大哥保重】金银潭医院院长回应身患渐冻症：坦然面对,203.0,资讯,热点,2020-01-30 07:37:05,1580369825,01:00,315127,1017.0,1208,1796,4152,1060,41174,热点-资讯,0
118,85924266,BV1Q7411B7se,省委书记照样被拦下，村口大爷有多敬业！,203.0,资讯,热点,2020-01-31 09:36:22,1580463382,00:11,1018489,4396.0,463,2604,4434,2855,54690,热点-资讯,0
119,85968079,BV1d7411B7jP,三地交警接力，护送武汉医生上一线,203.0,资讯,热点,2020-01-31 12:40:39,1580474439,00:58,385312,1479.0,851,2507,4228,907,41222,热点-资讯,0
120,86060127,BV1K7411x7ZP,【武汉加油】祖娅纳惜、HITA、柏凝、Braska、李蚊香、冥月月、玄觞、小爱的妈、小时姑娘、妖扬、龟仙人龟娘、流浪的蛙蛙,203.0,资讯,热点,2020-02-01 08:09:31,1580544571,04:23,232970,1959.0,3525,7876,14675,2654,36406,热点-资讯,0
121,86262688,BV1J7411W7py,【解放军来了！】军队1400人承担火神山救治任务,203.0,资讯,热点,2020-02-02 05:50:19,1580622619,02:11,530550,3496.0,2599,3872,5730,2414,47053,热点-资讯,0
122,86461696,BV1E7411s7mW,火  神  山,203.0,资讯,热点,2020-02-03 10:00:32,1580724032,05:21,662639,2418.0,5768,11454,29433,3691,59189,热点-资讯,91
123,86516544,BV1K7411p727,李显龙：因疫情排华是错误心态，这不是一个国籍甚至是种族的问题,206.0,资讯,综合,2020-02-03 10:05:10,1580724310,04:15,262363,1264.0,541,712,932,651,25514,综合-资讯,0
124,86571147,BV1G7411p7FY,【武汉】待你重新按下播放键，来一碗热干面，飚一句“我信了你的邪！”,203.0,资讯,热点,2020-02-03 14:59:00,1580741940,02:03,440899,2962.0,739,10386,8376,5067,51093,热点-资讯,0
125,86639206,BV1y7411p75N,战疫情 · 共青团中央在重点领域组建疫情防控青年突击队,203.0,资讯,热点,2020-02-04 03:35:00,1580787300,02:12,105231,755.0,103,300,1668,551,17808,热点-资讯,0
126,86934622,BV1Y7411H7eX,【两地书】身患渐冻症！却在武汉抗疫第一线 李光洁致敬金银潭医院张定宇院长,85.0,影视,短片,2020-02-05 15:00:50,1580914850,08:01,215349,1535.0,271,869,2546,1141,30557,短片-影视,0
127,87102091,BV1b7411h785,【预告】博物馆里的中国通史,203.0,资讯,热点,2020-02-06 08:40:13,1580978413,02:02,93538,377.0,336,1425,1493,721,17022,热点-资讯,0
128,87100665,BV147411h7Gw,【原创曲丨排骨教主】《夜中灯火》——献给在疫情阻击战中坚守防线的英雄们『人声本家』,28.0,音乐,原创音乐,2020-02-06 09:19:02,1580980742,02:58,186091,896.0,1366,6807,9631,1725,34588,原创音乐-音乐,0
129,87094634,BV1L7411h7ZB,【乐正绫原创曲】《夜中灯火》——献给在疫情阻击战中坚守防线的英雄们,203.0,资讯,热点,2020-02-06 09:19:12,1580980752,02:58,258645,1410.0,2345,15123,18041,2189,43736,热点-资讯,0
130,87137280,BV1B7411h7GU,感动！汶川村民自发支援武汉100吨蔬菜,203.0,资讯,热点,2020-02-06 11:07:04,1580987224,01:54,358969,2275.0,1443,2787,4605,1303,50800,热点-资讯,0
131,87103025,BV1b7411h755,【史图馆】731、“马路大”意味着什么？人类历史上的罪恶一页,96.0,科技,星海,2020-02-06 13:00:38,1580994038,05:15,1344294,12468.0,21073,59367,139727,15716,221037,星海-科技,0
132,87141953,BV1z7411h7eM,颜丹晨哽咽书信张益华等空乘天使【两地书】：有你们在，万千旅客就踏实了,85.0,影视,短片,2020-02-06 14:40:25,1581000025,08:01,102100,926.0,99,299,1098,691,17204,短片-影视,0
133,87293999,BV127411b71Z,【博物馆里的中国通史①】从神话到历史,203.0,资讯,热点,2020-02-07 10:10:18,1581070218,08:49,148802,847.0,1486,5630,5308,1765,21617,热点-资讯,0
134,87363675,BV1M741187xh,我们心在一起,28.0,音乐,原创音乐,2020-02-07 12:51:54,1581079914,05:25,102458,652.0,747,1224,3797,862,20215,原创音乐-音乐,0
135,87354887,BV197411b7EM,疫情期间他们仍走街串巷，守护群众！刘佩琦致敬彭宏等基层干部《两地书》,85.0,影视,短片,2020-02-07 14:35:06,1581086106,08:01,106739,548.0,100,286,1410,712,19484,短片-影视,0
136,87306123,BV1U7411b7tz,【博物馆里的中国通史②】地理与环境,203.0,资讯,热点,2020-02-08 10:06:47,1581156407,08:22,97174,380.0,769,2152,2992,900,15802,热点-资讯,0
137,87752117,BV157411b74v,胜利就在前方，武汉加油！,28.0,音乐,原创音乐,2020-02-09 12:00:34,1581249634,03:48,80408,694.0,428,663,2220,702,17514,原创音乐-音乐,0
138,87995184,BV1F7411t787,宅家无聊？精品网课，尽在学习强国！,203.0,资讯,热点,2020-02-10 09:53:43,1581328423,01:08,109686,1055.0,167,271,876,646,14304,热点-资讯,0
139,87372577,BV13741187MK,【博物馆里的中国通史③】人类来到东亚,203.0,资讯,热点,2020-02-10 10:00:39,1581328839,09:26,110219,668.0,1223,1602,2566,612,17084,热点-资讯,0
140,88007746,BV1X741147DX,记者詹松直播武汉现状泣不成声！导演陆川致敬武汉前线媒体人【两地书】,85.0,影视,短片,2020-02-10 14:00:45,1581343245,08:01,148836,512.0,261,460,1535,707,21233,短片-影视,0
141,87804724,BV1h7411b72H,【博物馆里的中国通史④】从北京人到山顶洞人,203.0,资讯,热点,2020-02-11 10:49:20,1581418160,09:40,96499,550.0,869,1383,1900,541,15175,热点-资讯,0
142,88234907,BV1i7411574S,96年女医生甘如意骑行四天三夜回武汉抗疫，蓝羽致敬90后最美逆行者！,85.0,影视,短片,2020-02-11 12:00:42,1581422442,08:01,154512,628.0,233,593,1659,840,22091,短片-影视,0
143,87805675,BV1h7411b7nF,【博物馆里的中国通史⑤】石器时代：什么是石器,203.0,资讯,热点,2020-02-12 10:00:35,1581501635,09:41,79825,315.0,819,1156,1789,478,14759,热点-资讯,0
144,88468579,BV1K7411V78d,女儿画画支持医生妈妈：我想你，但我不哭 ， 瑶淼哽咽致敬《两地书》,85.0,影视,短片,2020-02-12 14:37:06,1581518226,08:01,63624,230.0,89,198,866,579,15497,短片-影视,0
145,88658954,BV1s7411378W,【动态漫】岂曰无衣，与鄂同袍,203.0,资讯,热点,2020-02-13 07:47:02,1581580022,03:44,766913,2976.0,9601,34540,63128,9345,101930,热点-资讯,0
146,87806466,BV1Y7411b7h8,【博物馆里的中国通史⑥】采集时代的食物，都到碗里来,203.0,资讯,热点,2020-02-13 10:00:39,1581588039,08:10,78353,452.0,744,1092,1593,517,14071,热点-资讯,0
147,88691205,BV1v741137kP,数位医生痊愈后立即返岗 ！大鹏深受感动，写信致敬“平民英雄”【两地书】,85.0,影视,短片,2020-02-13 14:03:54,1581602634,08:01,91479,370.0,109,335,1134,532,17127,短片-影视,0
148,88796322,BV1K7411G7AA,【热血出征】这一战，我们一定能赢！【宝石 Gem《出征》MV】,96.0,科技,星海,2020-02-13 16:53:49,1581612829,02:37,371889,30.0,2086,11875,9881,3338,39588,星海-科技,0
149,88790645,BV1N7411G7ib,金银潭医院院长：患者康复后体内含抗体，恳请康复患者捐赠血浆,203.0,资讯,热点,2020-02-13 17:05:46,1581613546,02:38,387262,2735.0,136,693,2351,1233,29160,热点-资讯,0
150,87807832,BV1Y7411b7L2,【博物馆里的中国通史⑦】锅碗瓢盆，陶器的发明,203.0,资讯,热点,2020-02-14 10:00:11,1581674411,09:00,68872,365.0,696,1120,1768,434,13116,热点-资讯,0
151,88967755,BV1t7411g7ah,【恋曲2020】今天，不可触及的爱，无处不在,21.0,生活,日常,2020-02-14 12:36:29,1581683789,04:59,102170,559.0,362,1447,3239,1013,21147,日常-生活,0
152,88966535,BV1t7411g7yQ,武汉民警董宏祥一家七人奋战在一线，导演丁晟感动书信基层警务工作者【两地书】,85.0,影视,短片,2020-02-14 14:25:12,1581690312,08:01,47514,134.0,45,194,1005,519,12599,短片-影视,0
153,89185694,BV1t7411J7bx,【大国大爱】音频怪物/李常超/萧忆情/贰婶/排骨教主/奇然/流浪的蛙蛙/伦桑/司夏/董真/陈粤彬/王琦BOWI/霄磊/秦子墨/沈谧仁/陈鹏杰/封茗囧菌,28.0,音乐,原创音乐,2020-02-15 09:37:21,1581759441,04:14,242411,1633.0,3271,14281,24469,4105,42252,原创音乐-音乐,0
154,89277058,BV1Z7411J7bx,【宅家无聊？】学习强国“在家上学”再升级，快来寻宝！,205.0,资讯,社会,2020-02-15 14:56:36,1581778596,01:26,108787,1205.0,99,328,751,711,13571,社会-资讯,0
155,89697147,BV197411j7GM,日本旗袍女孩为武汉募集50万日元，郭帆给旗袍募捐女孩写信【两地书】,85.0,影视,短片,2020-02-17 15:10:29,1581952229,08:01,223246,3449.0,671,905,2524,971,26883,短片-影视,0
156,89897498,BV1R741177mk,【原创BGM】英雄【致敬白衣战士】,28.0,音乐,原创音乐,2020-02-18 09:21:41,1582017701,03:36,215793,1869.0,1774,5671,11970,1002,33410,原创音乐-音乐,0
157,89906426,BV12741177fy,泪目！胡世颉、史庆辉驰援湖北，留下这几个字！王庆祥致敬援鄂医生【两地书】,85.0,影视,短片,2020-02-18 13:55:33,1582034133,08:01,65339,1776.0,86,198,893,553,13758,短片-影视,0
158,90104759,BV1M7411j7ZG,【Minecraft】用我的世界打开火神山医院,96.0,科技,星海,2020-02-19 11:30:58,1582111858,06:10,817991,3352.0,6207,27216,56709,4955,104900,星海-科技,0
159,90126976,BV1s7411j7KL,好消息！91岁高龄新冠肺炎患者出院！卢奇致敬抗疫成功九旬老兵【两地书】,85.0,影视,短片,2020-02-19 13:55:49,1582120549,08:01,88988,611.0,172,267,1064,580,17433,短片-影视,0
160,90326093,BV1S7411A7dE,【平旦｜洛天依/乐正绫】武汉加油！中国加油！,203.0,资讯,热点,2020-02-20 11:00:34,1582196434,04:30,153931,1630.0,985,3758,5621,984,23407,热点-资讯,0
161,90638140,BV1R7411w7iB,排雷英雄杜富国妹妹出征抗疫一线，王宝强以许三多精神致敬杜富国、杜富佳兄妹,85.0,影视,短片,2020-02-21 14:10:58,1582294258,08:01,167441,604.0,450,755,2698,730,27427,短片-影视,0
162,90838948,BV1L7411c7pU,这次疫情，带给你哪些改变？,203.0,资讯,热点,2020-02-22 07:15:05,1582355705,03:10,197636,2245.0,803,2069,2207,882,25202,热点-资讯,0
163,90848089,BV177411c7h4,【Together】19国音乐人翻唱中国民谣，为中国战“疫”加油！,31.0,音乐,翻唱,2020-02-22 12:30:03,1582374603,04:55,456251,1430.0,3148,17471,12415,3838,60877,翻唱-音乐,0
164,90869642,BV1W7411c77A,我们是如何战胜蝗灾的？,205.0,资讯,社会,2020-02-22 13:00:21,1582376421,07:19,674990,3072.0,5232,9975,21758,2241,78509,社会-资讯,0
165,91128320,BV1P7411F75L,【防疫一线Vlog】忙了一天的90后护士，摘下口罩后……,96.0,科技,星海,2020-02-23 09:44:31,1582451071,03:05,218810,728.0,894,1944,3401,897,30429,星海-科技,0
166,91193733,BV1W7411F7iq,习近平在统筹推进新冠肺炎疫情防控和经济社会发展工作部署会议上强调 毫不放松抓紧抓实抓细防控工作 统筹做好经济社会发展各项工作,203.0,资讯,热点,2020-02-23 14:13:30,1582467210,13:39,92703,22.0,25,351,978,601,18089,热点-资讯,0
167,91214094,BV1J7411F7fU,“医生，我可不可以晚一点死？”,203.0,资讯,热点,2020-02-24 03:30:44,1582515044,04:38,1634148,6501.0,14307,42046,60570,12186,158384,热点-资讯,79
168,91361225,BV177411u7Nn,【直播回放】金灿荣：从国际角度看中国的防”疫“战,203.0,资讯,热点,2020-02-24 12:30:33,1582547433,53:49,577698,2238.0,12784,8691,9078,2661,31029,热点-资讯,0
169,91362160,BV1J7411u7Le,武汉夫妻为医护人员24小时送餐，陶红致敬武汉善心餐饮人【两地书】,85.0,影视,短片,2020-02-24 13:55:11,1582552511,08:01,72239,222.0,133,246,1187,414,16749,短片-影视,0
170,91684287,BV1N7411M7YY,爱不分国界！华人女孩东京街头发口罩,206.0,资讯,综合,2020-02-25 13:19:24,1582636764,00:45,805457,4378.0,1194,4820,4072,1239,77114,综合-资讯,0
171,91638035,BV1Q7411T78K,武汉123志愿者车队免费接送医护人员，龚格尔致敬武汉志愿者,85.0,影视,短片,2020-02-25 13:55:56,1582638956,08:01,71987,552.0,70,213,988,389,17474,短片-影视,0
172,91688320,BV1j7411M78f,【抗击疫情】我们一起用音乐守护爱,28.0,音乐,原创音乐,2020-02-26 03:30:43,1582687843,02:45,83785,778.0,262,886,2370,586,16366,原创音乐-音乐,0
173,91857109,BV1b7411K7iS,美官员称中国窃取美科研成果？赵立坚：中国科技成就一不靠偷 二不靠抢,203.0,资讯,热点,2020-02-26 07:48:51,1582703331,02:04,667539,2032.0,1140,1784,1720,593,42381,热点-资讯,0
174,91726102,BV187411M7BT,【杜甫·安得广厦千万间】茅屋为秋风所破歌【奇然/沈谧仁】,28.0,音乐,原创音乐,2020-02-26 10:10:09,1582711809,03:21,291766,2639.0,1638,13489,9690,2867,38503,原创音乐-音乐,0
175,91859298,BV1b7411K7TX,联合国秘书长感谢中国人民：中国人民在为全人类作贡献,203.0,资讯,热点,2020-02-26 13:35:35,1582724135,01:03,814785,1768.0,992,2180,1531,922,39383,热点-资讯,0
176,91917615,BV117411K7Xd,90后咖啡店主每天为医院送200杯咖啡，苏芒致敬武汉爱心咖啡人【两地书】,174.0,生活,其他,2020-02-26 15:03:41,1582729421,08:01,72812,422.0,147,284,1238,334,15258,其他-生活,0
177,92176317,BV157411N7TF,外交部：韩日抗击疫情，中国不会缺席,203.0,资讯,热点,2020-02-27 12:01:36,1582804896,00:29,410167,1740.0,441,1011,1240,468,27144,热点-资讯,0
178,92211268,BV1v7411N79o,于谦致信疫情下每一位乐观的你【两地书】：共克时艰，扬帆起航,85.0,影视,短片,2020-02-28 00:01:18,1582848078,08:01,148467,1120.0,928,1218,3378,909,23807,短片-影视,0
179,92347130,BV1DE411n7V3,太平志长留！这首由《将军令》改编的抗疫MV令人泪目,31.0,音乐,翻唱,2020-02-28 11:00:31,1582887631,04:04,539238,1600.0,1663,13772,21060,3619,45442,翻唱-音乐,0
180,92454814,BV1pE411H7zk,电影人刘劲和CCTV6电影频道员工签名祝福武汉【武汉我想对你说】,85.0,影视,短片,2020-02-28 15:57:56,1582905476,08:01,64186,45.0,104,182,1102,575,11848,短片-影视,0
181,93193404,BV1TE41177XH,吴谦：“军民团结如一人，试看天下谁能敌？”,203.0,资讯,热点,2020-03-02 11:04:55,1583147095,00:06,620605,2667.0,640,3658,3965,2224,43088,热点-资讯,0
182,93350053,BV1UE411x76P,【原创MV】Stand Strong Wuhan，21国青年唱响这首歌,28.0,音乐,原创音乐,2020-03-03 06:11:49,1583215909,03:52,116191,734.0,787,3762,6617,1067,25409,原创音乐-音乐,0
183,93351083,BV1UE411x7Hg,【中国有故事 防疫特别节目】致敬志愿者,203.0,资讯,热点,2020-03-03 11:05:03,1583233503,05:58,69635,599.0,235,917,2221,1018,16889,热点-资讯,0
184,93583884,BV1cE411t75U,外交部：中方连发四问回应美限制中国媒体,203.0,资讯,热点,2020-03-04 03:09:43,1583291383,01:29,395562,1754.0,695,1534,1915,794,35091,热点-资讯,0
185,93862087,BV1VE411W7Xw,【48秒速览】全国医务人员驰援湖北,203.0,资讯,热点,2020-03-05 06:13:24,1583388804,00:49,378013,1578.0,2393,4435,3115,1231,37820,热点-资讯,0
186,93947227,BV16E411W7DQ,外交部回应美主持人要中国就疫情道歉：谁要求美国为H1N1流感道歉了吗？,203.0,资讯,热点,2020-03-05 12:17:01,1583410621,00:45,2376640,5101.0,3235,10872,10051,5875,133708,热点-资讯,75
187,93975554,BV1zE411W7vH,报告称美中情局长期渗透攻击中国网络！赵立坚：请给中国和世界一个解释,203.0,资讯,热点,2020-03-05 13:29:03,1583414943,00:27,1321475,3920.0,972,3467,3050,1581,67023,热点-资讯,0
188,94153903,BV1wE411p73h,若你也曾见过他们……,203.0,资讯,热点,2020-03-06 08:16:56,1583482616,04:33,247532,772.0,1367,4259,4595,1155,36328,热点-资讯,0
189,94371400,BV1fE411p7MU,超飒！歼-10B飞高难动作落叶飘,96.0,科技,星海,2020-03-07 06:15:11,1583561711,01:03,521749,2931.0,1134,1592,1645,787,33825,星海-科技,0
190,94547492,BV1qE411g7cN,千年女子最强音《华夏巾帼志》【茶理理/小缘/肥皂菌/三畿道】,28.0,音乐,原创音乐,2020-03-08 02:00:00,1583632800,03:41,443825,2285.0,3162,28922,42692,7016,64759,原创音乐-音乐,0
191,94548443,BV1BE411g7fQ,【华夏巾帼志】妇女能顶半边天【V家】洛天依、乐正绫、墨清弦、言和,30.0,音乐,VOCALOID·UTAU,2020-03-08 02:00:00,1583632800,03:41,355321,3640.0,3188,30255,37123,6254,61019,VOCALOID·UTAU-音乐,59
192,94459415,BV1cE411g77h,“如果有天，爸妈都不管我，那该多好啊……”,205.0,资讯,社会,2020-03-08 03:10:54,1583637054,03:14,277921,1773.0,1655,5389,9794,1254,46157,社会-资讯,0
193,94673985,BV1eE411M7CE,张伟丽成功卫冕 UFC世界冠军！用实力说话！,203.0,资讯,热点,2020-03-08 11:50:47,1583668247,00:29,452861,2860.0,746,1554,7322,1365,71142,热点-资讯,0
194,94911371,BV1TE411T7Fb,【回放】张伟丽VS乔安娜【PP体育授权发布】,163.0,生活,运动,2020-03-09 07:53:17,1583740397,46:36,910061,6357.0,37508,22165,35707,17649,89194,运动-生活,67
195,94924222,BV1FE411T7tL,美剧《良医》男主角：剧组的道具医用口罩快被人偷光了,206.0,资讯,综合,2020-03-09 09:06:35,1583744795,00:55,771160,1056.0,529,2466,1301,2757,37552,综合-资讯,0
196,94980631,BV17E411T7Rm,外交部：谴责美国国务卿蓬佩奥“武汉冠状病毒”表述,203.0,资讯,热点,2020-03-09 12:45:44,1583757944,00:25,394632,768.0,420,907,1847,625,33649,热点-资讯,0
197,95236484,BV1TE411K7cx,习近平深入武汉社区 看望居民群众和防控一线工作人员,203.0,资讯,热点,2020-03-10 11:54:23,1583841263,00:48,395209,48.0,0,1793,4706,1565,49770,热点-资讯,0
198,95237292,BV1KE411K7B2,习近平考察火神山医院 看望慰问患者和医务工作者,203.0,资讯,热点,2020-03-10 12:59:54,1583845194,00:37,222046,61.0,0,705,2664,580,36044,热点-资讯,0
199,95410338,BV1UE411K7yL,大连小伙走错车厢滞留武汉 成为战“疫”志愿者,203.0,资讯,热点,2020-03-11 06:47:58,1583909278,09:13,390378,1736.0,3141,4257,4544,3445,42048,热点-资讯,0
200,95717598,BV1dE411V7t6,【只有中国帮我们】意大利大使在美媒喊话-批欧盟无一国响应求援，只有中国帮我们,206.0,资讯,综合,2020-03-12 09:05:18,1584003918,01:03,1733755,5213.0,3234,4648,2754,1591,77962,综合-资讯,74
201,95877065,BV1vE411571w,【耿爽：知道什么意思吗？呵呵】美国官员就疫情向中国甩锅　耿爽：行有不得反求诸己。知道什么意思吗？呵呵,203.0,资讯,热点,2020-03-13 02:22:09,1584066129,03:27,3090643,7437.0,13909,29935,31596,16634,227787,热点-资讯,37
202,95885550,BV1mE41157Wo,厉害了！用歼20技术制成全自动口罩机,96.0,科技,星海,2020-03-13 03:13:31,1584069211,01:42,1188724,4410.0,3463,7411,7982,6436,91296,星海-科技,0
203,96488000,BV197411Z7Q6,89岁老兵：请将我和老伴的遗体献给国家,203.0,资讯,热点,2020-03-15 08:14:54,1584260094,01:17,452271,2162.0,3461,4089,4987,704,60409,热点-资讯,0
204,96574512,BV187411f7ye,那年，他们风华正茂……,203.0,资讯,热点,2020-03-15 13:46:42,1584280002,00:21,872587,2801.0,3162,18444,22700,4914,95999,热点-资讯,0
205,96762566,BV1q7411o7YB,247秒，告诉你一个真实的火神山医院。,203.0,资讯,热点,2020-03-16 10:26:57,1584354417,04:08,639214,2451.0,12373,20587,24814,3758,96519,热点-资讯,0
206,96810325,BV1A7411Z7g5,塞尔维亚总统：只有中国能提供帮助，欧洲团结不存在的,203.0,资讯,热点,2020-03-16 11:09:44,1584356984,00:26,2613663,13236.0,5991,15726,9649,9344,140536,热点-资讯,49
207,97109018,BV1C7411d7Wi,“江湖再见！”,205.0,资讯,社会,2020-03-17 12:50:08,1584449408,00:20,499278,1799.0,1372,4259,4965,1070,60359,社会-资讯,0
208,97122823,BV127411d7RK,外交部：中国愿派医疗专家组赴塞尔维亚,203.0,资讯,热点,2020-03-17 13:36:52,1584452212,01:24,1729593,3957.0,6114,7560,7792,1907,109241,热点-资讯,0
209,97212672,BV157411o7qJ,启动临床实验！军队成功研制重组新冠疫苗,203.0,资讯,热点,2020-03-18 00:49:08,1584492548,01:19,463345,4644.0,2097,3448,5775,6524,59683,热点-资讯,96
210,97390925,BV1z7411R76j,耿爽：哪家美媒有意见可向美政府提出。中方不惹事，但也不怕事。,203.0,资讯,热点,2020-03-18 13:11:07,1584537067,00:21,1040113,4429.0,1075,5097,9570,1931,94170,热点-资讯,0
211,97584279,BV1kE411P7A4,【团员青年出来挨夸】中国共青团，一直在你身边,96.0,科技,星海,2020-03-19 08:13:04,1584605584,03:42,157378,1839.0,955,1807,5548,1096,28387,星海-科技,0
212,97931499,BV1BE411A75Z,耿爽：一亿美元？别国收没收到我不清楚，中国没有。,203.0,资讯,热点,2020-03-20 12:15:47,1584706547,01:02,3794774,10708.0,6498,16616,13144,10466,208937,热点-资讯,29
213,98074209,BV1zE411c7PQ,耿爽：说中国产品带病毒的人别戴中国口罩,203.0,资讯,热点,2020-03-21 03:15:03,1584760503,01:40,1487855,4870.0,6130,10171,11666,4759,134218,热点-资讯,0
214,98367931,BV1bE411F7Nm,【“铁杆哥们”来了】塞尔维亚总统亲吻五星红旗，亲自迎接中国专家医疗队,203.0,资讯,热点,2020-03-22 05:48:15,1584856095,00:56,1017928,3189.0,3076,6031,4403,1417,78027,热点-资讯,0
215,98677525,BV1U7411m79C,援湖北医疗队，回家了！,203.0,资讯,热点,2020-03-23 07:58:06,1584950286,09:37,277187,2709.0,3532,7583,10260,3612,52291,热点-资讯,0
216,98866091,BV1K741127wG,【别怕！有我们在《守护》】北京协和医院等医护工作者深情演唱,28.0,音乐,原创音乐,2020-03-24 01:50:20,1585014620,03:54,59756,310.0,247,553,2568,267,18541,原创音乐-音乐,0
217,98911585,BV1u7411275Q,耿爽：美方贼喊捉贼的把戏实在太拙劣,206.0,资讯,综合,2020-03-24 05:04:01,1585026241,03:43,275713,2122.0,1785,1280,2856,694,41475,综合-资讯,0
218,98991495,BV1a741127yC,俄媒：当初批评中国的防疫措施西方正在用,96.0,科技,星海,2020-03-24 10:10:46,1585044646,02:08,1311260,7042.0,5231,5840,3361,1991,74858,星海-科技,0
219,99023732,BV1k741127Zi,耿爽：美方对中方反制措施毫不知情？不要假装无辜和惊诧,206.0,资讯,综合,2020-03-24 12:15:44,1585052144,05:52,1148481,6523.0,5990,6843,10080,2661,107425,综合-资讯,62
220,99171007,BV1o7411y7v1,金银潭医院院长张定宇：援鄂医护是拯救地球的英雄,96.0,科技,星海,2020-03-25 04:03:08,1585108988,00:28,157818,765.0,236,559,1432,243,33518,星海-科技,0
221,327511431,BV1YA41187tK,外交部：中国诊疗防控方案已翻译成多国文字,203.0,资讯,热点,2020-03-25 14:15:30,1585145730,04:24,288040,2988.0,1442,1247,2658,545,41369,热点-资讯,0
222,455019270,BV1Q541167Uo,【青年讲师谈】第一讲：中国方法到底可以复制吗？,203.0,资讯,热点,2020-03-26 02:28:28,1585189708,10:01,557967,2652.0,8023,5287,9344,1465,47452,热点-资讯,0
223,710048959,BV1VQ4y1M7jS,【中国有故事 防疫特别节目】青年突击队,203.0,资讯,热点,2020-03-26 08:49:36,1585212576,07:08,57582,349.0,206,968,2647,758,14901,热点-资讯,0
224,925084995,BV1hT4y1572m,【回放】第三届中国华服日 · 与子同袍，共克时艰,158.0,时尚,服饰,2020-03-27 02:47:43,1585277263,216:14,205433,1648.0,11435,9147,7397,2723,30163,服饰-时尚,0
225,497523487,BV1rK411774Z,外交部：祖国永远是海外同胞最坚强后盾,206.0,资讯,综合,2020-03-27 13:04:48,1585314288,01:55,419699,2705.0,1159,1555,2906,735,42205,综合-资讯,0
226,370122718,BV1UZ4y1j7it,小朋友见到解放军原地敬礼…这些边防官兵值得！,96.0,科技,星海,2020-03-28 05:02:06,1585371726,01:35,656291,2087.0,4704,5221,11983,752,84407,星海-科技,0
227,582566778,BV1F64y1u7LA,【囚牛&音若子兮】华夏衣冠,59.0,国创,动态漫·广播剧-国创,2020-03-28 10:30:40,1585391440,04:12,132523,699.0,494,5511,5661,683,25622,动态漫·广播剧-国创,0
228,200093457,BV1sz411b731,“你看，武汉的樱花开了！”,203.0,资讯,热点,2020-03-28 11:34:02,1585395242,02:36,248792,1862.0,1406,5664,8000,2674,41753,热点-资讯,0
229,582587554,BV1L64y1u7aa,湖北，起飞！,96.0,科技,星海,2020-03-29 11:31:25,1585481485,03:55,203061,950.0,2409,1024,3230,819,27117,星海-科技,0
230,370078429,BV14Z4y1j7hQ,【凉山火灾一周年祭】多想你再骗我一次，“我去去就回”……,205.0,资讯,社会,2020-03-30 09:39:14,1585561154,03:09,561838,4106.0,10509,15156,21137,3714,102180,社会-资讯,0
231,455082139,BV12541147pF,美疾控专家：基于模型，美国或将超100万人感染新冠病毒,204.0,资讯,环球,2020-03-30 14:48:54,1585579734,01:02,464331,2108.0,752,809,992,722,28468,环球-资讯,0
232,667535862,BV1Na4y1t76t,西方有人称中国通过抗疫援助搞宣传，外交部：他们是希望中国见死不救吗？,203.0,资讯,热点,2020-03-31 06:41:17,1585636877,01:14,498260,2396.0,853,1564,2422,637,44893,热点-资讯,0
233,795015565,BV1JC4y147XG,痛悼！西昌山火牺牲队员出征画面曝光,96.0,科技,星海,2020-03-31 11:23:12,1585653792,00:16,576983,4813.0,4922,4211,7215,1456,76711,星海-科技,0
234,327609759,BV1AA411h76v,武汉的“烟火气”回来了！说说你最爱的夜宵是？,21.0,生活,日常,2020-03-31 14:28:41,1585664921,00:19,180638,1586.0,144,225,1452,244,25543,日常-生活,0
235,412586300,BV11V411f74t,81192，我们永远等你返航,203.0,资讯,热点,2020-04-01 02:16:16,1585707376,03:04,1182750,7895.0,26141,45028,101909,18884,205479,热点-资讯,12
236,795114723,BV1MC4y1s7QP,【香港真相大起底 番外】迷失的香港 Lost in HK,203.0,资讯,热点,2020-04-01 06:31:59,1585722719,29:05,535264,54.0,0,14397,5215,4826,51542,热点-资讯,0
237,795074741,BV1zC4y1476S,钟南山：无症状感染者不会引起国内第二波高峰,96.0,科技,星海,2020-04-02 05:39:30,1585805970,00:43,243759,754.0,287,625,1149,499,31748,星海-科技,0
238,497567737,BV1PK411L7h5,鼓乐《兰陵王入阵曲》耳机开最大！来听千军万马！！！,59.0,国创,动态漫·广播剧-国创,2020-04-02 09:30:13,1585819813,04:59,3971438,9685.0,16114,341976,426601,51204,498513,动态漫·广播剧-国创,3
239,412533281,BV1EV411f7Zg,外交部：外国人如扰乱防疫会被依法追责,203.0,资讯,热点,2020-04-02 12:11:21,1585829481,00:23,225620,1878.0,723,755,1379,374,33328,热点-资讯,0
240,582582951,BV1564y1u724,美方无端指责中方，华姐怒怼十分钟！,203.0,资讯,热点,2020-04-03 02:02:07,1585879327,09:54,1357630,4593.0,13939,16218,16176,5270,127551,热点-资讯,0
241,497510652,BV14K41177m3,中国人造太阳首次1亿度运行,203.0,资讯,热点,2020-04-03 05:04:55,1585890295,00:28,2244064,16603.0,5670,14847,10782,14926,157240,热点-资讯,0
242,710013362,BV1PQ4y1M7aJ,众志成城的力量,28.0,音乐,原创音乐,2020-04-03 09:40:31,1585906831,04:46,183769,1195.0,2204,3803,9208,1115,40363,原创音乐-音乐,0
243,840057867,BV1Z54y1R7J4,今早，天安门广场国旗升起后举行下半旗仪式，向新冠肺炎疫情牺牲烈士和逝世同胞深切哀悼。,21.0,生活,日常,2020-04-04 01:13:39,1585962819,00:20,69759,378.0,637,514,1211,203,16895,日常-生活,0
244,455048602,BV1D541167Ku,【清明祭英烈】如果那一天，他们没有做出这样的选择……,96.0,科技,星海,2020-04-04 02:47:35,1585968455,02:27,55642,502.0,1004,1482,4102,568,6186,星海-科技,0
245,412649763,BV1pV411o7LE,钟南山：要想更快复工复学，就要继续保持距离,205.0,资讯,社会,2020-04-05 09:32:03,1586079123,02:25,231529,1421.0,2261,1692,3454,1021,45927,社会-资讯,0
246,795153949,BV1aC4y1s7eS,习近平的战“疫”日历,203.0,资讯,热点,2020-04-05 13:36:04,1586093764,06:15,115429,27.0,0,1683,2317,840,29679,热点-资讯,0
247,327705943,BV1XA411t76v,传言5G引发新冠疫情，英国多个信号塔被烧,206.0,资讯,综合,2020-04-06 02:52:56,1586141576,00:54,502534,8253.0,3714,1955,1300,5800,43268,综合-资讯,0
248,370126132,BV1SZ4y1j7y7,钟南山:一些欧美国家不是真正的封城,96.0,科技,星海,2020-04-06 09:16:22,1586164582,01:11,291421,1386.0,1123,1077,1276,586,34806,星海-科技,0
249,625222192,BV1Kt4y127Vu,【《中国好青年》“青春战疫”特别节目】ICU里的守护天使,96.0,科技,星海,2020-04-07 05:01:40,1586235700,05:36,75381,237.0,274,649,1697,514,21360,星海-科技,0
250,795193313,BV1kC4y1s7ZK,英媒称中国强迫意大利回购捐赠物资？赵立坚驳斥：无中生有,203.0,资讯,热点,2020-04-07 12:19:08,1586261948,01:26,529835,3008.0,932,1119,1449,539,40358,热点-资讯,0
251,412660938,BV14V411o7Px,【重启 · 武汉】用Minecraft 还原武汉,96.0,科技,星海,2020-04-07 16:00:17,1586275217,04:04,307370,2737.0,4623,12550,19291,4996,62171,星海-科技,0
252,752650393,BV12k4y197yY,《手足》英雄的城，英雄来守护,203.0,资讯,热点,2020-04-08 08:52:47,1586335967,04:49,41515,262.0,209,718,1950,258,16044,热点-资讯,0
253,710228623,BV1BQ4y1K73Q,热干面回来了，我们陪你再过个年！,203.0,资讯,热点,2020-04-08 10:29:23,1586341763,00:22,190424,2205.0,987,2593,2183,916,41281,热点-资讯,0
254,795153782,BV1aC4y1s7bf,【向上的力量 第一期】中国人的“星辰大海”是什么？杨利伟用十分钟告诉你！,39.0,科技,演讲· 公开课,2020-04-08 11:59:21,1586347161,10:21,129398,852.0,1609,2530,5159,781,29509,演讲· 公开课-科技,0
255,582649166,BV1e64y1u7Xy,习近平：做好较长时间应对外部环境变化的准备,203.0,资讯,热点,2020-04-08 14:04:05,1586354645,05:01,342673,1840.0,0,2194,2755,2617,38372,热点-资讯,0
256,370204613,BV1TZ4y1x72r,“我叫志愿者！”,203.0,资讯,热点,2020-04-09 03:52:06,1586404326,05:06,62451,332.0,112,568,1667,440,18831,热点-资讯,0
257,242650112,BV1Ze411x7Si,世卫组织回应美国：反对政治化新冠肺炎,203.0,资讯,热点,2020-04-09 04:51:46,1586407906,00:48,179122,825.0,119,439,759,244,26187,热点-资讯,0
258,327719531,BV1KA411b7Dm,世卫总干事：我就直说了，骂我的来自台湾岛内,203.0,资讯,热点,2020-04-09 10:04:25,1586426665,01:29,1872219,5499.0,8186,8423,5207,5131,116445,热点-资讯,90
259,242663352,BV1we411476B,结尾高能！美国劳工部统计的每周首次申请失业救济人数,206.0,资讯,综合,2020-04-09 14:10:54,1586441454,01:27,521162,7524.0,6677,5820,5942,11818,44889,综合-资讯,0
260,242724740,BV1ne41147dX,【中华谣】融入琴棋书画诗词歌赋...超萌国风单曲来了！,28.0,音乐,原创音乐,2020-04-10 06:00:49,1586498449,03:46,156576,1069.0,1180,8414,9055,1310,30217,原创音乐-音乐,0
261,455175815,BV1A5411t76w,【向上的力量 第二期】“中国电影不仅要走出去，更要走进来！”,39.0,科技,演讲· 公开课,2020-04-10 09:29:38,1586510978,10:20,97943,1369.0,202,354,1137,126,18084,演讲· 公开课-科技,0
262,882726253,BV1rK4y1r7Ew,【青年讲师谈】第二讲：民国“疫”事,39.0,科技,演讲· 公开课,2020-04-10 10:51:46,1586515906,10:55,49441,287.0,337,422,1416,234,14390,演讲· 公开课-科技,0
263,412685042,BV1eV411o7DA,敲黑板！2020年征兵报名时间确定,96.0,科技,星海,2020-04-11 04:45:03,1586580303,00:24,333717,4922.0,473,922,1396,1094,37121,星海-科技,0
264,882707723,BV1yK4y1r7Hw,抱拳了！委内瑞拉总统双手抱拳致意中国医疗专家组,203.0,资讯,热点,2020-04-11 13:36:27,1586612187,00:47,577896,2259.0,535,1441,1489,459,47382,热点-资讯,0
265,497665056,BV1eK411L7eB,深度专访！钟南山关于疫情的12个最新判断，信息量很大！,39.0,科技,演讲· 公开课,2020-04-12 06:29:28,1586672968,46:13,197244,1290.0,1723,2276,2576,1264,30096,演讲· 公开课-科技,0
266,370172978,BV1fZ4y1s7rR,被袁隆平授予“中华拓荒人”的主播，有多酷？,39.0,科技,演讲· 公开课,2020-04-13 08:29:23,1586766563,10:43,401984,1658.0,1002,2147,3061,702,36949,演讲· 公开课-科技,0
267,667866446,BV1Ka4y1472y,雷神山医院院长：雷神山目前的使命已经完成,96.0,科技,星海,2020-04-14 04:39:04,1586839144,01:37,218168,859.0,546,553,949,248,32500,星海-科技,0
268,840315462,BV1254y197H6,赵立坚：美国都退出了还反对？荒谬！,203.0,资讯,热点,2020-04-14 05:43:33,1586843013,01:04,983695,1897.0,1038,2291,2406,630,61959,热点-资讯,0
269,752805202,BV1sk4y1R76t,【天府事变：病毒先生】中国青年RAP怒怼“政治病毒”,28.0,音乐,原创音乐,2020-04-14 07:55:32,1586850932,01:31,672121,1911.0,1403,20169,35073,4863,89659,原创音乐-音乐,85
270,455166313,BV1c5411t7bh,来了！第五个“中国航天日”！,96.0,科技,星海,2020-04-14 11:00:55,1586862055,03:33,193808,1070.0,2740,2533,5379,1190,33160,星海-科技,0
271,200282326,BV1tz411B7iy,68天后，雷神山医院“关门大吉”！,96.0,科技,星海,2020-04-15 05:18:04,1586927884,00:56,148606,1221.0,831,536,1087,362,30087,星海-科技,0
272,837790214,BV1Zg4y187mu,特朗普宣布停止资助世界卫生组织（WHO）,204.0,资讯,环球,2020-04-15 06:43:04,1586932984,00:43,339013,2149.0,927,844,908,1014,31607,环球-资讯,0
273,795288516,BV15C4y1x7N8,“我相信，Made in China将会是全世界的骄傲。”,39.0,科技,演讲· 公开课,2020-04-15 08:53:18,1586940798,09:37,120412,519.0,201,661,1441,193,21150,演讲· 公开课-科技,0
274,582849146,BV1d64y1T7Pf,青春，能有多燃？,47.0,动画,短片·手书·配音,2020-04-15 11:00:20,1586948420,01:37,215738,1237.0,856,4483,7413,1232,37903,短片·手书·配音-动画,0
275,497826035,BV1QK411V7vP,小朋友，你是否有很多问号……,205.0,资讯,社会,2020-04-16 05:16:42,1587014202,00:29,1341375,2744.0,812,3457,1782,4907,87852,社会-资讯,73
276,540293782,BV1gi4y1t7Eu,特朗普与记者激烈交锋后败下阵来 无奈痛怼：你说的都是假的！,206.0,资讯,综合,2020-04-16 06:56:27,1587020187,01:11,1134552,4057.0,2503,2958,1686,3187,59215,综合-资讯,0
277,837763812,BV1rg4y187EA,经中央军委主席习近平批准 军队支援湖北医疗队圆满完成任务回撤,203.0,资讯,热点,2020-04-16 14:25:20,1587047120,04:39,410899,1837.0,0,1587,3942,651,51774,热点-资讯,0
278,582805437,BV1h64y1T7rd,特朗普政府新冠应对动态时间线梳理,206.0,资讯,综合,2020-04-17 05:35:49,1587101749,03:08,196564,1330.0,772,1965,1840,976,27658,综合-资讯,0
279,540352994,BV18i4y1t7Kc,记者：我知道你…… 特朗普：你再说我就走了,206.0,资讯,综合,2020-04-17 08:44:53,1587113093,00:58,845697,2402.0,1629,3136,1755,3231,55414,综合-资讯,0
280,625332459,BV18t4y127M9,【青年讲师谈】第三讲：抗疫中的流行词，你读懂没,39.0,科技,演讲· 公开课,2020-04-18 02:42:19,1587177739,12:46,49670,260.0,303,585,1548,224,14048,演讲· 公开课-科技,0
281,625339851,BV18t4y127hs,何为承诺？面对疫情，这是解放军的答案……,203.0,资讯,热点,2020-04-18 07:41:53,1587195713,06:14,165542,776.0,1790,2225,3570,562,31512,热点-资讯,0
282,840326941,BV1B54y1975K,美国所谓“疫情初期一直被中方误导”？赵立坚三连问回击！,203.0,资讯,热点,2020-04-18 10:02:25,1587204145,01:27,265801,1187.0,336,874,1666,366,31912,热点-资讯,0
283,370335701,BV1mZ4y1x7yj,坚持43年，69岁的他如何圆梦，登顶珠峰？,39.0,科技,演讲· 公开课,2020-04-19 07:40:04,1587282004,12:47,92457,596.0,374,653,2063,378,26094,演讲· 公开课-科技,0
284,710300790,BV1DQ4y1K7Yx,"""医食无忧""！钟南山袁隆平罕见同台",96.0,科技,星海,2020-04-20 07:51:33,1587369093,00:22,667592,3037.0,982,5945,6646,1725,78670,星海-科技,70
285,540344056,BV15i4y1t7QL,“有一种精神，叫中国女排。”,203.0,资讯,热点,2020-04-20 09:50:47,1587376247,09:41,109058,701.0,190,649,1854,261,24125,热点-资讯,0
286,455323529,BV1f5411t7Ev,美官员声称就疫情“追责”中国？耿爽连发三问驳斥,203.0,资讯,热点,2020-04-21 03:00:24,1587438024,03:03,193646,1505.0,712,1030,1894,409,33285,热点-资讯,0
287,497828608,BV1CK411V7oH,特朗普被质问为何那么晚才关闭美国：“当时确诊病例并不多 你应该感激我的判断”,206.0,资讯,综合,2020-04-21 07:00:34,1587452434,01:07,560486,4536.0,1278,1127,1065,830,38367,综合-资讯,0
288,710281922,BV1RQ4y1K7FR,习近平：孩子们要文明精神野蛮体魄,203.0,资讯,热点,2020-04-22 01:27:03,1587518823,00:40,890536,30.0,0,6187,6472,5351,91620,热点-资讯,57
289,710356958,BV1jQ4y1T7r8,【见字如面】今日说“法”,205.0,资讯,社会,2020-04-22 10:00:21,1587549621,06:01,51590,475.0,182,454,1028,166,14469,社会-资讯,0
290,840317323,BV1154y197zq,外交部：世卫组织不迎合美方就被停止捐资，这是典型的威胁讹诈,206.0,资讯,综合,2020-04-22 10:50:29,1587552629,03:15,325923,1176.0,423,983,2383,271,34270,综合-资讯,0
291,840365174,BV1D54y1972o,每一帧都燃爆！海军发布形象宣传片《向海图强》,96.0,科技,星海,2020-04-22 11:02:15,1587553335,03:48,252073,1843.0,4077,7104,16254,3834,42775,星海-科技,0
292,710410426,BV19Q4y1P7iA,感动！大三男生2次捐造血干细胞救人：“国家给我助学金我要回馈”,21.0,生活,日常,2020-04-23 04:18:46,1587615526,01:06,221039,1277.0,320,632,1711,262,41754,日常-生活,0
293,412929714,BV1oV411R73W,【见字如面】世界读书日：说“书”,205.0,资讯,社会,2020-04-23 10:00:45,1587636045,02:45,38932,263.0,161,389,1037,191,13745,社会-资讯,0
294,370414773,BV1kZ4y1W7pd,好家伙！一觉睡醒，我家门前那大桥被调包了！,206.0,资讯,综合,2020-04-24 04:30:21,1587702621,00:59,670972,2294.0,1787,3060,3018,855,67829,综合-资讯,0
295,582896350,BV1f64y1T7PD,获得过18个世界冠军的邓亚萍，秘诀是什么？,39.0,科技,演讲· 公开课,2020-04-24 07:00:57,1587711657,09:39,107769,529.0,344,947,1754,335,22849,演讲· 公开课-科技,0
296,667995434,BV1Ua4y1v78i,【青年讲师谈】第四讲：为什么中国可以帮助世界,39.0,科技,演讲· 公开课,2020-04-24 10:00:39,1587722439,10:03,50136,445.0,251,521,1385,193,14105,演讲· 公开课-科技,0
297,7242850,BV1Fs411s7gR,【旗帜】毛岸英，一个普通的战士,206.0,资讯,综合,2020-04-24 10:08:49,1587722929,19:59,156674,228.0,1893,2161,2924,372,5821,综合-资讯,0
298,582959437,BV1J64y1M7Mg,蓬佩奥：中国可能……　耿爽：不要以为加上“可能”一词就可以任意栽赃,203.0,资讯,热点,2020-04-24 12:32:36,1587731556,03:52,1358750,2907.0,3432,3717,3588,923,76694,热点-资讯,0
299,795495694,BV1sC4y1W7Ht,CNN记者重返武汉：武汉正在重新苏醒 生活在恢复正常,206.0,资讯,综合,2020-04-25 04:13:13,1587787993,01:51,328371,2404.0,318,686,1065,284,32107,综合-资讯,0
300,540487976,BV13i4y1b7Jk,“各位同学，好久不见！”,21.0,生活,日常,2020-04-26 08:19:28,1587889168,03:15,251016,1151.0,1202,1970,2234,687,33813,日常-生活,0
301,242966291,BV1ye411s7G9,【超燃混剪·追梦九天】一个关于星辰大海的故事,96.0,科技,星海,2020-04-26 10:00:33,1587895233,05:37,93060,584.0,877,3705,5771,775,24204,星海-科技,0
302,285382046,BV18f4y1S7zB,当军人医生遇到单杠……,21.0,生活,日常,2020-04-27 03:20:42,1587957642,00:46,1583220,4779.0,2539,12941,11427,4199,160574,日常-生活,32
303,370443638,BV1QZ4y1W7F2,超燃演讲：中国青年，是争做担当民族复兴大任的时代新人！,39.0,科技,演讲· 公开课,2020-04-27 09:23:25,1587979405,10:08,162319,516.0,483,2821,2340,1203,22093,演讲· 公开课-科技,0
304,412963295,BV1MV411d7om,巴基斯坦双语BGM视频感谢中国援助 网友：双语和配乐有心了,206.0,资讯,综合,2020-04-27 12:07:31,1587989251,01:15,555531,1366.0,1162,2624,2514,587,48613,综合-资讯,0
305,285444239,BV1Uf4y1S7YM,新闻联播：散播“政治病毒”的蓬佩奥正把自己变成人类公敌,206.0,资讯,综合,2020-04-28 01:22:33,1588036953,01:21,238841,1499.0,1287,1304,1432,784,30542,综合-资讯,0
306,925430133,BV12T4y1g71w,李兰娟院士：好好学习，做祖国栋梁,39.0,科技,演讲· 公开课,2020-04-28 02:57:59,1588042679,30:01,75285,37.0,0,1039,2076,450,24220,演讲· 公开课-科技,0
307,710422125,BV1dQ4y1P77q,误服消毒液激增你会对此负责吗？特朗普：我不会 无法想象为什么,206.0,资讯,综合,2020-04-28 04:10:50,1588047050,00:39,491283,2245.0,468,1014,1020,1432,33085,综合-资讯,0
308,882898799,BV1eK4y1k7v9,【见字如面】世界安全生产与健康日 说“安“,205.0,资讯,社会,2020-04-28 11:40:50,1588074050,02:33,35141,154.0,100,276,947,184,13779,社会-资讯,0
309,455470494,BV1X5411x7Wt,国际锐评：背负四宗罪的蓬佩奥突破做人底线,206.0,资讯,综合,2020-04-28 14:16:09,1588083369,01:21,368592,2601.0,1127,2413,2481,2486,39978,综合-资讯,0
310,200493125,BV1Hz411z7Wq,《镜诰卿年》动态漫 · 大师版预告片,170.0,国创,资讯,2020-04-29 10:12:49,1588155169,02:32,67526,514.0,372,485,1231,310,17307,资讯-国创,0
311,455436351,BV1k5411x7db,【外交部出现罕见交锋！】澳大利亚提议开展新冠肺炎独立调查_耿爽回答记者7连问,203.0,资讯,热点,2020-04-29 11:48:53,1588160933,10:22,2126481,8893.0,43640,20012,18658,12308,136712,热点-资讯,18
312,837993662,BV1Rg4y1z7iJ,《镜诰卿年》动态漫 · 爱情版预告片,195.0,国创,动态漫·广播剧,2020-04-29 14:10:14,1588169414,01:06,105147,874.0,212,410,1218,467,19118,动态漫·广播剧-国创,0
313,200395453,BV1Qz411B7Ev,【见字如面】世界舞蹈日：说“舞”,124.0,科技,社科人文,2020-04-29 14:45:28,1588171528,04:00,59077,313.0,198,389,1248,542,15810,社科人文-科技,0
314,582881082,BV1A64y1M72X,回放  |“中国青年五四奖章”获奖者（个人）访谈,96.0,科技,星海,2020-04-30 02:56:33,1588215393,82:13,36765,227.0,48,205,680,213,10850,星海-科技,0
315,370393626,BV1TZ4y1479V,100年前的茶馆，竟然在聊这的事儿,168.0,国创,国产原创相关,2020-04-30 04:05:34,1588219534,01:07,122476,442.0,197,464,1171,147,18370,国产原创相关-国创,0
316,837901174,BV1xg4y1z7aX,【方锦龙】照亮【方锦龙父子合创抗疫作品】,28.0,音乐,原创音乐,2020-04-30 06:00:34,1588226434,05:12,125646,703.0,496,3569,5867,1062,28103,原创音乐-音乐,0
317,455458283,BV1f5411x7bG,澳媒记者进不去公园找耿爽， 耿爽：？？？回头一个反问，澳大利亚记者沉默了,96.0,科技,星海,2020-04-30 07:54:30,1588233270,04:00,1874829,4208.0,8991,6805,4450,3270,91623,星海-科技,0
318,412952479,BV15V411d7Rg,今日说“法”,170.0,国创,资讯,2020-04-30 10:11:12,1588241472,00:55,92804,422.0,152,324,1421,177,16908,资讯-国创,0
319,370379973,BV13Z4y147zK,回放 | “第24届中国青年五四奖章”获奖者（集体）访谈直播,96.0,科技,星海,2020-04-30 15:47:15,1588261635,92:58,61272,367.0,50,225,1222,740,12490,星海-科技,0
320,242960203,BV1Ce411s7vq,【预告 ·《镜诰卿年》动态漫】顾维钧的1919,170.0,国创,资讯,2020-05-01 04:14:02,1588306442,01:25,88056,378.0,254,372,1290,221,16941,资讯-国创,0
321,882889728,BV1hK4y1k7oN,【预告 ·《镜诰卿年》动态漫】欧陆风云,170.0,国创,资讯,2020-05-01 10:05:41,1588327541,01:30,133829,1239.0,353,1196,1577,506,19024,资讯-国创,0
322,242991554,BV19e411s74H,【镜诰卿年】第1集 风华正茂,47.0,动画,短片·手书·配音,2020-05-02 01:00:04,1588381204,17:35,281162,119.0,6881,12055,18946,4086,51065,短片·手书·配音-动画,0
323,668008961,BV1Na4y1i7Kw,燃爆！年轻人，你为什么要当警察？,96.0,科技,星海,2020-05-02 04:16:54,1588393014,02:37,1125669,3668.0,7105,20570,45683,5438,122902,星海-科技,89
324,668080157,BV1xa4y1i7wK,看见青年的力量,96.0,科技,星海,2020-05-03 00:00:26,1588464026,02:58,307318,3544.0,1493,8622,17698,6033,39451,星海-科技,0
325,242953556,BV1De411s7M3,【镜诰卿年】第2集 风起云涌,47.0,动画,短片·手书·配音,2020-05-03 01:00:39,1588467639,18:59,154880,31.0,4172,3470,6554,968,28255,短片·手书·配音-动画,0
326,242940693,BV1qe411s7Gd,【镜诰卿年】终章 风流人物,47.0,动画,短片·手书·配音,2020-05-04 01:00:42,1588554042,14:40,178665,64.0,2938,3367,6867,1453,29389,短片·手书·配音-动画,0
327,328009532,BV1RA41147Dx,五四精神传承有我,21.0,生活,日常,2020-05-04 09:32:02,1588584722,00:16,107914,1116.0,216,594,2435,535,23455,日常-生活,0
328,968066494,BV1yp4y197K8,【Minecraft】白衣执甲，今朝凯旋⸺致敬奋战抗疫一线的医护人员,17.0,游戏,单机游戏,2020-05-05 04:00:56,1588651256,03:44,150438,1791.0,2240,5506,7994,1343,38418,单机游戏-游戏,0
329,498010501,BV1UK41157tn,长征五号B运载火箭首飞成功！更重、更大、更舒适，中国载人航天就此“升舱”！,201.0,科技,科学科普,2020-05-05 11:19:13,1588677553,04:49,208410,1163.0,919,1993,3396,967,29425,科学科普-科技,0
330,968030121,BV1pp4y197eF,【长五B胜！】发射直播没看清？2分钟高清3D视频带你看中国新一代载人飞船发射全过程！【3D建模】,201.0,科技,科学科普,2020-05-05 11:29:49,1588678189,02:31,288745,1614.0,2329,2675,5484,1478,35616,科学科普-科技,0
331,968023622,BV1Jp4y19742,独家全纪录：长征五号B首飞回顾,96.0,科技,星海,2020-05-06 02:00:24,1588730424,04:22,187917,1078.0,1738,2951,7499,1111,32868,星海-科技,0
332,285510426,BV1tf4y1m7xy,【青年讲师谈x这就是中国】张维为：中国的自信一代,206.0,资讯,综合,2020-05-06 09:35:56,1588757756,07:31,185228,2020.0,1856,3153,5615,1202,28579,综合-资讯,0
333,925524730,BV1LT4y137m7,英国学者：不质疑中国，让西方的脸往哪儿搁？,204.0,资讯,环球,2020-05-06 11:07:46,1588763266,03:56,886829,3964.0,5642,9016,6048,2078,84116,环球-资讯,0
334,370513266,BV1GZ4y1s7kL,【青年讲师谈·特刊】思政老师教你“谈恋爱”？,39.0,科技,演讲· 公开课,2020-05-07 05:34:08,1588829648,10:29,105742,1650.0,1666,2155,2436,1641,20212,演讲· 公开课-科技,0
335,583014640,BV1Ez4y1R7CW,驻塞使馆缅怀北约轰炸中牺牲的烈士，塞尔维亚官员：21年，两国友谊历久弥坚,96.0,科技,星海,2020-05-08 01:00:42,1588899642,01:02,178920,1191.0,458,1015,2043,895,45664,星海-科技,0
336,625528022,BV12t4y1y7iA,华春莹向蓬佩奥发出灵魂拷问：美可疑生物基地是否可接受独立调查？,203.0,资讯,热点,2020-05-08 12:48:29,1588942109,01:20,315717,1566.0,368,1194,1794,771,37018,热点-资讯,0
337,625599120,BV1gt4y117iN,美国护士：你说的都对，总统先生！,203.0,资讯,热点,2020-05-09 10:01:26,1589018486,00:44,813830,2490.0,701,1768,1252,1324,44452,热点-资讯,0
338,498062081,BV1dK41157nC,【云开日出 重拾烟火】B站美食纪录片大混剪，云开日出，再陪武汉过个年,37.0,纪录片,人文历史,2020-05-10 08:25:34,1589099134,02:14,120275,498.0,280,1017,2714,467,16716,人文历史-纪录片,0
339,285668964,BV1Tf4y1U7s3,【我会找到你】搜救犬宣传片2020【献给无言的战士】,96.0,科技,星海,2020-05-11 10:05:10,1589191510,03:55,122091,1521.0,581,2843,9085,783,32149,星海-科技,0
340,840672960,BV1R54y1X7KJ,新闻联播：中国人不是被吓大的！,203.0,资讯,热点,2020-05-13 00:35:44,1589330144,01:56,563713,2653.0,1974,2878,3256,1710,52543,热点-资讯,0
341,883207768,BV1gK4y1t7Du,5年贪污300万，竟是为了买玩具手办……,205.0,资讯,社会,2020-05-13 07:51:04,1589356264,02:36,3034406,14599.0,12114,17684,6294,77287,143927,社会-资讯,9
342,710661477,BV1FQ4y1K7dE,【罗伯，一路好走】罗伯去世半周年忌日，向佐等市民前来吊唁,203.0,资讯,热点,2020-05-14 10:10:02,1589451002,01:41,267064,849.0,429,699,763,217,39097,热点-资讯,0
343,668211062,BV1sa4y1e7zf,中国黑客偷美国疫苗？外交部：我们才担心被偷,203.0,资讯,热点,2020-05-14 13:00:20,1589461220,00:39,482286,1652.0,604,1407,1615,809,39588,热点-资讯,0
344,498175540,BV1kK411W7a2,【五四12小时直播回放】“让青春为祖国绽放”网上主题团日活动,96.0,科技,星海,2020-05-15 06:27:43,1589524063,715:36,33243,25.0,0,350,757,153,10639,星海-科技,0
345,840682726,BV1254y1X7AA,向救死扶伤者，致敬！,39.0,科技,演讲· 公开课,2020-05-15 10:10:30,1589537430,09:58,57069,330.0,226,620,1702,227,20642,演讲· 公开课-科技,0
346,838192051,BV15g4y1B7TE,亚丁湾开帆船偶遇人民海军是一种怎样的体验,96.0,科技,星海,2020-05-16 05:08:50,1589605730,03:38,332168,1156.0,1105,2780,3857,965,46608,星海-科技,0
347,838140541,BV1ug4y1B7mm,起底美国去年被关的生物研究基地,204.0,资讯,环球,2020-05-17 05:45:05,1589694305,03:15,264598,1827.0,516,1906,1373,1364,31977,环球-资讯,0
348,328146940,BV1iA411t7H7,假如闭上双眼，你敢在黑暗中奔跑吗？,21.0,生活,日常,2020-05-17 10:38:33,1589711913,08:01,186682,1904.0,929,2185,3670,997,32311,日常-生活,0
349,583231448,BV1jz4y1d7wa,“抓小偷！武警大院门口！”哨兵：好嘞,205.0,资讯,社会,2020-05-18 00:44:09,1589762649,00:38,1257940,2981.0,796,2821,1446,1675,64238,社会-资讯,26
350,925637499,BV1ET4y1u7AQ,可可西里：4479米的牺牲与青春,21.0,生活,日常,2020-05-18 08:02:56,1589788976,09:26,69228,442.0,574,765,2387,248,19383,日常-生活,0
351,498199128,BV16K411W7pJ,【另一个香港】第一集 香港之乱,203.0,资讯,热点,2020-05-18 08:24:17,1589790257,34:19,494472,2222.0,20065,15262,15787,7657,47224,热点-资讯,96
352,925675319,BV1bT4y1u7yK,【另一个香港】第二集 风从何来,203.0,资讯,热点,2020-05-18 09:28:21,1589794101,39:19,224343,1341.0,11675,5113,7694,2348,27512,热点-资讯,0
353,285685867,BV1Hf4y1U7Y9,香港历史教科书，能教出怎样的学生？,96.0,科技,星海,2020-05-18 11:05:06,1589799906,10:03,339853,2918.0,3668,3239,3484,1321,35652,星海-科技,0
354,540647232,BV1ji4y147Z3,【中美对比】中国战“疫”时，美国在做什么？,203.0,资讯,热点,2020-05-18 14:30:57,1589812257,02:09,244367,1684.0,884,3624,3492,1702,35603,热点-资讯,0
