,Category,Items,Calories,Protein (g),Total Carbs (g),Sodium (mg),Sugars (g)
1,Breakfast,Made from Scratch Biscuit™,300,5,36,780,2
2,Breakfast,Cinnamon ‘N’ Raisin™ Biscuit,300,3,40,680,17
3,Breakfast,Jelly Biscuit,430,5,45,890,9
4,Breakfast,Sausage Biscuit,490,12,37,1150,3
5,Breakfast,Sausage & Egg Biscuit,550,17,37,1210,3
6,Breakfast,Country Ham Biscuit,370,15,37,1610,2
7,Breakfast,Chicken Fillet Biscuit,550,20,47,1330,3
8,Breakfast,Country Steak Biscuit,510,13,44,1180,3
9,Breakfast,"Bacon, Egg & Cheese Biscuit",450,15,36,1210,2
10,Breakfast,"Ham, Egg & Cheese Biscuit",440,19,37,1430,2
11,Breakfast,Loaded Omelet Biscuit,520,20,37,1430,2
12,Breakfast,Monster Biscuit ®,720,30,38,2180,3
13,Breakfast,Biscuit ‘N’ Gravy™,460,9,49,1390,2
14,Breakfast,Sunrise Croissant™ with Ham,440,20,28,1100,4
15,Breakfast,Frisco Breakfast Sandwich®,440,24,43,1560,5
16,Breakfast,Pancakes* (3),310,9,56,620,14
17,Breakfast,Low Carb Breakfast Bowl®,690,39,3,1670,1
18,Breakfast,Loaded Breakfast Burrito,710,36,40,1640,1
19,Breakfast,Big Country Breakfast Platter – Bacon*,870,26,91,1740,12
20,Breakfast,"Hash Rounds® – Smalleval(ez_write_tag([[970,250],'nutrition_charts_com-medrectangle-4','ezslot_2',132,'0','0']));",260,2,26,320,1
21,Breakfast,Hash Rounds® – Medium,380,3,37,460,1
22,Breakfast,Hash Rounds® – Large,520,4,50,630,2
23,Breakfast,Grits,110,2,16,480,0
25,Thick Burgers and Sandwiches,1/3 LB** Original Thickburger®,810,29,54,1720,10
26,Thick Burgers and Sandwiches,1/3 LB** Cheeseburger Thickburger®,630,28,53,1690,10
27,Thick Burgers and Sandwiches,1/3 LB** Mushroom & Swiss Thickburger®,670,31,50,1690,5
28,Thick Burgers and Sandwiches,1/3 LB** Bacon Cheese Thickburger®,850,32,51,1590,7
29,Thick Burgers and Sandwiches,1/3 LB** Frisco Thickburger®,880,33,46,1990,6
30,Thick Burgers and Sandwiches,1/3 LB** Low Carb Thickburger®,480,21,9,1160,6
31,Thick Burgers and Sandwiches,2/3 LB** Double Thickburger®,1160,48,55,2520,10
32,Thick Burgers and Sandwiches,2/3 LB** Monster Thickburger®,1300,57,47,2860,5
33,Thick Burgers and Sandwiches,The Six Dollar Thickburger®,940,34,60,1790,16
34,Thick Burgers and Sandwiches,Original Turkey Burger,390,28,32,860,7
35,Thick Burgers and Sandwiches,Little Thickburger®,570,24,35,1190,7
36,Thick Burgers and Sandwiches,Little Thick Cheeseburger,420,24,34,1160,8
37,Thick Burgers and Sandwiches,Charbroiled Chicken Club Sandwich,540,29,38,1510,10
38,Thick Burgers and Sandwiches,Charbroiled BBQ Chicken Sandwich,310,23,44,1070,15
39,Thick Burgers and Sandwiches,Low Carb Charbroiled Chicken Club Sandwich,340,24,13,1230,8
40,Thick Burgers and Sandwiches,Hand Breaded Chicken Fillet™ Sandwich,680,34,56,1510,7
41,Thick Burgers and Sandwiches,Spicy Chicken Sandwich,430,14,44,1300,3
42,Thick Burgers and Sandwiches,Regular Roast Beef Sandwich,290,18,28,850,4
43,Thick Burgers and Sandwiches,Big Roast Beef™,460,29,46,1350,5
44,Thick Burgers and Sandwiches,Hot Ham ‘N’ Cheese™,280,18,29,1170,4
45,Thick Burgers and Sandwiches,Big Hot Ham ‘N’ Cheese™,480,33,48,2220,6
46,Thick Burgers and Sandwiches,Fish Supreme Sandwich,530,20,37,1130,9
47,Thick Burgers and Sandwiches,Jumbo Chili Dog,370,15,24,1190,6
48,Thick Burgers and Sandwiches,Double Cheeseburger,410,25,34,900,7
49,Thick Burgers and Sandwiches,Small Cheeseburger,310,16,32,780,6
50,Thick Burgers and Sandwiches,Small Hamburger,270,14,31,560,6
51,Thick Burgers and Sandwiches,3 Piece Hand Breaded Chicken Tenders,260,25,13,770,0
52,Thick Burgers and Sandwiches,"5 Piece Hand Breaded Chicken Tenderseval(ez_write_tag([[728,90],'nutrition_charts_com-box-4','ezslot_4',133,'0','0']));",440,41,21,1290,0
53,Thick Burgers and Sandwiches,Kids Meal – Chicken Tenders,400,19,37,960,0
54,Thick Burgers and Sandwiches,Kids Meal – Cheeseburger,540,19,61,1230,6
55,Thick Burgers and Sandwiches,Kids Meal – Hamburger,490,16,60,1010,6
57,Sides,Natural Cut French Fries – Kids,330,3,30,560,0
58,Sides,Natural Cut French Fries – Small,340,4,43,670,0
59,Sides,Natural Cut French Fries – Medium,480,5,62,960,0
60,Sides,Natural Cut French Fries – Large,560,6,73,1120,1
61,Sides,Crispy Curls™ – Small,360,5,46,910,0
62,Sides,Crispy Curls™ – Medium,470,6,60,1180,0
63,Sides,Crispy Curls™ – Large,570,7,72,1400,0
64,Sides,Beer Battered Onion Rings,410,3,45,470,5
65,Sides,Side Salad (no dressing),120,7,7,160,4
67,Fried Chicken and Sides,Fried Chicken Breast,370,29,29,1190,0
68,Fried Chicken and Sides,Fried Chicken Wing,200,10,23,740,0
69,Fried Chicken and Sides,Fried Chicken Thigh,330,19,30,1000,0
70,Fried Chicken and Sides,Fried Chicken Leg,170,13,15,570,0
71,Fried Chicken and Sides,Cole Slaw (small = 1 serving),170,1,20,140,16
72,Fried Chicken and Sides,Mashed Potatoes (small = 1 serving),90,1,17,410,1
74,Desserts,Chocolate Chip Cookie,290,4,44,280,26
75,Desserts,Chocolate Chip Cookie – Fresh Baked,290,2,35,170,17
76,Desserts,Apple Turnover (Without Cinnamon Sugar Topping),270,3,35,260,11
77,Desserts,Peach Cobbler (small),290,1,56,230,45
78,Desserts,Single Scoop Ice Cream Cone†,290,6,37,140,26
79,Desserts,Single Scoop Ice Cream Bowl†,240,5,27,85,22
80,Desserts,Hand Scooped Ice-Cream Shake™†,710,14,86,260,68
81,Desserts,Hand Scooped Ice-Cream Malt™†,780,17,98,330,76
83,Burritos,Red Burrito (Beef),710,38,62,2270,5
84,Burritos,Red Burrito (Steak),660,35,60,2420,4
85,Burritos,Red Burrito (Chicken),630,35,60,2160,4
86,Burritos,Grilled Steak Burrito,520,28,56,1780,3
87,Burritos,Grilled Chicken Burrito,480,27,55,1520,3
88,Burritos,Beef Bean and Cheese Burrito,560,30,57,1630,4
89,Burritos,Bean and Cheese Burrito,430,17,54,1240,2
90,Burritos,“Make it Wet”,140,7,5,640,1
92,Tacos,Soft Taco (Beef),210,12,17,580,1
93,Tacos,Soft Taco (Steak),240,16,18,920,1
94,Tacos,Soft Taco (Chicken),200,16,17,660,0
95,Tacos,Hard Taco (Beef),170,11,13,340,1
96,Tacos,Hard Taco (Steak),200,15,13,680,1
97,Tacos,Hard Taco (Chicken),160,15,12,420,0
98,Tacos,Southwest Chicken Soft Taco,250,16,17,660,1
100,Other Items,Quesadilla,560,26,40,1140,1
101,Other Items,Chicken Quesadilla,720,36,42,1540,1
102,Other Items,Steak Quesadilla,760,37,42,1800,1
103,Other Items,Super Nachos,690,16,90,1040,5
104,Other Items,Super Nachos (Beef),820,29,93,1410,6
105,Other Items,Super Nachos (Chicken),740,27,91,1320,5
106,Other Items,Super Nachos (Steak),740,35,106,2300,6
107,Other Items,Taco Salad (Beef),1080,49,79,2460,11
108,Other Items,Taco Salad (Chicken),920,44,74,2240,9
109,Other Items,Taco Salad (Steak),1000,44,76,2770,9
110,Other Items,Chips and Salsa,300,8,60,400,3
112,Side Items,Refried Beans in tortilla bowl,360,12,38,880,1
113,Side Items,Fresh Salsa,30,1,7,370,3
114,Side Items,Sour Cream,50,2,3,40,3
115,Side Items,Queso,110,2,5,570,2
116,Side Items,Chips Side,100,3,20,210,0
118,Condiments,Salsa,15,0,3,400,1
119,Condiments,Hot Sauce,0,0,0,200,0
120,Condiments,Jalapeno Coins,5,0,1,350,0
