,Category,Items,Calories,Protein (g),Total Carbs (g),Sodium (mg),Sugars (g)
0,Beverages,Cherry Limeade Sparkler,180,0,44,105,43
1,Beverages,Cherry Limeade Sparkler,270,0,66,160,65
2,Beverages,Classic Limeade Sparkler,230,0,60,125,59
3,Beverages,Classic Limeade Sparkler 16 oz,150,0,39,80,38
4,Beverages,Mtn Dew® Baja Blast Freeze,250,0,63,75,58
5,Beverages,Mtn Dew® Baja Blast Freeze 16 oz,200,0,51,60,47
6,Beverages,Orange Juice,140,2,33,20,28
7,Beverages,Pink Lemonade Freeze,270,0,67,5,65
8,Beverages,"Pink Lemonade Freeze 16 ozeval(ez_write_tag([[970,250],'nutrition_charts_com-medrectangle-4','ezslot_3',140,'0','0']));",220,0,54,5,53
9,Beverages,Piña Colada Freeze,240,0,60,20,53
10,Beverages,Piña Colada Freeze 16oz,190,0,48,15,43
11,Beverages,Diet Pepsi 16 oz,0,0,0,50,0
12,Beverages,Diet Pepsi 20 oz,0,0,0,65,0
13,Beverages,Diet Pepsi 30 oz,0,0,0,95,0
14,Beverages,Diet Pepsi 40 oz,0,0,0,125,0
15,Beverages,Dr Pepper 16 oz,200,0,54,70,54
16,Beverages,Dr Pepper 20 oz,250,0,68,90,68
17,Beverages,Dr Pepper 30 oz,380,0,102,130,102
18,Beverages,Dr Pepper 40 oz,500,0,135,180,135
19,Beverages,Lipton Raspberry Iced Tea 16 oz,160,0,42,50,42
20,Beverages,Lipton Raspberry Iced Tea 20 oz,200,0,53,65,53
21,Beverages,Lipton Raspberry Iced Tea 30 oz,300,0,79,95,79
22,Beverages,Lipton Raspberry Iced Tea 40 oz,400,0,105,125,105
23,Beverages,MTN DEW A.M. 16 oz,160,1,42,45,40
24,Beverages,MTN DEW A.M. 20 oz,180,1,47,50,46
25,Beverages,MUG Root Beer 16 oz,200,0,52,30,52
26,Beverages,MUG Root Beer 20 oz,250,0,65,40,65
27,Beverages,MUG Root Beer 30 oz,380,0,98,55,98
28,Beverages,MUG Root Beer 40 oz,500,0,130,75,130
29,Beverages,Mountain Dew 16 oz,220,0,58,70,58
30,Beverages,Mountain Dew 20 oz,280,0,73,90,73
31,Beverages,Mountain Dew 30 oz,410,0,109,130,109
32,Beverages,Mountain Dew 40 oz,550,0,145,180,145
33,Beverages,Mountain Dew Baja Blast 16 oz,220,0,58,60,58
34,Beverages,Mountain Dew Baja Blast 20 oz,280,0,73,75,73
35,Beverages,Mountain Dew Baja Blast 30 oz,410,0,109,115,109
36,Beverages,Mountain Dew Baja Blast 40 oz,550,0,145,150,145
37,Beverages,Pepsi 16 oz,200,0,56,40,56
38,Beverages,Pepsi 20 oz,250,0,70,50,70
39,Beverages,Pepsi 30 oz,380,0,105,75,105
40,Beverages,Pepsi 40 oz,500,0,140,100,140
41,Beverages,Sierra Mist 16 oz,200,0,54,40,54
42,Beverages,Sierra Mist 20 oz,250,0,68,50,68
43,Beverages,Sierra Mist 30 oz,380,0,101,75,101
44,Beverages,Sierra Mist 40 oz,500,0,135,100,135
45,Beverages,Tropicana Fruit Punch 16 oz,220,0,60,50,60
46,Beverages,Tropicana Fruit Punch 20 oz,280,0,75,65,75
47,Beverages,Tropicana Fruit Punch 30 oz,410,0,113,95,113
48,Beverages,Tropicana Fruit Punch 40 oz,550,0,150,125,150
49,Beverages,Tropicana Pink Lemonade 16 oz,200,0,54,210,54
50,Beverages,Tropicana Pink Lemonade 20 oz,250,0,68,270,68
51,Beverages,Tropicana Pink Lemonade 30 oz,380,0,101,400,101
52,Beverages,Tropicana Pink Lemonade 40 oz,500,0,135,530,135
54,Breakfast,A.M. Crunchwrap™ Bacon,660,21,51,1270,3
55,Breakfast,A.M. Crunchwrap™ Sausage,700,21,51,1250,3
56,Breakfast,"Bacon & Egg Burritoeval(ez_write_tag([[970,250],'nutrition_charts_com-box-4','ezslot_5',133,'0','0']));",440,20,37,990,3
57,Breakfast,Bacon A.M. Griller,240,12,16,590,1
58,Breakfast,Cinnabon Delights – 4 Pack,260,3,28,130,16
59,Breakfast,Eggs,60,3,1,95,0
60,Breakfast,Hash Brown,160,1,14,250,0
61,Breakfast,Orange Juice,140,2,33,20,28
62,Breakfast,Sausage & Egg Burrito,430,17,37,860,2
63,Breakfast,Sausage A.M. Griller,230,9,16,450,1
64,Breakfast,Steak & Egg Burrito,380,19,37,790,3
65,Breakfast,MTN DEW A.M. 16 oz,160,1,42,45,40
66,Breakfast,MTN DEW A.M. 20 oz,180,1,47,50,46
68,Burritos,7-Layer Burrito,440,15,58,1020,4
69,Burritos,Bacon & Egg Burrito,440,20,37,990,3
70,Burritos,Bean Burrito,380,15,56,1050,3
71,Burritos,Beefy 5-Layer Burrito,520,19,65,1280,5
72,Burritos,Black Bean Burrito,400,14,58,1000,3
73,Burritos,Burrito Supreme® – Chicken,390,20,51,1080,4
74,Burritos,Burrito Supreme® – Steak,400,20,51,1050,5
75,Burritos,Burrito Supreme® – Beef,420,17,52,1140,5
76,Burritos,Cantina Burrito – Chicken,740,32,94,1920,7
77,Burritos,Cantina Burrito – Steak,760,33,95,1870,8
78,Burritos,Cantina Burrito – Veggie,720,20,104,1710,8
79,Burritos,Cheesy Potato Burrito,520,18,57,1340,4
80,Burritos,Chicken Burrito,410,16,46,960,3
81,Burritos,Chili Cheese Burrito,370,16,40,910,2
82,Burritos,Combo Burrito,460,21,52,1380,3
83,Burritos,Sausage & Egg Burrito,430,17,37,860,2
84,Burritos,Smothered Burrito – Beef,710,28,70,2260,4
85,Burritos,Smothered Burrito – Shredded Chicken,650,34,67,2230,4
86,Burritos,Smothered Burrito – Steak,670,35,68,2080,4
87,Burritos,Steak & Egg Burrito,380,19,37,790,3
88,Burritos,Volcano Burrito,780,23,79,1650,6
89,Burritos,XXL Grilled Stuft Burrito – Beef,880,32,93,2200,7
90,Burritos,XXL Grilled Stuft Burrito – Chicken,830,38,90,2080,7
91,Burritos,XXL Grilled Stuft Burrito – Steak,840,39,91,2030,7
93,Cantina Bell,Cantina Bowl – Chicken,530,26,59,1450,4
94,Cantina Bell,Cantina Bowl – Steak,550,26,60,1390,4
95,Cantina Bell,Cantina Bowl – Veggie,510,14,69,1240,4
96,Cantina Bell,Cantina Burrito – Chicken,740,32,94,1920,7
97,Cantina Bell,Cantina Burrito – Steak,760,33,95,1870,8
98,Cantina Bell,Cantina Burrito – Veggie,720,20,104,1710,8
99,Cantina Bell,Cantina Double Steak Quesadilla,960,43,97,2070,10
101,Chalapus,Chalupa Supreme® – Chicken,340,16,29,530,4
102,Chalapus,Chalupa Supreme® – Steak,350,16,30,500,4
103,Chalapus,Chalupa Supreme® – Beef,370,13,31,590,4
105,Condiments,Avocado Ranch Dressing,80,0,1,100,0
106,Condiments,Border Sauce – Fire,0,0,0,60,0
107,Condiments,Border Sauce – Hot,0,0,0,45,0
108,Condiments,Border Sauce – Mild,0,0,0,35,0
109,Condiments,Cilantro Dressing,90,0,2,210,0
110,Condiments,Creamy Jalapeno Sauce,70,0,1,50,1
111,Condiments,Green Tomatillo Sauce,10,0,2,170,1
112,Condiments,Guacamole,35,0,2,105,0
113,Condiments,Pepper Jack Sauce,70,0,1,50,0
114,Condiments,Pico de Gallo,5,0,1,35,1
115,Condiments,Pizza Sauce,10,0,2,75,1
116,Condiments,Red Sauce,10,0,2,180,0
117,Condiments,Reduced Fat Sour Cream,30,1,2,20,1
118,Condiments,Salsa,25,1,5,450,3
119,Condiments,Salsa Verde,5,0,1,55,0
121,Fresco,Fresco Burrito Supreme® – Chicken,340,18,49,1090,4
122,Fresco,Fresco Burrito Supreme® – Steak,350,18,50,1020,4
123,Fresco,Fresco Chicken Soft Taco,140,10,16,470,2
124,Fresco,Fresco Crunchy Taco,150,6,13,310,1
125,Fresco,Fresco Grilled Steak Soft Taco,150,11,18,410,2
126,Fresco,Fresco Soft Taco,160,8,18,490,2
128,Gorditas,Cheesy Gordita Crunch,500,20,39,830,6
129,Gorditas,Gordita Supreme® – Chicken,270,16,29,510,6
130,Gorditas,Gordita Supreme® – Steak,280,16,30,480,6
131,Gorditas,Gordita Supreme® – Beef,300,13,31,570,6
133,Nachos,Cheesy Nachos,290,4,31,340,2
134,Nachos,Nachos,320,4,33,430,3
135,Nachos,Nachos BellGrande®,780,20,84,1270,6
136,Nachos,Nachos Supreme,460,13,46,830,4
137,Nachos,Volcano Nachos,990,22,94,1840,7
139,Sides,Black Beans,80,4,12,200,1
140,Sides,Black Beans and Rice,180,6,30,430,1
141,Sides,Brownie Sandwich,400,3,55,200,38
142,Sides,Caramel Apple Empanada,310,3,39,310,13
143,Sides,Cheesy Fiesta Potatoes,280,4,31,580,2
144,Sides,Chips and Corn Salsa,280,4,38,230,5
145,Sides,Chips and Guacamole,320,4,32,450,1
146,Sides,Chips and Pico De Gallo,230,3,30,260,2
147,Sides,Churro,190,2,28,230,5
148,Sides,Cinnamon Twists,170,1,26,200,10
149,Sides,Pintos n Cheese,190,11,21,670,1
150,Sides,Premium Latin Rice,100,2,18,230,0
152,Specialties,A.M. Crunchwrap™ Bacon,660,21,51,1270,3
153,Specialties,A.M. Crunchwrap™ Sausage,700,21,51,1250,3
154,Specialties,Bacon A.M. Griller,240,12,16,590,1
155,Specialties,Beefy Nacho Griller,420,12,49,890,4
156,Specialties,Cantina Bowl – Chicken,530,26,59,1450,4
157,Specialties,Cantina Bowl – Steak,550,26,60,1390,4
158,Specialties,Cantina Bowl – Veggie,510,14,69,1240,4
159,Specialties,Cantina Double Steak Quesadilla,960,43,97,2070,10
160,Specialties,Cheese Quesadilla,470,19,39,990,3
161,Specialties,Cheese Roll-Up,180,9,16,430,1
162,Specialties,Chicken Quesadilla,510,27,39,1190,3
163,Specialties,Chili Cheese Burrito,370,16,40,910,2
164,Specialties,Crunchwrap Supreme®,530,16,70,1090,6
165,Specialties,Express Taco Salad w/ Chips,580,23,57,1370,6
166,Specialties,Loaded Potato Griller,470,13,55,1120,5
167,Specialties,MexiMelt®,260,14,19,730,2
168,Specialties,Mexican Pizza,550,21,48,950,3
169,Specialties,Sausage A.M. Griller,230,9,16,450,1
170,Specialties,Smothered Burrito – Beef,710,28,70,2260,4
171,Specialties,Smothered Burrito – Shredded Chicken,650,34,67,2230,4
172,Specialties,Smothered Burrito – Steak,670,35,68,2080,4
173,Specialties,Spicy Buffalo Chicken Griller,350,15,40,810,4
174,Specialties,Steak Quesadilla,520,27,40,1160,3
175,Specialties,Tostada,270,12,31,650,1
177,Taco Salads,Express Taco Salad w/ Chips,580,23,57,1370,6
178,Taco Salads,Fiesta Taco Salad-Beef,780,26,74,1590,7
179,Taco Salads,Fiesta Taco Salad-Chicken,730,32,71,1470,7
180,Taco Salads,Fiesta Taco Salad-Steak,750,33,72,1410,7
182,Tacos,Chicken Soft Taco,160,12,16,480,1
183,Tacos,Cool Ranch® Doritos® Locos Taco,160,8,13,370,1
184,Tacos,Cool Ranch® Doritos® Locos Taco Supreme,200,8,15,390,3
185,Tacos,Crispy Potato Soft Taco,250,6,29,490,1
186,Tacos,Crunchy Taco,170,8,12,310,1
187,Tacos,Crunchy Taco Supreme®,200,9,15,340,2
188,Tacos,DOUBLE DECKER® Taco Supreme®,350,14,39,730,3
189,Tacos,Double Decker® Taco,320,14,36,710,2
190,Tacos,Fiery Doritos® Locos Taco,170,8,12,370,1
191,Tacos,Fiery Doritos® Locos Taco Supreme,200,9,15,390,2
192,Tacos,"Fresco Chicken Soft Tacoeval(ez_write_tag([[250,250],'nutrition_charts_com-large-leaderboard-2','ezslot_7',135,'0','0']));",140,10,16,470,2
193,Tacos,Fresco Crunchy Taco,150,6,13,310,1
194,Tacos,Grilled Steak Soft Taco,200,13,17,450,2
195,Tacos,Nacho Cheese Doritos® Locos Taco,170,8,13,360,1
196,Tacos,Nacho Cheese Doritos® Locos Taco Supreme,200,9,15,390,2
197,Tacos,Soft Taco Supreme® – Beef,220,10,20,520,3
198,Tacos,Soft Taco-Beef,190,9,18,500,1
200,Why Pay More!,Bean Burrito,380,15,56,1050,3
201,Why Pay More!,Beefy 5-Layer Burrito,520,19,65,1280,5
202,Why Pay More!,Caramel Apple Empanada,310,3,39,310,13
203,Why Pay More!,Cheese Roll-Up,180,9,16,430,1
204,Why Pay More!,Cheesy Nachos,290,4,31,340,2
205,Why Pay More!,Cinnamon Twists,170,1,26,200,10
206,Why Pay More!,Crispy Potato Soft Taco,250,6,29,490,1
207,Why Pay More!,Crunchy Taco,170,8,12,310,1
208,Why Pay More!,Soft Taco-Beef,190,9,18,500,1
