,Category,Items,Calories,Protein (g),Total Carbs (g),Sodium (mg),Sugars (g)
1,Garden Sensations Salads,Apple Pecan Chicken Salad,350,35,27,970,17
2,Garden Sensations Salads,Apple Pecan Chicken Salad Half-Size,180,18,14,490,9
3,Garden Sensations Salads,Roasted Pecans,110,1,6,60,4
4,Garden Sensations Salads,Pomegranate Vinaigrette Dressing,60,0,8,160,8
5,Garden Sensations Salads,Baja Chili Salad,530,32,34,1580,10
6,Garden Sensations Salads,Baja Chili Salad Half-Size,280,16,18,820,6
7,Garden Sensations Salads,Seasoned Tortilla Strips,80,1,11,105,0
8,Garden Sensations Salads,"Red Jalapeño Dressingeval(ez_write_tag([[970,250],'nutrition_charts_com-medrectangle-4','ezslot_1',140,'0','0']));",100,1,2,220,1
9,Garden Sensations Salads,Chicken BLT Cobb Salad,380,44,11,1190,4
10,Garden Sensations Salads,Chicken BLT Cobb Salad Half-Size,190,22,6,600,2
11,Garden Sensations Salads,Avocado Ranch Dressing,100,1,2,220,1
12,Garden Sensations Salads,Spicy Chicken Caesar Salad,480,35,24,1030,3
13,Garden Sensations Salads,Spicy Chicken Caesar Salad Half-Size,250,18,14,520,2
14,Garden Sensations Salads,Gourmet Croutons,80,2,13,190,0
15,Garden Sensations Salads,Lemon Garlic Caesar Dressing,110,2,2,180,1
16,Garden Sensations Salads,Classic Ranch Dressing,100,1,2,150,1
17,Garden Sensations Salads,Light Classic Ranch Dressing,50,1,2,160,1
18,Garden Sensations Salads,Italian Vinaigrette Dressing,70,0,4,180,3
19,Garden Sensations Salads,Fat-Free French Dressing,40,0,9,95,8
20,Garden Sensations Salads,Thousand Island Dressing,160,0,5,290,4
22,Side Selections,Garden Side Salad,20,1,4,30,2
23,Side Selections,Gourmet Croutons,80,2,13,190,0
24,Side Selections,Caesar Side Salad,60,4,4,70,1
25,Side Selections,Gourmet Croutons,80,2,13,190,0
26,Side Selections,Lemon Garlic Caesar Dressing,110,2,2,180,1
27,Side Selections,Apple Slices,40,0,9,0,7
28,Side Selections,Plain Baked Potato (avg. wgt. 10 oz.),270,7,61,25,3
29,Side Selections,Sour Cream & Chive Baked Potato,320,8,63,50,4
30,Side Selections,Buttery Best Spread,50,0,0,95,0
31,Side Selections,"Rich & Meaty Chili, Small",180,13,20,790,5
32,Side Selections,"Rich & Meaty Chili, Large",270,19,31,1180,8
33,Side Selections,Hot Chili Seasoning Packet,5,0,1,280,1
34,Side Selections,Saltine Crackers,25,1,5,80,0
35,Side Selections,"Cheddar Cheese, Shredded",70,4,1,110,0
36,Side Selections,Chili Cheese Fries,530,16,55,1050,4
37,Side Selections,Value Natural-Cut Fries,220,3,28,240,0
38,Side Selections,Small Natural-Cut Fries,310,4,40,330,0
39,Side Selections,Medium Natural-Cut Fries,410,5,52,440,0
40,Side Selections,Large Natural-Cut Fries,500,6,65,540,0
41,Side Selections,"Ketchup, 1 Packet",10,0,2,70,2
43,Beverages,TruMoo® 1% Lowfat White Milk,100,8,12,115,11
44,Beverages,TruMoo 1% Lowfat Chocolate Milk,120,8,18,160,17
45,Beverages,Juicy Juice® Apple Juice,90,0,22,5,20
59,Beverages,Nestlé® Pure Life® Bottled Water,0,0,0,0,0
63,Crispy Chicken Nuggets,4-Piece Regular Chicken Nuggets,180,9,10,350,0
64,Crispy Chicken Nuggets,4-Piece Spicy Chicken Nuggets,170,10,9,500,0
65,Crispy Chicken Nuggets,6-Piece Regular Chicken Nuggets,270,14,14,520,0
66,Crispy Chicken Nuggets,6-Piece Spicy Chicken Nuggets,260,15,14,750,0
67,Crispy Chicken Nuggets,10-Piece Chicken Nuggets,450,23,24,870,0
68,Crispy Chicken Nuggets,Barbecue Nugget Sauce,45,0,11,120,4
69,Crispy Chicken Nuggets,Sweet & Sour Nugget Sauce,50,0,12,120,10
70,Crispy Chicken Nuggets,Honey Mustard Nugget Sauce,80,0,7,220,3
71,Crispy Chicken Nuggets,Heartland Ranch Dipping Sauce,120,0,3,240,2
73,Sandwiches,Jr. Hamburger,250,14,25,600,5
74,Sandwiches,Jr. Cheeseburger,290,16,26,800,6
75,Sandwiches,Jr. Bacon Cheeseburger (JBC),390,20,26,870,5
76,Sandwiches,Jr. Cheeseburger Deluxe,350,17,27,830,7
77,Sandwiches,Double Stack™,420,27,26,1060,6
78,Sandwiches,"Hamburger, Kids’ Meal",250,14,25,530,5
79,Sandwiches,"Cheeseburger, Kids’ Meal",290,16,26,730,6
80,Sandwiches,1/4 lb. Single w/ Cheese,580,30,42,1220,10
81,Sandwiches,1/2 lb. Double w/ Cheese,820,48,42,1510,10
82,Sandwiches,3/4 lb. Triple w/ Cheese,1090,69,43,1990,11
83,Sandwiches,Baconator®,940,57,41,1890,9
84,Sandwiches,Son of Baconator®,670,38,41,1670,9
85,Sandwiches,Ultimate Chicken Grill Sandwich,370,34,43,880,9
86,Sandwiches,Spicy Chicken Sandwich,510,29,55,1130,7
87,Sandwiches,Homestyle Chicken Sandwich,510,29,54,1200,8
88,Sandwiches,Asiago Ranch Club w/ Homestyle Chicken,670,38,57,1640,9
89,Sandwiches,Asiago Ranch Club w/ Ultimate Chicken Gril,530,43,43,1270,8
90,Sandwiches,Asiago Ranch Club w/ Spicy Chicken,670,37,57,1560,8
91,Sandwiches,Crispy Chicken Sandwich,380,15,35,680,4
92,Sandwiches,Crispy Chicken Caesar Wrap,440,17,33,970,1
93,Sandwiches,Grilled Chicken Go Wrap,260,19,25,740,3
94,Sandwiches,Homestyle Chicken Go Wrap,340,17,30,910,1
95,Sandwiches,Spicy Chicken Go Wrap,330,17,30,870,1
97,Sandwiches,Jr. Hamburger Patty,120,10,0,260,0
98,Sandwiches,1/4 lb.* Hamburger Patty,240,18,0,290,0
99,Sandwiches,Ultimate Chicken Grill Fillet,130,27,3,470,0
100,Sandwiches,Spicy Chicken Fillet,260,21,17,760,0
101,Sandwiches,Homestyle Chicken Fillet,270,22,17,840,1
102,Sandwiches,Crispy Chicken Patty,210,11,11,430,0
103,Sandwiches,Sandwich Bun,120,4,23,220,4
104,Sandwiches,Premium Toasted Bun,190,7,36,330,6
105,Sandwiches,Tortilla,120,3,20,380,0
106,Sandwiches,American Cheese,40,2,1,190,0
107,Sandwiches,"Cheddar Cheese, Shredded",35,2,0,55,0
108,Sandwiches,Natural Asiago Cheese,50,3,1,100,0
109,Sandwiches,Applewood Smoked Bacon – 1 strip,25,2,0,85,0
110,Sandwiches,Mayonnaise,50,0,0,30,0
111,Sandwiches,Ketchup,10,0,2,70,2
112,Sandwiches,Mustard,0,0,0,30,0
113,Sandwiches,Smoky Honey Mustard,45,0,3,75,2
114,Sandwiches,Ranch Sauce,80,1,1,110,1
115,Sandwiches,Crinkle Cut Pickles – 3 each,0,0,0,110,0
116,Sandwiches,Iceberg Lettuce Leaf,0,0,0,0,0
117,Sandwiches,Tomato – 1 slice,5,0,1,0,1
118,Sandwiches,Red Onion – 2 rings,0,0,0,0,0
120,Frosty,"Chocolate Frosty, Small",290,8,48,135,40
121,Frosty,"Vanilla Frosty, Small",280,8,46,135,39
122,Frosty,"Chocolate Frosty Shake, Small",580,11,104,250,93
123,Frosty,"Chocolate Frosty Shake, Large",870,15,164,380,148
124,Frosty,"Strawberry Frosty Shake, Small",540,10,97,180,86
125,Frosty,"Strawberry Frosty Shake, Large",780,13,149,240,134
126,Frosty,"Caramel Frosty Shake, Small",650,10,121,320,96
127,Frosty,"Caramel Frosty Shake, Large",990,14,195,510,153
128,Frosty,Chocolate Frosty Waffle Cone,300,7,54,160,35
129,Frosty,Vanilla Frosty Waffle Cone,290,7,53,160,34
131,Entrees,Artisan Egg Sandwich with Applewood Smoked Bacon,350,18,29,730,4
132,Entrees,Artisan Egg Sandwich with All-Natural Sausage,500,24,30,870,4
133,Entrees,Artisan Sandwich with Egg & Cheese,290,15,29,530,4
134,Entrees,Mornin’ Melt™ Panini with Applewood Smoked Bacon,540,30,33,860,4
135,Entrees,Mornin’ Melt Panini with All-Natural Sausage,650,34,33,900,3
136,Entrees,Mornin’ Melt Panini with Egg & Cheese,450,25,33,560,3
137,Entrees,"Fresh-Baked Biscuit with Applewood Smoked Baconeval(ez_write_tag([[336,280],'nutrition_charts_com-banner-1','ezslot_6',134,'0','0']));",420,17,36,1260,4
138,Entrees,Fresh-Baked Biscuit with All-Natural Sausage,570,23,37,1390,5
139,Entrees,Fresh-Baked Biscuit with Egg & Cheese,360,14,36,1060,4
140,Entrees,Toasted Bagel Sandwich with Applewood Smoked Bacon,480,24,57,1010,8
141,Entrees,Toasted Bagel Sandwich with All-Natural Sausage,600,28,57,1040,8
142,Entrees,Toasted Bagel Sandwich with Egg and Cheddar,390,19,56,700,7
143,Entrees,Honey Butter Chicken Biscuit,510,21,52,1400,9
144,Entrees,"Sunny Side Burger, Jr. Single",470,28,29,1010,4
145,Entrees,Steel-Cut Oatmeal with Cranberries and Pecans,330,5,57,250,33
146,Entrees,Steel-Cut Oatmeal with Summer Berries,140,4,31,190,11
147,Entrees,Steel-Cut Oatmeal with Apples and Caramel,160,4,38,200,17
148,Entrees,"Steel-Cut Oatmeal, Plain",150,5,33,230,10
149,Entrees,Brown Sugar,40,0,9,0,9
151,Value Sides,Sausage & Egg Burrito,270,12,12,640,1
152,Value Sides,Hot Sauce,10,0,2,135,1
153,Value Sides,Sausage Biscuit,460,13,37,1110,4
154,Value Sides,Sausage Gravy & Biscuit,460,9,51,1530,5
155,Value Sides,"Toasted Bagel, Plain",270,9,55,540,7
156,Value Sides,Buttery Best Spread,50,0,0,95,0
157,Value Sides,Seasoned Homestyle Potatoes,230,2,34,700,0
158,Value Sides,"Orange Juice, Small",130,2,30,0,23
160,Redhead Roasters Bakery,Oatmeal Bar,280,4,46,220,24
161,Redhead Roasters Bakery,Cinna-Middles,540,7,62,640,25
162,Redhead Roasters Bakery,Chocolate Chunk Cookie,390,4,51,270,30
163,Redhead Roasters Bakery,Sugar Cookie,390,4,53,360,28
164,Redhead Roasters Bakery,Chocolate Brownie,400,5,57,190,44
165,Redhead Roasters Bakery,Oreo® Brownie,470,5,68,260,50
167,Redhead Roasters Beverages,"Original Redhead Hot Coffee, Regular, Small",0,0,0,0,0
168,Redhead Roasters Beverages,"Original Redhead Hot Coffee, Decaffeinated, Small",0,0,0,0,0
169,Redhead Roasters Beverages,Mocha Roaster,330,3,65,75,61
170,Redhead Roasters Beverages,Caramel Roaster,280,3,55,85,49
171,Redhead Roasters Beverages,Skinny Vanilla Roaster,130,3,28,75,20
172,Redhead Roasters Beverages,"Mocha Iced Coffee, Small",100,1,12,45,11
173,Redhead Roasters Beverages,"Caramel Iced Coffee, Small",80,1,9,45,8
174,Redhead Roasters Beverages,"Vanilla Iced Coffee, Small",90,1,11,45,10
175,Redhead Roasters Beverages,"Skinny Vanilla Iced Coffee, Small",60,1,7,45,2
176,Redhead Roasters Beverages,"English Breakfast Premium Hot Tea, Small",0,0,0,0,0
177,Redhead Roasters Beverages,"Lemongrass Green Premium Hot Tea, Small",0,0,0,0,0
