,Category,Items,Calories,Protein (g),Total Carbs (g),Sodium (mg),Sugars (g)
1,Sides,Chow Mein,490,13,65,1060,8
2,Sides,Fried Rice,470,11,64,830,3
3,Sides,Steamed Brown Rice,420,9,87,15,1
4,Sides,Steamed White Rice,380,7,86,0,0
5,Sides,Mixed Veggies (Side),70,4,13,530,4
7,Veggies,Eggplant & Tofu,310,7,20,570,13
8,Veggies,Mixed Veggies (Entree),35,2,7,260,2
10,Chicken,Black Pepper Chicken,200,15,13,1050,5
11,Chicken,Kung Pao Chicken,240,15,13,900,5
12,Chicken,Grilled Teriyaki Chicken,300,36,8,530,8
13,Chicken,Grilled Asian Chicken,300,36,8,530,8
14,Chicken,Teriyaki Chicken,340,41,14,630,10
15,Chicken,Asian Chicken,340,41,14,630,10
16,Chicken,Mandarin Chicken,310,34,8,740,8
17,Chicken,Mushroom Chicken,180,14,10,840,4
18,Chicken,"Orange Chickeneval(ez_write_tag([[970,250],'nutrition_charts_com-medrectangle-4','ezslot_3',132,'0','0']));",420,15,43,620,18
19,Chicken,Potato Chicken,190,9,19,820,5
21,Chicken Breast,String Bean Chicken Breast,160,15,12,770,6
22,Chicken Breast,Sweet Fire Chicken Breast,440,17,53,370,27
23,Chicken Breast,Sweet & Sour Chicken Breast,380,15,40,320,23
25,Beef,Beijing Beef,690,26,57,890,25
26,Beef,Broccoli Beef,120,9,13,660,3
27,Beef,Samurai Surf & Turf,230,19,21,770,7
28,Beef,Shanghai Angus Steak,220,21,19,910,13
30,Shrimp,Crispy Shrimp 6 pcs,260,9,26,810,2
31,Shrimp,Golden Treasure Shrimp,390,16,39,500,15
32,Shrimp,Honey Walnut Shrimp,370,14,27,470,9
33,Shrimp,Peppercorn Shrimp,170,12,18,810,11
34,Shrimp,Samurai Surf & Turf,230,19,21,770,7
36,Appetizers,Chicken Egg Roll 1 roll,200,8,16,390,2
37,Appetizers,Chicken Potsticker 3 pcs,220,7,23,280,2
38,Appetizers,Cream Cheese Rangoon 3 pcs,190,5,24,180,1
39,Appetizers,Veggie Spring Roll 2 rolls,160,4,22,540,2
41,Soup,Hot & Sour Soup,100,4,12,930,4
43,Sauces And Cookies,Teriyaki Sauce,70,0,15,450,13
44,Sauces And Cookies,Mandarin Sauce,160,0,40,340,40
45,Sauces And Cookies,"Sweet & Sour Sauceeval(ez_write_tag([[728,90],'nutrition_charts_com-box-4','ezslot_5',133,'0','0']));",70,0,21,115,20
46,Sauces And Cookies,Chili Sauce 1 Packet,10,0,2,125,2
47,Sauces And Cookies,Soy Sauce 1 Packet,5,0,0,375,0
48,Sauces And Cookies,Potsticker Sauce 1 Packet,10,0,3,290,2
49,Sauces And Cookies,Hot Mustard 1 Packet,10,0,0,115,0
50,Sauces And Cookies,Plum Sauce 1 Packet,15,0,3,55,3
51,Sauces And Cookies,Fortune Cookies / 1 pc,32,1,7,8,3
53,Beverages,Pepsi® (Sm.),240,0,67,60,65
54,Beverages,Pepsi® (Med.),330,0,92,80,89
55,Beverages,Pepsi® (Lrg.),460,0,129,115,124
56,Beverages,Diet Pepsi® (Sm.),0,0,0,60,0
57,Beverages,Diet Pepsi® (Med.),0,0,0,80,0
58,Beverages,Diet Pepsi® (Lrg.),0,0,0,115,0
59,Beverages,Mountain Dew® (Sm.),260,0,70,85,70
60,Beverages,Mountain Dew® (Med.),360,0,95,115,95
61,Beverages,Mountain Dew® (Lrg.),510,0,133,160,133
62,Beverages,Dr Pepper® (Sm.),206,0,56,72,56
63,Beverages,Dr Pepper® (Med.),281,0,76,98,76
64,Beverages,Dr. Pepper (Lrg.),394,0,106,138,106
65,Beverages,Mug Root Beer® (Sm.),240,0,63,35,63
66,Beverages,Mug Root Beer® (Med.),330,0,85,50,85
67,Beverages,Mug Root Beer® (Lrg.),460,0,119,70,119
68,Beverages,Sierra Mist® (Sm.),240,0,65,50,65
69,Beverages,Sierra Mist® (Med.),330,0,89,65,89
70,Beverages,Sierra Mist® (Lrg.),460,0,124,90,124
71,Beverages,Lipton No Calorie Brisk Peach® (Sm.),0,0,0,170,0
72,Beverages,Lipton No Calorie Brisk Peach® (Med.),0,0,0,230,0
73,Beverages,Lipton No Calorie Brisk Peach® (Lrg.),0,0,0,320,0
74,Beverages,Lipton Brisk Raspberry® (Sm.),190,0,51,60,51
75,Beverages,Lipton Brisk Raspberry® (Med.),260,0,69,80,69
76,Beverages,Lipton Brisk Raspberry® (Lrg.),370,0,96,115,96
77,Beverages,Sobe Lean® (Sm.),0,0,0,60,0
78,Beverages,Sobe Lean® (Med.),0,0,0,80,0
79,Beverages,Sobe Lean® (Lrg.),0,0,0,115,0
80,Beverages,Tropicana Fruit Punch® (Sm.),260,0,72,60,72
81,Beverages,Tropicana Fruit Punch® (Med.),360,0,98,80,98
82,Beverages,Tropicana Fruit Punch® (Lrg.),510,0,138,115,138
83,Beverages,Tropicana Lemonade® (Sm.),240,0,65,255,65
84,Beverages,Tropicana Lemonade® (Med.),330,0,89,345,89
85,Beverages,Tropicana Lemonade® (Lrg.),460,0,124,480,124
86,Beverages,Tropicana Pink Lemonade® (Sm.),240,0,65,255,65
87,Beverages,Tropicana Pink Lemonade® (Med.),330,0,89,345,89
88,Beverages,Tropicana Pink Lemonade® (Lrg.),460,0,124,480,124
89,Beverages,China Mist Iced Tea® (Sm.),0,0,0,0,0
90,Beverages,China Mist Iced Tea® (Med.),0,0,0,0,0
91,Beverages,China Mist Iced Tea® (Lrg.),0,0,0,0,0
93,Panda Kids: Sides,Chow Mein,280,7,36,590,5
94,Panda Kids: Sides,Fried Rice,350,8,55,550,2
95,Panda Kids: Sides,Steamed Brown Rice,310,7,64,10,1
96,Panda Kids: Sides,Steamed White Rice,240,5,54,0,0
97,Panda Kids: Sides,Mixed Veggies (Side),70,4,15,540,5
99,Panda Kids: Veggies,Eggplant & Tofu,250,5,17,450,13
100,Panda Kids: Veggies,Mixed Veggies (Entree),35,2,7,270,2
102,Panda Kids: Chicken,Black Pepper Chicken,140,10,11,910,5
103,Panda Kids: Chicken,Kung Pao Chicken,190,12,10,800,4
104,Panda Kids: Chicken,Grilled Teriyaki Chicken,180,22,5,320,5
105,Panda Kids: Chicken,Grilled Asian Chicken,180,22,5,320,5
106,Panda Kids: Chicken,Teriyaki Chicken,200,25,8,380,6
107,Panda Kids: Chicken,Asian Chicken,200,25,8,380,6
108,Panda Kids: Chicken,Mandarin Chicken,240,26,6,560,6
109,Panda Kids: Chicken,Mushroom Chicken,130,10,8,680,4
110,Panda Kids: Chicken,Orange Chicken,290,11,33,500,13
111,Panda Kids: Chicken,Potato Chicken,150,7,15,570,3
113,Panda Kids: Chicken Breast,String Bean Chicken Breast,120,11,9,590,5
114,Panda Kids: Chicken Breast,SweetFire Chicken Breast,330,13,40,280,20
115,Panda Kids: Chicken Breast,Sweet & Sour Chicken Breast,290,11,36,240,19
117,Panda Kids: Beef,Beijing Beef,520,20,43,670,19
118,Panda Kids: Beef,Broccoli Beef,100,7,9,540,3
119,Panda Kids: Beef,Samurai Surf & Turf,180,14,15,580,5
120,Panda Kids: Beef,Shanghai Angus Steak,170,17,13,640,9
122,Panda Kids: Shrimp,Crispy Shrimp 4 pcs,170,6,17,520,1
123,Panda Kids: Shrimp,Golden Treasure Shrimp,230,9,23,290,9
124,Panda Kids: Shrimp,Honey Walnut Shrimp,200,8,15,260,5
125,Panda Kids: Shrimp,Peppercorn Shrimp,120,9,13,600,8
126,Panda Kids: Shrimp,Samurai Surf & Turf,180,14,15,580,5
128,Panda Kids: Beverages,Pepsi ® (Kids),130,0,37,35,35
129,Panda Kids: Beverages,"Diet Pepsi® (Kids)eval(ez_write_tag([[970,250],'nutrition_charts_com-banner-1','ezslot_6',134,'0','0']));",0,0,0,35,0
130,Panda Kids: Beverages,Mountain Dew® (Kids),140,0,38,45,38
131,Panda Kids: Beverages,Dr Pepper® (Kids),113,0,30,39,30
132,Panda Kids: Beverages,Mug Root Beer® (Kids),130,0,34,20,34
133,Panda Kids: Beverages,Sierra Mist® (Kids),130,0,35,25,35
134,Panda Kids: Beverages,Lipton No Calorie Brisk Peach® (Kids),0,0,0,90,0
135,Panda Kids: Beverages,Lipton Brisk Raspberry® (Kids),110,0,28,35,28
136,Panda Kids: Beverages,Sobe Lean® (Kids),0,0,0,35,0
137,Panda Kids: Beverages,Tropicana Fruit Punch® (Kids),140,0,39,35,39
138,Panda Kids: Beverages,Tropicana Lemonade® (Kids),130,0,35,140,35
139,Panda Kids: Beverages,Tropicana Pink Lemonade® (Kids),130,0,35,140,35
140,Panda Kids: Beverages,China Mist Iced Tea® (Kids),0,0,0,0,0
