,Category,Items,Calories,Protein (g),Total Carbs (g),Sodium (mg),Sugars (g)
0,Buffalo Chicken,Original Crust – Pizza for One (1/4 of an order),260,10,27,740,3
1,Buffalo Chicken,Original Crust – Small (1/6 of an order),250,10,26,700,3
2,Buffalo Chicken,Original Crust – Medium (1/8 of an order),260,11,27,740,3
3,Buffalo Chicken,Original Crust – Large (1/8 of an order),370,15,39,1050,4
4,Buffalo Chicken,Original Crust – Extra Large (1/10 of an order),400,16,42,1100,5
5,Buffalo Chicken,Thin Crust – Large (1/8 of an order),320,13,24,840,1
7,Double Bacon 6 Cheese,Original Crust – Small (1/6 of an order),240,12,25,650,3
8,Double Bacon 6 Cheese,Original Crust – Medium (1/8 of an order),250,12,26,670,3
9,Double Bacon 6 Cheese,Original Crust – Large (1/8 of an order),350,18,38,970,5
10,Double Bacon 6 Cheese,Original Crust – Extra Large (1/10 of an order),370,19,41,1030,5
11,Double Bacon 6 Cheese,Thin Crust – Large (1/8 of an order),290,15,22,630,2
13,Cheese,Original Crust – Pizza for One (1/4 of an order),180,7,25,450,3
14,Cheese,Original Crust – Small (1/6 of an order),180,7,25,440,3
15,Cheese,Original Crust – Medium (1/8 of an order),210,8,26,530,3
16,Cheese,Original Crust – Large (1/8 of an order),290,11,37,720,4
17,Cheese,Original Crust – Extra Large (1/10 of an order),300,11,40,740,5
18,Cheese,Thin Crust – Large (1/8 of an order),230,9,22,380,2
20,Pepperoni,Original Crust – Pizza for One (1/4 of an order),210,8,25,560,3
21,Pepperoni,Original Crust – Small (1/6 of an order),220,8,25,580,3
22,Pepperoni,Original Crust – Medium (1/8 of an order),230,9,26,610,3
23,Pepperoni,Original Crust – Large (1/8 of an order),330,13,37,870,4
24,Pepperoni,Original Crust – Extra Large (1/10 of an order),340,13,40,900,5
25,Pepperoni,Thin Crust – Large (1/8 of an order),270,10,22,530,2
27,John’s Favorite,Original Crust – Pizza for One (1/4 of an order),270,11,25,710,3
28,John’s Favorite,Original Crust – Small (1/6 of an order),270,11,25,720,3
29,John’s Favorite,Original Crust – Medium (1/8 of an order),290,12,26,750,3
30,John’s Favorite,Original Crust – Large (1/8 of an order),410,16,38,1060,4
31,John’s Favorite,Original Crust – Extra Large (1/10 of an order),430,17,40,1110,5
32,John’s Favorite,Thin Crust – Large (1/8 of an order),340,14,20,850,2
34,The Works,Original Crust – Pizza for One (1/4 of an order),210,8,26,600,3
35,The Works,Original Crust – Small (1/6 of an order),220,9,26,620,3
36,The Works,Original Crust – Medium (1/8 of an order),230,9,27,650,3
37,The Works,Original Crust – Large (1/8 of an order),330,13,39,930,5
38,The Works,Original Crust – Extra Large (1/10 of an order),350,14,42,980,5
39,The Works,Thin Crust – Large (1/8 of an order),270,11,23,590,2
41,Garden Fresh,Original Crust – Pizza for One (1/4 of an order),180,6,26,440,4
42,Garden Fresh,Original Crust – Small (1/6 of an order),140,5,20,350,3
43,Garden Fresh,Original Crust – Medium (1/8 of an order),200,8,27,500,4
44,Garden Fresh,Original Crust – Large (1/8 of an order),280,11,39,700,5
45,Garden Fresh,Original Crust – Extra Large (1/10 of an order),300,11,42,740,6
46,Garden Fresh,Thin Crust – Large (1/8 of an order),220,8,24,360,3
48,Spicy Italian,Original Crust – Pizza for One (1/4 of an order),240,9,25,630,3
49,Spicy Italian,Original Crust – Small (1/6 of an order),240,9,25,610,3
50,Spicy Italian,Original Crust – Medium (1/8 of an order),270,10,27,690,3
51,Spicy Italian,Original Crust – Large (1/8 of an order),380,14,38,980,4
52,Spicy Italian,Original Crust – Extra Large (1/10 of an order),400,15,41,1040,5
53,Spicy Italian,Thin Crust – Large (1/8 of an order),320,12,22,640,2
55,BBQ Chicken Bacon,Original Crust – Pizza for One (1/4 of an order),230,10,30,680,3
56,BBQ Chicken Bacon,Original Crust – Small (1/6 of an order),230,10,30,690,2
57,BBQ Chicken Bacon,Original Crust – Medium (1/8 of an order),250,11,32,740,3
58,BBQ Chicken Bacon,Original Crust – Large (1/8 of an order),350,15,45,1030,4
59,BBQ Chicken Bacon,Original Crust – Extra Large (1/10 of an order),370,16,48,1090,4
60,BBQ Chicken Bacon,Thin Crust – Large (1/8 of an order),290,13,29,690,1
62,Hawaiian BBQ Chicken,Original Crust – Small (1/6 of an order),240,10,31,690,8
63,Hawaiian BBQ Chicken,Original Crust – Medium (1/8 of an order),250,11,33,740,9
64,Hawaiian BBQ Chicken,Original Crust – Large (1/8 of an order),350,15,46,1030,12
65,Hawaiian BBQ Chicken,Original Crust – Extra Large (1/10 of an order),370,16,50,1090,13
66,Hawaiian BBQ Chicken,Thin Crust – Large (1/8 of an order),290,13,31,690,9
68,Tuscan Six Cheese,Original Crust – Pizza for One (1/4 of an order),210,9,25,520,3
69,Tuscan Six Cheese,Original Crust – Small (1/6 of an order),220,10,25,540,3
70,Tuscan Six Cheese,Original Crust – Medium (1/8 of an order),230,10,26,580,3
71,Tuscan Six Cheese,Original Crust – Large (1/8 of an order),320,14,38,800,4
72,Tuscan Six Cheese,Original Crust – Extra Large (1/10 of an order),340,15,40,840,5
74,The Meats,Thin Crust – Large (1/8 of an order),260,12,22,460,2
75,The Meats,Original Crust – Pizza for One (1/4 of an order),240,10,25,690,3
76,The Meats,Original Crust – Small (1/6 of an order),250,10,25,700,3
77,The Meats,Original Crust – Medium (1/8 of an order),250,11,26,710,3
78,The Meats,Original Crust – Large (1/8 of an order),370,15,38,1050,5
79,The Meats,Original Crust – Extra Large (1/10 of an order),400,16,40,1100,5
80,The Meats,Thin Crust – Large (1/8 of an order),310,13,22,710,2
82,Spinach Alfredo,Original Crust – Pizza for One (1/4 of an order),190,7,24,460,3
83,Spinach Alfredo,Original Crust – Small (1/6 of an order),190,7,24,460,2
84,Spinach Alfredo,Original Crust – Medium (1/8 of an order),200,8,26,500,3
85,Spinach Alfredo,Original Crust – Large (1/8 of an order),280,11,36,690,4
86,Spinach Alfredo,Original Crust – Extra Large (1/10 of an order),300,11,39,740,4
87,Spinach Alfredo,Thin Crust – Large (1/8 of an order),220,8,21,350,1
