,Category,Items,Calories,Total Carbs (g),Fiber (g),Sugars (g),Protein (g)
0,Healthy DiningBack to Top,Chicken Fajita Pita made w/ Whole Grain (no salsa),320,33,4,3,24
1,Healthy DiningBack to Top,Chicken Teriyaki Bowl,690,133,5,36,27
2,Healthy DiningBack to Top,Chiquita Apple Bites w/ Caramel,70,17,2,13,0
3,Healthy DiningBack to Top,Grilled Chicken Salad,250,14,4,6,28
4,Healthy DiningBack to Top,Grilled Chicken Strips w/ Teriyaki Dipping Sauce,310,16,0,12,44
5,Healthy DiningBack to Top,Jr. Jack,320,33,2,6,14
6,Healthy DiningBack to Top,"Smoothie, Mango 16oz",290,72,0,57,2
7,Healthy DiningBack to Top,"Smoothie, Strawberry 16oz",270,67,1,51,2
8,Healthy DiningBack to Top,"Smoothie, Strawberry Banana 16oz.eval(ez_write_tag([[970,250],'nutrition_charts_com-medrectangle-4','ezslot_2',140,'0','0']));",290,73,1,57,2
10,Burgers & More,Bacon Ultimate Cheeseburger,910,44,2,7,27
11,Burgers & More,Big Cheeseburger,560,43,2,6,29
12,Burgers & More,Hamburger,280,32,1,5,14
13,Burgers & More,Hamburger w/ Cheese,320,32,1,6,16
14,Burgers & More,Jr. Jack,320,33,2,6,14
15,Burgers & More,Jr. Jack w/ Cheese,370,33,2,66,16
16,Burgers & More,Jr. Bacon Cheeseburger,390,32,1,6,19
17,Burgers & More,Jumbo Jack,490,44,3,7,26
18,Burgers & More,Jumbo Jack w/ Cheese,570,45,3,8,30
19,Burgers & More,Sirloin Cheeseburger,940,52,3,9,41
20,Burgers & More,Sirloin Cheeseburger w/ Bacon,1030,52,3,10,48
21,Burgers & More,Sirloin Swiss & Grilled Onion Burger,930,52,3,9,41
22,Burgers & More,Sirloin Swiss & Grilled Onion Burger w/ Bacon,1020,52,3,10,49
23,Burgers & More,Sourdough Jack,660,40,3,8,35
24,Burgers & More,Sourdough Cheesesteak Melt,450,40,3,6,23
25,Burgers & More,Ultimate Cheeseburger,820,44,2,7,50
27,Chicken & More,Chicken Fajita Pita made w/ Whole Grain (no salsa),320,33,4,3,24
28,Chicken & More,Chicken Fajita Pita made w/ Whole Grain (w/ salsa),330,35,4,4,24
29,Chicken & More,Chicken Nuggets 5 pc.,240,13,1,0,9
30,Chicken & More,Chicken Nuggets 10 pc.,480,26,2,0,19
31,Chicken & More,Chicken Nuggets 20 pc,950,51,4,1,38
32,Chicken & More,Chicken Sandwich,410,42,2,4,15
33,Chicken & More,Chicken Sandwich w/ Bacon,470,42,2,4,21
34,Chicken & More,"Chicken Strips, Crispy 4 pc.",560,53,3,0,33
35,Chicken & More,"Chicken Strips, Grilled 4 pc.",250,5,0,3,43
36,Chicken & More,Fish Sandwich (Seasonal),390,46,2,4,17
37,Chicken & More,Homestyle Ranch Chicken Club,730,65,3,8,39
38,Chicken & More,Jack’s Spicy Chicken,530,61,3,6,28
39,Chicken & More,Jack’s Spicy Chicken w/ Cheese,600,62,3,7,32
40,"Chicken & MoreChicken served at Jack in the Box includes traditional crispy fried or grilled sandwiches topped with lettuce, tomato, and real mayonnaise. The ever-popular fried chicken strips and nuggets are also available. For those seeking healthier fare, try the grilled chicken fajita pita or chicken teriyaki bowl, which are lower-calorie meals.Back to Top",Sourdough Grilled Chicken Club,540,38,3,6,39
42,Something DifferentBack to Top,Chicken Teriyaki Bowl,690,133,5,36,27
43,Something DifferentBack to Top,"Grilled Sandwich, Deli Trio",620,54,5,4,36
44,Something DifferentBack to Top,"Grilled Sandwich, Turkey Bacon, & Cheddar",660,53,5,4,41
46,Salads,Chicken Club Salad w/ Crispy Chicken Strips,510,36,5,4,32
47,Salads,Chicken Club Salad w/ Grilled Chicken Strips,360,12,4,5,37
48,Salads,Grilled Chicken Salad,250,14,4,6,28
49,Salads,Southwest Chicken Salad w/ Crispy Chicken Strips,500,52,8,5,29
50,Salads,"Southwest Chicken Salad w/ Grilled Chicken Stripseval(ez_write_tag([[970,250],'nutrition_charts_com-box-4','ezslot_4',133,'0','0']));",350,28,7,6,34
51,Salads,Bacon Ranch Dressing,220,3,0,1,1
52,Salads,Creamy Southwest Dressing,190,3,0,1,1
53,Salads,Gourmet Seasoned Croutons,50,9,0,0,1
54,Salads,Lite Ranch Dressing,130,2,0,1,1
55,Salads,Low-Fat Balsamic Vinaigrette,25,3,0,2,0
56,Salads,Spicy Corn Sticks,60,7,0,0,1
58,Snacks & Sides,Bacon Cheddar Potato Wedges,600,58,5,2,17
59,Snacks & Sides,Chiquita Apple Bites w/ Caramel,70,17,2,13,0
60,Snacks & Sides,Egg Roll 1 pc.,150,15,2,2,5
61,Snacks & Sides,Egg Roll 3 pc.,440,46,7,6,16
62,Snacks & Sides,"French Fries, small",330,45,3,0,4
63,Snacks & Sides,"French Fries, medium",450,61,4,1,5
64,Snacks & Sides,"French Fries, large",610,83,6,1,7
65,Snacks & Sides,Mozzarella Cheese Sticks 3 pc.,280,22,2,0,12
66,Snacks & Sides,Mozzarella Cheese Sticks 6 pc.,560,43,3,1,24
67,Snacks & Sides,Onion Rings,450,45,3,5,6
68,Snacks & Sides,"Seasoned Curly Fries, small",280,30,3,0,3
69,Snacks & Sides,"Seasoned Curly Fries, medium",430,46,4,0,5
70,Snacks & Sides,"Seasoned Curly Fries, large",580,63,5,0,7
71,Snacks & Sides,"Stuffed Jalapenos, 3 pc.",220,21,1,2,6
72,Snacks & Sides,"Stuffed Jalapenos, 7 pc.",510,49,3,5,14
73,Snacks & Sides,Taco (1 Taco),190,17,2,3,6
75,Breakfast & Brunchfast,Bacon Breakfast Jack,310,30,1,4,17
76,Breakfast & Brunchfast,Bacon Egg & Cheese Biscuit,430,35,2,1,16
77,Breakfast & Brunchfast,Breakfast Jack,280,30,1,4,16
78,Breakfast & Brunchfast,Grilled Breakfast Sandwich,620,53,4,4,36
79,Breakfast & Brunchfast,Extreme Sausage Sandwich,660,32,2,5,29
80,Breakfast & Brunchfast,Hash Brown,190,17,2,0,2
81,Breakfast & Brunchfast,"Jumbo Breakfast Platter, Bacon",560,46,3,7,24
82,Breakfast & Brunchfast,"Jumbo Breakfast Platter, Sausage",640,47,3,7,23
83,Breakfast & Brunchfast,Meaty Breakfast Burrito (no salsa),610,38,4,2,33
84,Breakfast & Brunchfast,Meaty Breakfast Burrito (w/ salsa),620,40,4,3,33
85,Breakfast & Brunchfast,Mini Pancakes,140,28,1,6,4
86,Breakfast & Brunchfast,Sausage Biscuit,450,35,2,1,11
87,Breakfast & Brunchfast,Sausage Breakfast Jack,430,30,1,4,19
88,Breakfast & Brunchfast,Sausage Croissant,560,32,2,3,19
89,Breakfast & Brunchfast,Sausage Egg & Cheese Biscuit,560,36,2,1,19
90,Breakfast & Brunchfast,Sourdough Breakfast Sandwich,410,35,2,4,20
91,Breakfast & Brunchfast,Steak & Egg Burrito (no salsa),790,57,6,3,33
92,Breakfast & Brunchfast,Steak & Egg Burrito (w/ salsa),800,58,6,4,33
93,Breakfast & Brunchfast,Spicy Chicken Biscuit,540,53,2,2,25
94,Breakfast & Brunchfast,Supreme Croissant,450,32,2,4,19
95,Breakfast & Brunchfast,Ultimate Breakfast Sandwich,520,42,2,5,33
98,DrinksBack to Top,16oz,180,54,0,54,0
99,DrinksBack to Top,20oz,250,68,0,68,0
100,DrinksBack to Top,32oz,400,109,0,109,0
101,DrinksBack to Top,42oz,520,119,0,119,0
103,DrinksBack to Top,16oz,180,50,0,50,0
104,DrinksBack to Top,20oz,230,62,0,62,0
105,DrinksBack to Top,32oz,360,100,0,100,0
106,DrinksBack to Top,42oz,480,131,0,131,0
107,DrinksBack to Top,Aquarius Bottled Water,0,0,0,0,0
109,DrinksBack to Top,16oz,0,0,0,0,0
110,DrinksBack to Top,20oz,0,0,0,0,0
111,DrinksBack to Top,32oz,5,0,0,0,0
112,DrinksBack to Top,42oz,5,0,0,0,0
114,DrinksBack to Top,16oz,0,0,0,0,0
115,DrinksBack to Top,20oz,0,0,0,0,0
116,DrinksBack to Top,32oz,0,0,0,0,0
117,DrinksBack to Top,42oz,0,0,0,0,0
119,DrinksBack to Top,16oz,180,50,0,45,0
120,DrinksBack to Top,20oz,230,62,0,57,0
121,DrinksBack to Top,32oz,360,100,0,91,0
122,DrinksBack to Top,42oz,480,131,0,119,0
124,DrinksBack to Top,16oz,160,89,0,44,0
125,DrinksBack to Top,20oz,210,116,0,55,0
126,DrinksBack to Top,32oz,330,44,0,89,0
127,DrinksBack to Top,42oz,430,56,0,116,0
130,DrinksBack to Top,20oz,210,117,0,56,0
131,DrinksBack to Top,32oz,330,21,0,89,0
132,DrinksBack to Top,42oz,430,20,0,117,0
133,DrinksBack to Top,"Flavored Iced Tea, Mango 24oz",80,21,0,19,0
134,DrinksBack to Top,"Flavored Iced Tea, Peach 24 oz",80,20,0,18,0
135,DrinksBack to Top,"Flavored Iced Tea, Raspberry 24 oz",80,21,0,19,0
137,DrinksBack to Top,16oz,5,1,0,0,0
138,DrinksBack to Top,"20ozeval(ez_write_tag([[336,280],'nutrition_charts_com-banner-1','ezslot_6',134,'0','0']));",5,2,0,0,0
139,DrinksBack to Top,32oz,10,3,0,0,0
140,DrinksBack to Top,42oz,10,4,0,0,0
142,DrinksBack to Top,16oz,210,56,0,55,0
145,DrinksBack to Top,42oz,550,148,0,144,1
148,DrinksBack to Top,12oz,5,1,0,0,0
149,DrinksBack to Top,16oz,10,2,0,0,0
151,DrinksBack to Top,12oz,5,1,0,0,0
152,DrinksBack to Top,16oz,10,2,0,0,0
154,DrinksBack to Top,16oz,180,45,0,45,0
155,DrinksBack to Top,20oz,220,57,0,57,0
156,DrinksBack to Top,32oz,350,91,0,91,0
157,DrinksBack to Top,42oz,460,119,0,119,0
158,DrinksBack to Top,Minute Maid Orange Juice 10oz,140,33,0,30,2
161,DrinksBack to Top,Mango 16oz,290,72,0,57,2
162,DrinksBack to Top,Mango 24oz,450,114,0,91,3
163,DrinksBack to Top,Strawberry 16oz,270,67,1,51,2
164,DrinksBack to Top,Strawberry 24oz,400,99,2,77,3
165,DrinksBack to Top,Strawberry Banana 16oz,290,73,1,57,2
166,DrinksBack to Top,Strawberry Banana 24oz,440,108,2,85,3
168,DrinksBack to Top,16oz,180,45,0,45,0
169,DrinksBack to Top,20oz,220,57,0,57,0
170,DrinksBack to Top,32oz,350,91,0,91,0
171,DrinksBack to Top,42oz,460,119,0,119,0
173,Shakes & DessertsBack to Top,Chocolate Overload Cake,300,57,2,34,4
174,Shakes & DessertsBack to Top,Mini Cookies,310,47,2,26,3
176,Shakes & DessertsBack to Top,5 pc,350,42,2,12,4
177,Shakes & DessertsBack to Top,10 pc,690,84,4,25,7
178,Shakes & DessertsBack to Top,New York Style Cheesecake,310,32,1,22,7
180,Shakes & DessertsBack to Top,Chocolate w/ Whipped Topping 16oz,800,101,1,88,13
181,Shakes & DessertsBack to Top,Chocolate w/ Whipped Topping 24oz,1150,146,2,128,19
182,Shakes & DessertsBack to Top,Oreo Cookie w/ Whipped Topping 16oz,810,92,1,73,13
183,Shakes & DessertsBack to Top,Oreo Cookie w/ Whipped Topping 24oz,1170,134,2,105,19
184,Shakes & DessertsBack to Top,Strawberry w/ Whipped Topping 16oz,780,95,0,80,12
185,Shakes & DessertsBack to Top,Strawberry w/ Whipped Topping 24oz,1120,138,1,116,17
186,Shakes & DessertsBack to Top,Vanilla w/ Whipped Topping 16oz,700,76,0,63,12
187,Shakes & DessertsBack to Top,Vanilla w/ Whipped Topping 24oz,1000,109,1,91,17
189,Kid’s MenuBack to Top,Breakfast Jack,280,30,1,4,16
190,Kid’s MenuBack to Top,Chicken Nuggets 5 pc.,240,13,1,0,9
191,Kid’s MenuBack to Top,Chicken Sandwich,410,42,2,4,15
192,Kid’s MenuBack to Top,"Chicken Strips, Crispy 2 pc",280,26,1,0,17
193,Kid’s MenuBack to Top,"Chicken Strips, Grilled 2 pc",130,2,0,1,22
194,Kid’s MenuBack to Top,"Chiquita Apple Bites w/ Carameleval(ez_write_tag([[250,250],'nutrition_charts_com-large-leaderboard-2','ezslot_5',135,'0','0']));",70,17,2,13,0
195,Kid’s MenuBack to Top,French Fries (Kid’s),230,30,2,0,3
196,Kid’s MenuBack to Top,Grilled Cheese Sandwich,330,34,2,3,11
197,Kid’s MenuBack to Top,Hamburger,280,32,1,5,14
198,Kid’s MenuBack to Top,Hamburger w/ Cheese,320,32,1,6,16
199,Kid’s MenuBack to Top,Mini Pancakes,140,28,1,6,4
200,Kid’s MenuBack to Top,Seasoned Curly Fries (Kid’s),200,21,2,0,2
202,Value MenuBack to Top,Big Cheeseburger,560,43,2,6,29
203,Value MenuBack to Top,Chicken Sandwich,410,42,2,4,15
204,Value MenuBack to Top,Chicken Sandwich w/ Bacon,470,42,2,4,21
205,Value MenuBack to Top,Grilled Cheese Sandwich,330,34,2,3,11
206,Value MenuBack to Top,Jr. Jack,320,33,2,6,14
207,Value MenuBack to Top,Jr. Jack w/ Cheese,370,33,2,6,16
208,Value MenuBack to Top,Jr. Bacon Cheeseburger,390,32,1,6,19
209,Value MenuBack to Top,Jumbo Jack,490,44,3,7,26
210,Value MenuBack to Top,Jumbo Jack w/ Cheese,570,45,3,8,30
211,Value MenuBack to Top,Taco (2 Tacos),390,33,4,6,13
213,CheesesBack to Top,American Cheese,40,0,0,0,2
214,CheesesBack to Top,Provolone Cheese,60,0,0,0,4
215,CheesesBack to Top,Real Cheddar Cheese,70,1,0,0,4
219,Dipping SaucesBack to Top,Babecue Dipping Sauce,40,10,0,9,0
220,Dipping SaucesBack to Top,Buttermilk House Dipping Sauce,130,3,0,0,0
221,Dipping SaucesBack to Top,Fire Roasted Salsa,5,1,0,1,0
222,Dipping SaucesBack to Top,Frank’s RedHot Buffalo Dipping Sauce,10,2,0,0,0
223,Dipping SaucesBack to Top,Honey Mustard Dipping Sauce,60,11,0,9,0
224,Dipping SaucesBack to Top,Log Cabin Syrup,190,49,0,18,0
225,Dipping SaucesBack to Top,Sweet & Sour Dipping Sauce,45,11,0,6,0
226,Dipping SaucesBack to Top,Tartar Sauce (Seasonal),150,2,0,1,0
227,Dipping SaucesBack to Top,Teriyaki Dipping Sauce,60,11,0,10,1
228,Dipping SaucesBack to Top,Zesty Marinara Dipping Sauce,15,4,0,2,0
230,Sandwich SaucesBack to Top,Chipotle Sauce (.70 oz),110,1,0,1,0
231,Sandwich SaucesBack to Top,Creamy Italian Sauce (.44 oz),70,1,0,0,0
232,Sandwich SaucesBack to Top,Creamy Ranch Sauce (.53 oz),80,1,0,1,0
233,Sandwich SaucesBack to Top,Ketchup (.57 oz),20,5,0,4,0
234,Sandwich SaucesBack to Top,Mayo-Onion Sauce (.27 oz),45,0,0,0,0
235,Sandwich SaucesBack to Top,Mustard (.23 oz),5,0,0,0,0
236,Sandwich SaucesBack to Top,Peppercorn Mayo Sauce (1 oz),190,1,0,0,0
237,Sandwich SaucesBack to Top,Sun Dried Tomato Sauce (.57 oz),70,1,0,1,0
239,OtherBack to Top,Fire Roasted Salsa,10,2,0,1,0
240,OtherBack to Top,Grape Jelly,35,9,0,9,0
241,OtherBack to Top,Grilled Onions,10,2,0,1,0
242,OtherBack to Top,Ketchup,10,3,0,2,0
243,OtherBack to Top,Mayonnaise,80,0,0,0,0
244,OtherBack to Top,Mustard,5,0,0,0,0
245,OtherBack to Top,Pride Margarine Spread,20,0,0,0,0
248,OtherBack to Top,Strawberry Jam,35,9,0,8,0
249,OtherBack to Top,Taco Sauce,0,0,0,0,0
