,Category,Items,Calories,Protein (g),Total Carbs (g),Sodium (mg),Sugars (g)
1,Side Dishes,Broccoli,212,4,9,515,2
2,Side Dishes,Coleslaw,158,1,23,840,19
3,Side Dishes,Green Beans,240,2,9,420,3
4,Side Dishes,Italian Spinach,128,3,5,475,2
5,Side Dishes,Lima Beans,304,8,33,487,7
6,Side Dishes,Macaroni & Cheese,262,7,29,446,2
7,Side Dishes,Mashed Potatoes,210,4,23,610,2
8,Side Dishes,"Stewed Tomatoeval(ez_write_tag([[970,250],'nutrition_charts_com-medrectangle-4','ezslot_3',140,'0','0']));",116,3,16,375,5
9,Side Dishes,"Summer Squash, Onions & Bacon",106,3,9,771,5
10,Side Dishes,Yellow Sweet Corn,235,4,30,100,5
12,Salads,Cobb Salad,515,12,23,915,12
13,Salads,Fruit and Poppy Salad,175,4,20,17,12
14,Salads,Greek,246,11,16,1345,7
15,Salads,Greek Salad w/dressing,766,11,20,1819,10
16,Salads,Greek Salad w/Grilled Chicken,823,24,19,1571,10
17,Salads,Martha’s Vineyard,268,10,29,144,19
18,Salads,Napa Valley,369,30,26,763,17
19,Salads,Side Salad with Vinaigrette Dressing,184,1,12,301,7
20,Salads,Southern Fried Chicken Salad**,399,23,34,1011,8
21,Salads,Strawberry Fields w/dressing,555,17,39,312,32
23,Baked Potato,Bacon Cheddar Potato,609,17,43,1557,6
24,Baked Potato,Broccoli & Cheddar Potato,729,20,81,1587,8
25,Baked Potato,Butter Baked Potato,520,9,72,200,4
26,Baked Potato,Deluxe Baked Potato,680,26,74,1120,4
27,Baked Potato,Sweet Potato,312,2,26,252,5
29,Reference: Bread Only,Nine Grain Bread,170,5,32,280,7
30,Reference: Bread Only,Potato White Bread,160,4,27,280,2
31,Reference: Bread Only,Wheat Bread,170,5,31,310,7
33,Arby’s Roast Beef Sandwich,"Roast Beef Sandwich, Classic",425,19,34,1143,7
34,Arby’s Roast Beef Sandwich,"Roast Beef Sandwich, Grande",563,30,39,1451,8
35,Arby’s Roast Beef Sandwich,"Beef ‘n Cheddar, Classic",585,27,42,1662,7
36,Arby’s Roast Beef Sandwich,"Beef ‘n Cheddar, Grande",702,37,40,1985,9
37,Arby’s Roast Beef Sandwich,Beef & Que,509,25,37,1050,5
38,Arby’s Roast Beef Sandwich,Bacon Beef ‘n Cheddar – grass fed beef,605,34,40,2022,9
39,Arby’s Roast Beef Sandwich,Super Bacon Deluxe Sandwich – grass fed beef,543,29,41,1530,9
40,Arby’s Roast Beef Sandwich,Adventure Meal,340,15,34,677,5
41,Arby’s Roast Beef Sandwich,Roast Beef Patty Melt,813,35,67,1282,16
42,Arby’s Roast Beef Sandwich,Arby’s Sauce,15,0,4,177,1
44,Dinner Deals,Meatloaf (4 servings),261,15,15,700,7
45,Dinner Deals,Meatloaf Sandwich,480,20,49,1042,12
46,Dinner Deals,Roast Beef Dinner Special w/no Sides (4 srvgs),360,24,33,1013,4
47,Dinner Deals,TRC Fiesta Chicken Dinner – Whole,7337,56,250,10127,158
48,Dinner Deals,TRC Fiesta Chicken Dinner – Individual,1834,14,63,2532,40
49,Dinner Deals,Turkey Dinner Special w/no Sides (4 servings),431,23,39,1069,20
51,Turkey Roasters,Grand Turkey Club,456,31,40,1305,7
52,Turkey Roasters,Smoked Turkey Classic,279,22,34,900,5
53,Turkey Roasters,Turkey ‘n Cheddar Classic,421,29,40,1553,9
54,Turkey Roasters,Turkey Apple Cheddar,707,35,111,1680,44
56,Turkey,Turkey Apple Cheddar Wrap,637,33,93,1720,40
57,Turkey,Turkey Avocado,660,35,61,1663,4
58,Turkey,Turkey Avocado Wrap,590,33,43,1703,0
59,Turkey,Smoked Turkey Ranch,606,29,66,1431,15
60,Turkey,Smoked Turkey Ranch Wrap,496,25,42,1471,1
61,Turkey,Smokehouse Turkey Club,613,34,61,2161,6
62,Turkey,Smokehouse Turkey Club Wrap,542,32,43,2202,1
63,Turkey,Turkey Tenderloin Chunk 4 pc,280,24,24,1080,0
64,Turkey,Turkey Tenderloin Chunk 6 pc,420,36,36,1620,0
65,Turkey,Turkey Tenderloin Chunk 12 pc,840,72,72,3240,0
67,Arby’s Toasted Subs,Angus Three Cheese & Bacon,759,41,45,2073,4
68,Arby’s Toasted Subs,Classic Italian Toasted Sub,845,39,49,2550,9
69,Arby’s Toasted Subs,French Dip Classic Sandwich,481,18,50,1027,2
70,Arby’s Toasted Subs,French Dip Classic with Swiss,526,21,50,1217,2
71,Arby’s Toasted Subs,Grande French Dip (Plain) w/ Au Jus,524,31,52,1711,4
72,Arby’s Toasted Subs,"Grande French Dip w/ Mayo, Swiss & Au Jus",669,34,54,2141,4
73,Arby’s Toasted Subs,Roast Turkey Bacon Ranch,651,35,55,1816,16
74,Arby’s Toasted Subs,Ultimate Philly Beef,1098,21,48,1759,5
75,Arby’s Toasted Subs,Side Au Jus,28,2,3,617,1
77,Specialty Sandwiches,BBQ Pork Sandwich w/Coleslaw,454,21,28,915,4
78,Specialty Sandwiches,Corned Beef Reuben Sandwich,566,29,62,1825,11
79,Specialty Sandwiches,Corned Beef Reuben Double Stack,679,45,62,2974,12
80,Specialty Sandwiches,Corned Beef Reuben Turkey Double Stack,671,50,62,2315,11
82,Build Your Own Turkey Burger,Turkey Burger Single BYO,390,21,29,470,4
83,Build Your Own Turkey Burger,Turkey Burger Double BYO,530,37,29,520,4
85,Chicken/Fish Sandwiches,Crispy Chicken Bacon Swiss**,710,36,45,1446,10
86,Chicken/Fish Sandwiches,Crispy Cravin Chicken Deluxe**,684,30,49,935,10
87,Chicken/Fish Sandwiches,Fish Filet Sandwich,679,21,62,1564,9
88,Chicken/Fish Sandwiches,Rotisserie Chicken Salad Sandwich,343,15,58,658,4
89,Chicken/Fish Sandwiches,Rotisserie Chicken Salad Wrap,273,13,40,698,0
90,Chicken/Fish Sandwiches,Horsey Sauce,62,0,3,173,1
92,Chicken Tenders,2 Tenders**,250,17,19,790,0
93,Chicken Tenders,3 Tenders**,380,25,28,1190,0
94,Chicken Tenders,4 Tenders**,500,34,38,1580,0
95,Chicken Tenders,5 Tenders**,630,42,47,1980,0
97,Chicken Platters (Meat Only),Quarter White (Breast & Wing),380,54,0,130,0
98,Chicken Platters (Meat Only),Half Dark,630,66,0,220,0
99,Chicken Platters (Meat Only),Half Rotisserie,690,87,0,240,0
100,Chicken Platters (Meat Only),Whole Rotisserie,1380,174,0,490,0
101,Chicken Platters (Meat Only),Roast Turkey Breast,220,41,0,75,0
103,Pick 5 Menu,Jr. Ham and Swiss,265,10,23,545,0
104,Pick 5 Menu,Jr. Melt Sandwich,344,15,26,713,8
105,Pick 5 Menu,Jr. Smoked Turkey Sandwich,211,8,23,417,0
106,Pick 5 Menu,Jr. Curly Fry,252,3,29,589,0
108,Might Minis,Original Roast Beef Mighty Minis Twin Pack,370,22,42,960,5
109,Might Minis,Original Roast Turkey Mighty Minis Twin Pack,330,25,41,1130,5
110,Might Minis,Crispy Onion Roast Beef Mighty Minis Twin Pack,540,22,49,1240,6
111,Might Minis,Crispy Onion Turkey Mighty Minis Twin Pack,500,26,48,1410,7
112,Might Minis,Spicy Roast Beef Mighty Minis Twin Pack,470,25,43,1330,5
113,Might Minis,Spicy Turkey Mighty Minis Twin Pack,440,28,42,1500,6
115,Kids,Jr. Roast Beef,210,14,25,420,7
116,Kids,Yogurt,53,1,7,35,6
117,Kids,Apple Slices,30,0,8,0,6
118,Kids,Kids Meal Chicken Tenders 2 pc**,250,17,19,790,0
119,Kids,Kids Meal Curly Fry**,252,3,29,589,0
120,Kids,Juice,80,0,21,25,20
121,Kids,Milk,130,8,13,125,12
122,Kids,Chocolate Milk,180,8,32,210,30
124,Sauces,Barbecue Sauce,50,0,13,690,11
125,Sauces,Buttermilk Ranch Sauce,150,0,2,290,0
126,Sauces,Chile Lime Ranch Sauce,190,1,2,300,1
127,Sauces,Honey Mustard Lime Sauce,347,1,12,443,6
128,Sauces,Honey Mustard,220,1,6,260,6
129,Sauces,Ketchup Package,13,0,3,158,3
130,Sauces,"Marinara Sauceeval(ez_write_tag([[336,280],'nutrition_charts_com-banner-1','ezslot_8',134,'0','0']));",30,1,4,0,3
131,Sauces,Salsa Verde,30,0,7,392,0
133,Soups,Broccoli Cheddar – Cup,250,11,13,930,4
134,Soups,Broccoli Cheddar – Bowl,330,14,18,1280,5
135,Soups,Brunswick Stew – Cup,208,18,22,790,10
136,Soups,Brunswick Stew – Bowl,297,25,31,1128,14
137,Soups,Chicken Chili – Cup,250,20,16,681,9
138,Soups,Chicken Chili – Bowl,333,27,23,935,13
139,Soups,Chicken Noodle – Cup,100,9,9,1030,0
140,Soups,Chicken Noodle – Bowl,140,13,13,1470,1
141,Soups,Clam Chowder – Cup,300,14,20,960,1
142,Soups,Clam Chowder – Bowl,410,20,27,1320,2
143,Soups,Lobster Bisque – Cup,320,7,14,630,3
144,Soups,Lobster Bisque – Bowl,450,10,20,900,4
145,Soups,Tomato Basil – Cup,210,3,17,780,11
146,Soups,Tomato Basil – Bowl,310,4,24,1120,16
148,Fries/Appetizers,Curly Fries – Kids**,252,3,29,589,0
149,Fries/Appetizers,Curly Fries – Small**,360,4,42,841,0
150,Fries/Appetizers,Curly Fries – Medium**,540,7,63,1261,0
151,Fries/Appetizers,Curly Fries – Large**,602,7,70,1408,0
152,Fries/Appetizers,Curly Fries with Cheddar**,540,10,51,1740,5
153,Fries/Appetizers,Mozzarella Sticks (2)**,213,9,19,685,2
154,Fries/Appetizers,Mozzarella Sticks (3)**,320,14,29,1028,4
155,Fries/Appetizers,Onion Rings (5)**,142,3,32,400,3
156,Fries/Appetizers,Potato Cakes (2)**,246,2,26,391,0
157,Fries/Appetizers,Potato Cakes (3)**,380,3,39,650,0
158,Fries/Appetizers,Potato Cakes (4)**,510,4,52,870,0
160,Turnovers,Apple with Icing,330,4,39,340,19
161,Turnovers,Cherry with Icing,320,4,39,320,17
162,Turnovers,Chocolate,510,5,67,260,39
164,Muffins,Blueberry Muffin,210,3,23,150,14
165,Muffins,Carrot Raisin,240,3,23,210,13
166,Muffins,Cranberry Nut Muffin,215,4,29,189,16
167,Muffins,Zucchini Muffin,180,2,26,190,16
169,Cookies,Chocolate Chip,260,4,33,120,13
170,Cookies,Macadamia Nut,260,4,31,120,14
171,Cookies,Oatmeal Raisin,200,3,35,190,13
172,Cookies,Peanut Butter,290,7,24,160,12
173,Cookies,Chocolate Chocolate,409,3,66,353,37
174,Cookies,Red Velvet,465,4,80,527,47
176,Milkshakes,Berry Shake – Regular,687,19,89,315,80
177,Milkshakes,Berry Shake – Large,983,21,127,461,114
178,Milkshakes,Cherry Shake – Regular,575,14,70,288,65
179,Milkshakes,Cherry Milkshake – Large,886,20,112,431,104
180,Milkshakes,"Chocolate Shake – Regulareval(ez_write_tag([[250,250],'nutrition_charts_com-large-leaderboard-2','ezslot_7',135,'0','0']));",580,14,70,344,63
181,Milkshakes,Chocolate Shake – Large,897,22,113,543,99
182,Milkshakes,Jamocha – Value,250,6,35,180,27
183,Milkshakes,Jamocha – Regular,390,9,54,290,42
184,Milkshakes,Mint Chocolate Milkshake – Regular,725,15,90,320,81
185,Milkshakes,Mint Chocolate Milkshake – Large,1059,22,138,465,125
186,Milkshakes,Orange – Value,330,8,44,210,37
187,Milkshakes,Orange – Regular,510,12,69,330,57
188,Milkshakes,Strawberry Shake – Regular,567,14,69,292,64
189,Milkshakes,Strawberry Shake – Large,871,20,109,439,101
190,Milkshakes,Vanilla Milkshake – Regular,552,14,65,288,61
191,Milkshakes,Vanilla Milkshake – Large,871,20,109,433,101
193,Sundaes,Mini Sundae – Caramel,264,4,33,60,18
194,Sundaes,Mini Sundae – Chocolate,265,4,33,60,18
195,Sundaes,Mini Sundae – Mango,268,4,34,60,30
196,Sundaes,Mini Sundae – Strawberry,268,4,34,60,30
198,Concretes,Oreo,829,13,95,453,69
199,Concretes,Snickers,694,12,72,221,63
200,Concretes,Strawberry,577,11,59,154,51
201,Concretes,Strawberry Banana,602,11,66,154,55
203,Smoothies,Raspberry Smoothie Small,204,6,31,114,31
204,Smoothies,Raspberry Smoothie Large,272,8,42,152,41
205,Smoothies,Strawberry Smoothie Small,204,6,31,114,31
206,Smoothies,Strawberry Smoothie Large,272,8,42,152,41
208,Other Desserts,Chocolate Molten Lava Cake,340,4,53,280,35
209,Other Desserts,Ice Cream Custard Cone,380,9,44,219,37
210,Other Desserts,Ice Cream Custard Cup,397,10,42,218,40
211,Other Desserts,Jamocha Cream Pie,300,3,32,220,22
213,Beverages,Chocolate Milk,180,8,32,210,30
214,Beverages,Fresh Squeezed Lemonade,224,0,59,7,55
215,Beverages,Frozen Lemonade – Small,186,0,50,6,45
216,Beverages,Frozen Lemonade – Large,224,0,59,8,54
217,Beverages,Frozen Lemonade Raspberry – Small,276,0,73,6,45
218,Beverages,Frozen Lemonade Raspberry – Large,404,0,105,8,54
219,Beverages,Frozen Lemonade Strawberry – Small,237,0,62,6,57
220,Beverages,Frozen Lemonade Strawberry – Large,326,0,84,8,78
221,Beverages,Juice,80,0,21,25,20
222,Beverages,Milk,130,8,13,125,12
223,Beverages,Raspberry Lemonade,250,0,66,7,50
224,Beverages,Strawberry Lemonade,256,0,67,7,62
