,Category,Items,Calories,Protein (g),Total Carbs (g),Sodium (mg),Sugars (g)
1,Sandwiches,6″ Applewood Pulled Pork,430,25,58,960,20
2,Sandwiches,6″ B.L.T.,320,15,43,650,6
3,Sandwiches,6″ B.L.T. with Avocado,370,16,46,660,6
4,Sandwiches,6″ Big Philly Cheesesteak,500,38,51,1280,8
5,Sandwiches,6″ Chicken & Bacon Ranch Melt (includes cheese),570,35,47,1050,8
6,Sandwiches,6″ Chipotle Steak & Cheese,480,26,49,1250,8
7,Sandwiches,6″ Chipotle Steak & Cheese with Avocado,550,28,53,1140,8
8,Sandwiches,"6″ Cold Cut Comboeval(ez_write_tag([[970,250],'nutrition_charts_com-medrectangle-4','ezslot_1',140,'0','0']));",360,17,46,1030,7
9,Sandwiches,6″ Italian B.M.T.®,410,20,46,1260,8
10,Sandwiches,6″ Meatball Marinara,480,21,59,920,12
11,Sandwiches,6″ Spicy Italian,480,20,46,1490,8
13,Sandwiches,6″ Steak & Bacon Melt,500,38,51,1550,9
14,Sandwiches,6″ Steak and Cheese,380,26,48,1030,8
15,Sandwiches,6″ Subway Melt® (includes cheese),370,23,47,1180,8
16,Sandwiches,6″ Tuna,480,20,44,600,6
17,Sandwiches,6″ Turkey Jalapeno Melt,430,21,48,1220,7
18,Sandwiches,6″ Tuscan Chicken Melt,380,27,52,1050,11
19,Sandwiches,6″ Chicken Teriyaki with Spinach,380,26,59,840,16
20,Sandwiches,"6″ Ham (Black Forest, without cheese)",290,18,46,800,8
21,Sandwiches,"6″ Ham (Black Forest, without cheese)",290,18,46,800,8
22,Sandwiches,"6″ Ham (Black Forest, without cheese)",290,18,46,800,8
23,Sandwiches,"6″ Ham (Black Forest, without cheese)",290,18,46,800,8
24,Sandwiches,"6″ Ham (Black Forest, without cheese)",290,18,46,800,8
25,Sandwiches,6″ Oven Roasted Chicken,320,23,47,610,8
26,Sandwiches,6″ Roast Beef,320,24,45,660,7
27,Sandwiches,6″ Subway Club®,310,23,46,850,7
28,Sandwiches,6″ Sweet Onion Chicken Teriyaki,370,26,59,840,16
29,Sandwiches,6″ Turkey and Black Forest Ham with Spinach,290,18,46,800,8
30,Sandwiches,6″ Turkey Breast,280,18,46,780,7
31,Sandwiches,6″ Turkey Breast & Ham,280,18,46,790,8
32,Sandwiches,6″ Veggie Delite®,230,8,44,280,6
33,Sandwiches,Black Forest Ham Mini Sub,180,10,30,450,5
34,Sandwiches,Roast Beef Mini Sub,200,14,30,390,5
35,Sandwiches,Turkey Breast Mini Sub,180,10,30,440,5
36,Sandwiches,Veggie Delite® Mini Sub,150,6,29,190,4
37,Sandwiches,6″ Turkey Breast with Avocado and Spinach,340,19,49,790,7
38,Sandwiches,6″ Turkey Melt,320,20,47,980,7
40,Salads,Applewood Pulled Pork Salad,250,19,23,690,18
41,Salads,B.L.T. with Avocado Salad,260,11,16,410,5
42,Salads,Big Philly Cheesesteak Salad,330,32,17,1080,6
43,Salads,Chipotle Steak & Cheese Salad,300,20,15,1000,6
44,Salads,Chipotle Steak & Cheese with Avocado Salad,470,20,21,1020,6
45,Salads,Double Chicken Salad,220,36,10,490,4
46,Salads,Smokehouse Barbecue Chicken,190,26,22,660,6
47,Salads,Steak & Bacon Melt Salad,270,29,16,1110,6
48,Salads,Subway Club® with Avocado Salad,260,21,18,730,6
49,Salads,Turkey & Bacon with Avocado Salad,270,17,18,770,5
50,Salads,Turkey & Spinach with Avocado Salad,260,21,19,920,6
51,Salads,Black Forest Ham Salad,110,12,12,600,6
52,Salads,"Chicken Teriyaki with Spinacheval(ez_write_tag([[970,250],'nutrition_charts_com-box-4','ezslot_4',133,'0','0']));",230,27,24,670,14
53,Salads,Oven Roasted Chicken Salad,140,19,10,280,4
54,Salads,Roast Beef Salad,140,19,11,460,5
55,Salads,Subway Club® Salad,160,20,13,780,6
56,Salads,Sweet Onion Chicken Teriyaki Salad,240,20,34,720,22
57,Salads,Turkey Breast & Ham Salad,110,12,12,590,5
58,Salads,Turkey Breast Salad,110,12,12,580,5
59,Salads,Veggie Delite® Salad,60,3,10,75,4
61,Salad Dressing,Fat Free Italian 2 oz,35,1,7,720,4
62,Salad Dressing,Ranch (2 oz),320,0,3,560,2
64,Condiments and Extras,6″ Flatbread,220,7,38,340,2
65,Condiments and Extras,6″ 9-Grain Wheat Bread,210,8,40,280,5
66,Condiments and Extras,6″ Hearty Italian Bread,210,7,41,280,5
67,Condiments and Extras,6″ Honey Oat,260,9,48,300,9
68,Condiments and Extras,6″ Italian (White) Bread,200,7,38,280,5
69,Condiments and Extras,6″ Italian Herbs & Cheese,250,9,40,470,5
70,Condiments and Extras,6″ Monterey Cheddar,240,10,38,340,5
71,Condiments and Extras,6″ Parmesan Oregano Bread,220,8,40,420,5
72,Condiments and Extras,6″ Roasted Garlic,230,8,45,1240,7
73,Condiments and Extras,6″ Sourdough Bread,210,8,41,210,2
74,Condiments and Extras,Mini Italian (White) Bread,130,5,25,180,3
75,Condiments and Extras,Mini Wheat Bread,140,5,27,180,3
76,Condiments and Extras,Bacon (2 strips),45,3,0,190,0
77,Condiments and Extras,Cheddar Cheese (2 triangles),60,4,0,95,0
78,Condiments and Extras,Chipotle Southwest,100,0,1,220,0
79,Condiments and Extras,Fat Free Honey Mustard,30,0,7,120,6
80,Condiments and Extras,Fat Free Sweet Onion,40,0,9,85,8
81,Condiments and Extras,Light Mayonnaise (1 T),50,0,1,100,0
82,Condiments and Extras,Mayonnaise (1 T),110,0,0,80,0
83,Condiments and Extras,"Mustard, Yellow & Deli Brown (2 tsp)",5,0,1,115,0
84,Condiments and Extras,Olive Oil Blend (1 tsp),45,0,0,0,0
85,Condiments and Extras,Pepperjack Cheese (2 triangles),50,2,0,140,0
86,Condiments and Extras,Pepperoni,80,4,1,410,1
87,Condiments and Extras,Processed American Cheese (2 triangles),40,2,1,200,0
88,Condiments and Extras,Provolone Cheese (2 half circles),50,4,0,125,0
89,Condiments and Extras,Ranch (amount on 6″ sub),110,0,1,200,1
90,Condiments and Extras,Shredded Monterey Blend,50,3,1,90,0
91,Condiments and Extras,Swiss Cheese (2 triangles),50,4,0,30,0
92,Condiments and Extras,Vinegar (1 tsp),0,0,0,0,0
94,Vegetables,Avocado,60,1,3,0,0
95,Vegetables,Banana Peppers (3 rings),0,0,0,20,0
96,Vegetables,Cucumbers (3 slices),0,0,1,0,0
97,Vegetables,Green Peppers (3 strips),0,0,0,0,0
98,Vegetables,Jalapeno Peppers (3 rings),0,0,0,70,0
99,Vegetables,Lettuce,0,0,0,0,0
100,Vegetables,Olives (3 rings),0,0,0,25,0
101,Vegetables,Onions,0,0,1,0,0
102,Vegetables,Pickles (3 chips),0,0,0,125,0
103,Vegetables,Spinach,0,0,0,0,0
104,Vegetables,Tomato (3 wheels),5,0,1,0,1
106,Beverages,1% Low Fat Milk – 12 oz,160,12,19,180,17
107,Beverages,Minute Maid® Fruit Punch (100% Juice),100,0,24,15,21
108,Beverages,"Coca Cola® Classic (21 oz, no ice)",260,0,71,15,71
109,Beverages,"Diet Coke® (21 oz, no ice)",0,0,0,25,0
110,Beverages,"FUZE Black Tea with Lemon Sweet (21 oz, no ice)",170,0,43,0,43
111,Beverages,"FUZE Green Tea (21 oz, no ice)",140,0,37,0,36
112,Beverages,"FUZE Raspberry Tea (21 oz, no ice)",150,0,58,0,58
113,Beverages,"FUZE Sweet Tea (21 oz, no ice)",170,0,44,0,44
114,Beverages,"FUZE Unsweetened Tea (21 oz, no ice)",0,0,1,0,1
115,Beverages,"Milk, Chocolate Flavored Reduced Fat (12 oz)",300,15,43,300,43
116,Beverages,"Milk, Low Fat (12 oz)",160,12,19,180,17
117,Beverages,"Milk, Strawberry Flavored Reduced Fat (12 oz)",300,15,44,220,42
118,Beverages,"Minute Maid® Light Lemonade (21 oz, no ice)",15,0,3,15,3
119,Beverages,"Sprite® (21 oz, no ice)",260,0,68,60,68
121,Cookies and Desserts,Apple Slices – 1 package,35,0,9,0,7
122,Cookies and Desserts,Birthday Berry Cookie,200,2,32,130,19
123,Cookies and Desserts,Chocolate Chip,220,2,30,130,18
124,Cookies and Desserts,Chocolate Chunk,220,2,30,100,17
125,Cookies and Desserts,Double Chocolate,210,2,30,130,20
126,Cookies and Desserts,M & M™,210,2,32,100,18
127,Cookies and Desserts,Oatmeal Raisin,200,3,30,130,16
128,Cookies and Desserts,Peanut Butter,220,4,26,130,16
129,Cookies and Desserts,Raspberry Cheesecake,200,2,29,120,16
130,Cookies and Desserts,Sugar,220,2,28,130,14
131,Cookies and Desserts,White Macadamia Nut,220,2,29,130,18
132,Cookies and Desserts,YoCrunch® Yopa!™ Greek Strawberry Yogurt Parfait,190,13,29,100,18
134,Soup (1 Bowl),Beef Chili (8 oz),630,27,31,1310,13
135,Soup (1 Bowl),Chicken Noodle (8 oz),100,10,12,720,1
136,Soup (1 Bowl),Chili Con Carne (10 oz),350,15,17,730,7
137,Soup (1 Bowl),Chipotle Chicken Corn Chowder (8 oz),100,4,18,700,3
138,Soup (1 Bowl),"Clam Chowder (8 oz)eval(ez_write_tag([[336,280],'nutrition_charts_com-banner-1','ezslot_7',134,'0','0']));",200,5,20,850,3
139,Soup (1 Bowl),Creamy Chicken and Dumplings (8 oz),150,8,20,740,3
140,Soup (1 Bowl),Creamy Wild and Brown Rice (8 oz),180,6,16,820,4
141,Soup (1 Bowl),Golden Broccoli and Cheese (8 oz),150,5,15,710,6
142,Soup (1 Bowl),Green Chili and Tomato (8 oz),90,2,14,680,5
143,Soup (1 Bowl),Loaded Baked Potato (8 oz),220,7,23,840,4
144,Soup (1 Bowl),Minestrone (8 oz),90,4,17,740,4
145,Soup (1 Bowl),Poblano Corn Chowder (8 oz),150,5,18,560,7
146,Soup (1 Bowl),Vegetable Beef (8 oz),90,4,15,730,3
148,Egg White 3” Flatbread,"Bacon, Egg (white) & Cheese with Avocado",220,11,23,580,1
149,Egg White 3” Flatbread,"Bacon, Egg (White) and Cheese",190,11,21,580,1
150,Egg White 3” Flatbread,"Black Forest Ham, Egg White & Cheese",180,12,22,620,1
151,Egg White 3” Flatbread,Breakfast B.M.T. ® Melt (with Egg White),230,14,22,860,2
152,Egg White 3” Flatbread,Egg (White) & Cheese,170,9,21,490,1
153,Egg White 3” Flatbread,Egg White with Cheese and Avocado,200,10,23,490,1
154,Egg White 3” Flatbread,Egg White with Cheese and Avocado,200,10,23,490,1
155,Egg White 3” Flatbread,"Steak, Egg (White) and Cheese",190,13,22,620,1
156,Egg White 3” Flatbread,Sunrise Subway Melt® (with Egg White),220,16,23,840,2
158,Omelet Sandwich,"6″ Bacon, Egg (white) & Cheese with Avocado",430,23,48,1100,5
159,Omelet Sandwich,"6″ Bacon, Egg (White) and Cheese",370,23,45,1090,5
160,Omelet Sandwich,6″ Breakfast B.M.T.® Melt (with Egg White),450,28,46,1650,6
161,Omelet Sandwich,6″ Egg (White) & Cheese,320,19,44,910,5
162,Omelet Sandwich,6″ Egg White & Cheese (with ham),350,24,45,1170,6
163,Omelet Sandwich,6″ Egg White with Cheese and Avocado,380,20,47,910,5
164,Omelet Sandwich,"6″ Steak, Egg (White) & Cheese",390,28,47,1240,6
165,Omelet Sandwich,6″ Sunrise Subway Melt ® (with Egg White),430,32,48,1610,7
166,Omelet Sandwich,"6″ Western, Egg (White) & Cheese",350,24,46,1170,6
167,Omelet Sandwich,"6″ Bacon, Egg & Cheese",410,23,45,1050,6
168,Omelet Sandwich,"6″ Bacon, Egg & Cheese with Avocado",470,23,48,1050,7
169,Omelet Sandwich,"6″ Black Forest Ham, Egg & Cheese",390,24,45,1120,7
170,Omelet Sandwich,6″ Breakfast B.M.T.® Melt,490,28,46,1600,8
171,Omelet Sandwich,6″ Egg & Cheese,360,19,44,860,6
172,Omelet Sandwich,"6″ Steak, Egg & Cheese",430,28,47,1190,7
173,Omelet Sandwich,6″ Sunrise Subway Melt ®,470,32,48,1560,8
174,Omelet Sandwich,"6″ Western, Egg & Cheese",390,24,46,1120,7
176,Regular Egg on 3” Flatbread,"Bacon, Egg & Cheese with Avocado",240,11,23,560,2
177,Regular Egg on 3” Flatbread,"Bacon, Egg and Cheese",210,11,21,560,2
178,Regular Egg on 3” Flatbread,"Black Forest Ham, Egg & Cheese",200,12,22,590,2
179,Regular Egg on 3” Flatbread,Breakfast B.M.T. ® Melt (with regular egg),250,14,22,830,2
180,Regular Egg on 3” Flatbread,Egg & Cheese,190,9,21,460,2
181,Regular Egg on 3” Flatbread,"Steak, Egg and Cheese",210,13,22,590,2
182,Regular Egg on 3” Flatbread,Sunrise Subway Melt®,240,16,23,810,3
184,6 Grams of Fat or Less: Salads,Black Forest Ham Salad,110,12,12,600,6
185,6 Grams of Fat or Less: Salads,Oven Roasted Chicken Salad,140,19,10,280,4
186,6 Grams of Fat or Less: Salads,Roast Beef Salad,140,19,11,460,5
187,6 Grams of Fat or Less: Salads,Subway Club® Salad,160,20,13,780,6
188,6 Grams of Fat or Less: Salads,Turkey Breast & Ham Salad,110,12,12,590,5
189,6 Grams of Fat or Less: Salads,Turkey Breast Salad,110,12,12,580,5
190,6 Grams of Fat or Less: Salads,Veggie Delite® Salad,60,3,10,75,4
191,6 Grams of Fat or Less: Salads,"6″ Ham (Black Forest, without cheese)",290,18,46,800,8
192,6 Grams of Fat or Less: Salads,"6″ Ham (Black Forest, without cheese)eval(ez_write_tag([[250,250],'nutrition_charts_com-large-leaderboard-2','ezslot_6',135,'0','0']));",290,18,46,800,8
193,6 Grams of Fat or Less: Salads,"6″ Ham (Black Forest, without cheese)",290,18,46,800,8
194,6 Grams of Fat or Less: Salads,"6″ Ham (Black Forest, without cheese)",290,18,46,800,8
195,6 Grams of Fat or Less: Salads,"6″ Ham (Black Forest, without cheese)",290,18,46,800,8
196,6 Grams of Fat or Less: Salads,6″ Oven Roasted Chicken,320,23,47,610,8
197,6 Grams of Fat or Less: Salads,6″ Roast Beef,320,24,45,660,7
198,6 Grams of Fat or Less: Salads,6″ Subway Club®,310,23,46,850,7
199,6 Grams of Fat or Less: Salads,6″ Sweet Onion Chicken Teriyaki,370,26,59,840,16
200,6 Grams of Fat or Less: Salads,6″ Turkey Breast,280,18,46,780,7
201,6 Grams of Fat or Less: Salads,6″ Turkey Breast & Ham,280,18,46,790,8
202,6 Grams of Fat or Less: Salads,6″ Veggie Delite®,230,8,44,280,6
203,6 Grams of Fat or Less: Salads,Black Forest Ham Mini Sub,180,10,30,450,5
204,6 Grams of Fat or Less: Salads,Roast Beef Mini Sub,200,14,30,390,5
205,6 Grams of Fat or Less: Salads,Turkey Breast Mini Sub,180,10,30,440,5
206,6 Grams of Fat or Less: Salads,Veggie Delite® Mini Sub,150,6,29,190,4
