,Category,Items,Calories,Protein (g),Total Carb (g),Sodium (mg),Sugar (g)
1,AM Snacks,Brown Sugar Flavored Oatmeal with Dried Fruit Topping,300,7,61,470,28
2,AM Snacks,Hash Browns – 9 Pieces,200,2,22,730,0
3,AM Snacks,Hash Browns – 6 pieces,130,1,15,480,0
4,AM Snacks,Original Oatmeal with Dried Fruit Topping,270,7,54,140,22
5,AM Snacks,Sausage Pancake Bites,300,7,23,550,7
7,Bagel Twist,"Cheddar Cheese Bagel Twisteval(ez_write_tag([[970,90],'nutrition_charts_com-medrectangle-4','ezslot_8',140,'0','0']));",390,16,65,770,7
8,Bagel Twist,Cinnamon Raisin Bagel Twist,350,12,72,510,20
10,Bagels,Blueberry Bagel,320,11,68,570,12
11,Bagels,Cinnamon Raisin Bagel,320,12,66,500,14
12,Bagels,Everything Bagel,340,12,67,630,7
13,Bagels,Garlic Bagel,330,12,69,630,7
14,Bagels,Multigrain Bagel,350,15,63,450,8
15,Bagels,Onion Bagel,310,11,63,500,4
16,Bagels,Plain Bagel,310,11,64,620,7
17,Bagels,Poppy Seed Bagel,340,12,66,630,7
18,Bagels,Pretzel Salt Bagel,310,11,64,3380,7
19,Bagels,Pumpkin Bagel,400,13,77,600,19
20,Bagels,Sesame Seed Bagel,350,12,65,630,7
21,Bagels,Sour Cream and Onion Bagel,330,13,66,1050,6
22,Bagels,Wheat Bagel,300,12,63,470,8
24,bakery-sandwiches,BBQ Angus Steak and Cheese Wrap,390,23,25,870,6
25,bakery-sandwiches,BBQ Chicken Sandwich,590,30,74,1420,10
26,bakery-sandwiches,Bacon Ancho Chicken Sandwich,640,34,70,1620,7
27,bakery-sandwiches,Bacon Ranch Chicken Sandwich,660,34,69,1620,6
28,bakery-sandwiches,Chicken Salad Wrap,500,23,25,1230,3
29,bakery-sandwiches,Chicken Salad on a Croissant,560,17,38,890,6
30,bakery-sandwiches,Deluxe Grilled Cheese with Bacon,550,22,41,1140,4
31,bakery-sandwiches,Deluxe Grilled Cheese with Ham,530,22,41,1210,4
32,bakery-sandwiches,Ham and Cheese on a French Roll,440,24,54,1380,3
33,bakery-sandwiches,Pretzel Roll Roast Beef Sandwich,440,24,47,1330,4
34,bakery-sandwiches,Ranch Angus Steak and Cheese Wrap,430,23,23,860,2
35,bakery-sandwiches,Roast Beef on a French Roll,460,26,54,1100,3
36,bakery-sandwiches,Texas Toast Grilled Cheese,510,18,41,940,3
37,bakery-sandwiches,Tuna Melt on a Croissant,680,23,42,1010,5
38,bakery-sandwiches,Tuna Salad Sandwich on a Plain Bagel,570,22,69,1130,7
39,bakery-sandwiches,Tuna Salad Sandwich on an English Muffin,400,15,34,630,2
40,bakery-sandwiches,Tuna Salad Wrap,520,24,25,1180,2
41,bakery-sandwiches,Turkey Cheddar Bacon on a French Roll,460,28,55,1370,4
43,Beverage Flavors,Flavor Shot in Medium Beverage,10,0,1,0,0
45,Breakfast Sandwices,Angus Steak Big N’ Toasted,620,34,43,1290,4
46,Breakfast Sandwices,"Bacon, Egg & Cheese on Biscuit",470,18,38,1310,4
47,Breakfast Sandwices,"Bacon, Egg & Cheese on Croissant",480,19,40,940,6
48,Breakfast Sandwices,"Bacon, Egg & Cheese on English Muffin",290,16,32,700,2
49,Breakfast Sandwices,"Bacon, Egg & Cheese on a Plain Bagel",460,23,67,1200,7
50,Breakfast Sandwices,Big n’ Toasted™,530,26,43,1360,4
51,Breakfast Sandwices,Chicken Biscuit,540,21,51,1380,6
52,Breakfast Sandwices,"Egg & Cheese on Biscuiteval(ez_write_tag([[728,90],'nutrition_charts_com-box-4','ezslot_0',133,'0','0']));",420,14,37,1100,4
53,Breakfast Sandwices,Egg & Cheese on Croissant,440,15,40,730,5
54,Breakfast Sandwices,Egg & Cheese on English Muffin,240,12,32,490,2
55,Breakfast Sandwices,Egg & Cheese on a Plain Bagel,410,19,67,980,7
56,Breakfast Sandwices,Egg White Turkey Sausage Flatbread,280,18,32,770,4
57,Breakfast Sandwices,Egg White Veggie Flatbread,280,16,32,690,3
58,Breakfast Sandwices,Glazed Donut Breakfast Sandwich,360,13,32,720,13
59,Breakfast Sandwices,"Ham, Egg & Cheese on Biscuit",450,18,38,1380,4
60,Breakfast Sandwices,"Ham, Egg & Cheese on Croissant",460,20,40,1010,5
61,Breakfast Sandwices,"Ham, Egg & Cheese on English Muffin",280,17,34,770,3
62,Breakfast Sandwices,"Ham, Egg & Cheese on a Plain Bagel",440,24,67,1260,7
63,Breakfast Sandwices,Hot and Spicy Breakfast Sandwich,550,28,68,1330,8
64,Breakfast Sandwices,Sausage Biscuit,530,14,36,1260,3
65,Breakfast Sandwices,"Sausage, Egg & Cheese on Biscuit",630,22,38,1620,4
66,Breakfast Sandwices,"Sausage, Egg & Cheese on Croissant",650,24,41,1250,5
67,Breakfast Sandwices,"Sausage, Egg & Cheese on English Muffin",450,21,32,1010,2
68,Breakfast Sandwices,"Sausage, Egg & Cheese on a Plain Bagel",620,27,67,1510,7
69,Breakfast Sandwices,Smoked Sausage Breakfast Sandwich,550,21,36,1510,4
70,Breakfast Sandwices,Turkey Sausage Breakfast Sandwich,390,23,35,860,2
72,Cider,Apple Cider Large,260,0,66,85,66
73,Cider,Apple Cider Medium,180,0,45,55,45
74,Cider,Apple Cider Small,120,0,31,40,31
75,Cider,Apple Cider XLarge,320,0,80,100,80
76,Cider,Iced Apple Cider Large,260,0,66,95,66
77,Cider,Iced Apple Cider Medium,180,0,45,65,45
78,Cider,Iced Apple Cider Small,120,0,31,45,31
80,Coffee,Blueberry Coffee Small,15,0,2,5,0
81,Coffee,Caramel Coffee Small,10,0,2,5,0
82,Coffee,Caramel Mocha Coffee Large,230,3,53,40,48
83,Coffee,Caramel Mocha Coffee Medium,170,2,39,30,36
84,Coffee,Caramel Mocha Coffee Small,110,2,26,20,24
85,Coffee,Caramel Mocha Coffee XLarge,280,4,66,50,60
86,Coffee,Caramel Mocha Coffee with Cream Large,340,5,55,65,48
87,Coffee,Caramel Mocha Coffee with Cream Medium,260,3,41,50,36
88,Coffee,Caramel Mocha Coffee with Cream Small,170,2,27,30,24
89,Coffee,Caramel Mocha Coffee with Cream XLarge,430,6,68,80,60
90,Coffee,Caramel Mocha Iced Coffee Large,230,4,54,45,48
91,Coffee,Caramel Mocha Iced Coffee Medium,180,3,41,35,36
92,Coffee,Caramel Mocha Iced Coffee Small,120,2,27,25,24
93,Coffee,Caramel Mocha Iced Coffee with Cream Large,350,5,56,70,48
94,Coffee,Caramel Mocha Iced Coffee with Cream Medium,260,4,42,50,36
95,Coffee,Caramel Mocha Iced Coffee with Cream Small,180,3,28,35,24
97,Coffee,Caramel Swirl Coconut Coffee Large,240,4,53,45,51
98,Coffee,Caramel Swirl Coconut Coffee Medium,180,3,40,30,38
99,Coffee,Caramel Swirl Coconut Coffee Small,120,2,27,20,25
100,Coffee,Caramel Swirl Coconut Coffee Xlarge,300,4,66,55,63
101,Coffee,Caramel Swirl Coconut Coffee with Cream Large,360,5,55,65,51
102,Coffee,Caramel Swirl Coconut Coffee with Cream Medium,270,4,41,50,38
103,Coffee,Caramel Swirl Coconut Coffee with Cream Small,180,3,28,35,25
104,Coffee,Caramel Swirl Coconut Coffee with Cream Xlarge,440,6,69,80,63
105,Coffee,Caramel Swirl Coconut Iced Coffee Large,250,4,55,45,51
106,Coffee,Caramel Swirl Coconut Iced Coffee Medium,180,3,41,35,38
107,Coffee,Caramel Swirl Coconut Iced Coffee Small,120,2,28,25,25
108,Coffee,Caramel Swirl Coconut Iced Coffee with Cream Large,360,6,57,70,51
109,Coffee,Caramel Swirl Coconut Iced Coffee with Cream Medium,270,4,42,50,38
110,Coffee,Caramel Swirl Coconut Iced Coffee with Cream Small,180,3,28,35,25
111,Coffee,Caramel Swirl Coffee with Cream Large,340,6,53,120,49
112,Coffee,Caramel Swirl Coffee with Cream Medium,250,4,40,90,37
113,Coffee,Caramel Swirl Coffee with Cream Small,170,3,27,60,24
114,Coffee,Caramel Swirl Coffee with Cream Xlarge,420,7,66,150,61
115,Coffee,Caramel Swirl Iced Coffee Large,230,5,52,100,49
116,Coffee,Caramel Swirl Iced Coffee Medium,170,4,39,75,37
117,Coffee,Caramel Swirl Iced Coffee Small,110,2,26,50,24
118,Coffee,Caramel Swirl Iced Coffee with Cream Large,340,6,54,125,49
119,Coffee,Caramel Swirl Iced Coffee with Cream Medium,260,5,41,90,37
120,Coffee,Caramel Swirl Iced Coffee with Cream Small,170,3,27,60,24
121,Coffee,Cinnamon Coffee Small,15,0,2,5,0
122,Coffee,Coconut Coffee Small,10,0,1,5,0
124,Coffee,Coffee Extra Large,15,1,2,15,0
125,Coffee,Coffee Large,10,1,2,15,0
126,Coffee,Coffee Medium,10,1,1,10,0
127,Coffee,Coffee Small,5,0,1,5,0
128,Coffee,Coffee with Cream Small,60,1,2,20,0
129,Coffee,Coffee with Cream and Sugar Small,120,1,19,20,17
130,Coffee,Coffee with Milk Small,25,1,2,20,1
131,Coffee,Coffee with Milk and Sugar Small,80,1,20,20,19
132,Coffee,Coffee with Skim Milk Small,15,2,3,25,2
133,Coffee,Coffee with Skim Milk and Splenda Large,45,3,8,45,3
134,Coffee,Coffee with Skim Milk and Splenda Medium,30,2,6,35,2
135,Coffee,Coffee with Skim Milk and Splenda Small,25,2,5,25,2
136,Coffee,Coffee with Skim Milk and Sugar Small,70,2,20,25,19
137,Coffee,Coffee with Splenda Large,25,1,5,15,0
138,Coffee,Coffee with Splenda Medium,15,1,3,10,0
139,Coffee,Coffee with Splenda Small,15,0,3,5,0
140,Coffee,Coffee with Sugar Small,60,0,18,5,17
141,Coffee,"French Vanilla Coffee Smalleval(ez_write_tag([[970,250],'nutrition_charts_com-banner-1','ezslot_9',134,'0','0']));",10,0,1,5,0
142,Coffee,Hazelnut Coffee Large,25,1,2,15,0
143,Coffee,Hazelnut Coffee Medium,15,1,1,10,0
144,Coffee,Hazelnut Coffee Small,10,0,1,5,0
145,Coffee,Hazelnut Coffee XLarge,30,1,2,15,0
147,Coffee,Iced Coffee Large,20,1,3,15,0
148,Coffee,Iced Coffee Medium,15,1,2,10,0
149,Coffee,Iced Coffee Small,10,1,2,5,0
150,Coffee,Iced Coffee with Cream Small,70,1,3,20,0
151,Coffee,Iced Coffee with Cream and Sugar Small,120,1,20,20,17
152,Coffee,Iced Coffee with Milk Small,30,2,3,20,1
153,Coffee,Iced Coffee with Milk and Sugar Small,90,2,21,20,19
154,Coffee,Iced Coffee with Skim Milk Small,20,2,3,25,2
155,Coffee,Iced Coffee with Skim Milk and Splenda Large,60,3,10,45,3
156,Coffee,Iced Coffee with Skim Milk and Splenda Medium,40,3,8,35,2
157,Coffee,Iced Coffee with Skim Milk and Splenda Small,30,2,5,25,2
158,Coffee,Iced Coffee with Skim Milk and Sugar Small,80,2,21,25,19
159,Coffee,Iced Coffee with Sugar Small,70,1,19,5,17
160,Coffee,Iced Dunkin’ Dark® Roast Coffee with Cream and Sugar Large,250,3,40,40,35
161,Coffee,Iced Dunkin’ Dark® Roast Coffee with Cream and Sugar Medium,190,2,30,30,26
162,Coffee,Iced Dunkin’ Dark® Roast Coffee with Cream and Sugar Small,130,1,20,20,17
163,Coffee,Iced Dunkin’ Dark® Roast Coffee with Skim Milk and Splenda Large,60,3,10,50,3
164,Coffee,Iced Dunkin’ Dark® Roast Coffee with Skim Milk and Splenda Medium,40,3,8,35,2
165,Coffee,Iced Dunkin’ Dark® Roast Coffee with Skim Milk and Splenda Small,30,2,5,25,1
167,Coffee,Mocha Coffee Large,230,3,52,40,46
168,Coffee,Mocha Coffee Medium,170,2,39,30,34
169,Coffee,Mocha Coffee Small,110,1,26,20,23
170,Coffee,Mocha Swirl Coffee Extra Large,280,3,65,50,57
171,Coffee,Mocha Swirl Coffee Large,230,3,52,40,46
172,Coffee,Mocha Swirl Coffee Medium,170,2,39,30,34
173,Coffee,Mocha Swirl Coffee Small,110,1,26,20,23
174,Coffee,Mocha Swirl Coffee with Cream Extra Large,430,5,68,75,57
175,Coffee,Mocha Swirl Coffee with Cream Large,340,4,54,60,46
176,Coffee,Mocha Swirl Coffee with Cream Medium,260,3,41,45,34
177,Coffee,Mocha Swirl Coffee with Cream Small,170,2,27,30,23
178,Coffee,Mocha Swirl Iced Coffee with Cream Large,350,5,56,70,46
179,Coffee,Mocha Swirl Iced Coffee with Cream Medium,260,3,42,50,34
180,Coffee,Mocha Swirl Iced Coffee with Cream Small,180,2,28,35,23
181,Coffee,Pumpkin Coffee Large,210,4,47,95,45
182,Coffee,Pumpkin Coffee Medium,160,3,35,70,34
183,Coffee,Pumpkin Coffee Small,100,2,24,50,23
184,Coffee,Pumpkin Coffee Xlarge,260,5,59,115,57
185,Coffee,Pumpkin Coffee with Cream Large,330,6,49,120,45
186,Coffee,Pumpkin Coffee with Cream Medium,240,4,37,90,34
187,Coffee,Pumpkin Coffee with Cream Small,160,3,25,60,23
188,Coffee,Pumpkin Coffee with Cream Xlarge,410,7,62,150,57
189,Coffee,Pumpkin Iced Coffee Large,230,5,51,105,48
190,Coffee,Pumpkin Iced Coffee Medium,170,4,39,80,36
191,Coffee,Pumpkin Iced Coffee Small,110,2,26,55,24
192,Coffee,Pumpkin Iced Coffee with Cream Large,340,6,53,130,48
193,Coffee,Pumpkin Iced Coffee with Cream Medium,260,5,40,95,36
194,Coffee,Pumpkin Iced Coffee with Cream Small,170,3,27,65,24
195,Coffee,Pumpkin Mocha Coffee Large,220,4,51,70,47
196,Coffee,Pumpkin Mocha Coffee Medium,170,3,38,55,35
197,Coffee,Pumpkin Mocha Coffee Small,110,2,26,35,23
198,Coffee,"Pumpkin Mocha Coffee XLargeeval(ez_write_tag([[300,250],'nutrition_charts_com-large-leaderboard-2','ezslot_4',135,'0','0']));eval(ez_write_tag([[300,250],'nutrition_charts_com-large-leaderboard-2','ezslot_5',135,'0','1']));eval(ez_write_tag([[300,250],'nutrition_charts_com-large-leaderboard-2','ezslot_6',135,'0','2']));",280,4,64,90,58
199,Coffee,Pumpkin Mocha Coffee with Cream Large,340,5,53,95,47
200,Coffee,Pumpkin Mocha Coffee with Cream Medium,250,4,40,70,35
201,Coffee,Pumpkin Mocha Coffee with Cream Small,170,3,27,45,23
202,Coffee,Pumpkin Mocha Coffee with Cream XLarge,420,6,66,115,59
203,Coffee,Pumpkin Mocha Iced Coffee Large,230,4,52,85,47
204,Coffee,Pumpkin Mocha Iced Coffee Medium,170,3,39,60,35
205,Coffee,Pumpkin Mocha Iced Coffee Small,110,2,26,45,23
207,Coffee,Pumpkin Mocha Iced Coffee with Cream Large,340,5,54,105,47
208,Coffee,Pumpkin Mocha Iced Coffee with Cream Medium,260,4,40,80,35
209,Coffee,Pumpkin Mocha Iced Coffee with Cream Small,170,3,27,55,23
210,Coffee,Pumpkin White Chocolate Flavored Coffee Large,220,4,51,90,47
211,Coffee,Pumpkin White Chocolate Flavored Coffee Medium,170,3,38,70,35
212,Coffee,Pumpkin White Chocolate Flavored Coffee Small,110,2,25,45,24
213,Coffee,Pumpkin White Chocolate Flavored Coffee XLarge,280,5,63,115,59
214,Coffee,Pumpkin White Chocolate Flavored Coffee with Cream Large,340,6,53,115,48
215,Coffee,Pumpkin White Chocolate Flavored Coffee with Cream Medium,250,4,39,85,36
216,Coffee,Pumpkin White Chocolate Flavored Coffee with Cream Small,170,3,26,55,24
217,Coffee,Pumpkin White Chocolate Flavored Coffee with Cream XLarge,420,7,66,140,59
218,Coffee,Pumpkin White Chocolate Flavored Iced Coffee Large,230,4,51,105,47
219,Coffee,Pumpkin White Chocolate Flavored Iced Coffee Medium,170,3,38,75,35
220,Coffee,Pumpkin White Chocolate Flavored Iced Coffee Small,110,2,26,55,24
221,Coffee,Pumpkin White Chocolate Flavored Iced Coffee with Cream Large,340,6,53,125,48
222,Coffee,Pumpkin White Chocolate Flavored Iced Coffee with Cream Medium,260,4,40,95,36
223,Coffee,Pumpkin White Chocolate Flavored Iced Coffee with Cream Small,170,3,27,65,24
224,Coffee,Raspberry Coffee Small,15,0,2,5,0
225,Coffee,Toasted Almond Coffee Small,10,0,1,5,0
226,Coffee,Oatmeal Raisin Cookie,290,5,59,220,38
227,Coffee,Reverse Chocolate Chunk Cookie,350,5,54,380,36
228,Coffee,Triple Chocolate Chunk Cookie,340,5,58,380,34
230,Coolatta,Minute Maid® Orange Coolatta® Large,410,1,107,50,102
231,Coolatta,Minute Maid® Orange Coolatta® Medium,310,1,80,35,77
232,Coolatta,Minute Maid® Orange Coolatta® Small,200,1,53,25,51
233,Coolatta,Strawberry Fruit Coolatta® Large,470,0,115,70,114
234,Coolatta,Strawberry Fruit Coolatta® Medium,350,0,86,55,85
235,Coolatta,Strawberry Fruit Coolatta® Small,230,0,57,35,57
236,Coolatta,Vanilla Bean Coolatta® Large,850,6,184,300,174
237,Coolatta,Vanilla Bean Coolatta® Medium,630,4,138,220,130
238,Coolatta,Vanilla Bean Coolatta® Small,420,3,92,150,87
240,Cream Cheese,Plain Cream Cheese,150,3,3,250,3
241,Cream Cheese,Reduced Fat Blueberry Cream Cheese Spread,150,2,15,210,11
242,Cream Cheese,Reduced Fat Onion & Chive Cream Cheese Spread,130,3,6,250,3
243,Cream Cheese,Reduced Fat Plain Cream Cheese,100,4,5,250,2
244,Cream Cheese,Reduced Fat Smoked Salmon Cream Cheese Spread,140,4,6,240,4
245,Cream Cheese,Reduced Fat Strawberry Cream Cheese Spread,150,2,15,200,11
246,Cream Cheese,Reduced Fat Veggie Cream Cheese Spread,120,2,6,240,2
248,Danish,Apple Cheese Danish,330,4,41,270,18
249,Danish,Cheese Danish,330,5,39,270,17
250,Danish,Strawberry Cheese Danish,320,4,40,260,18
252,Donuts,Apple Crumb Donut,490,4,80,350,49
253,Donuts,Apple n Spice Donut,270,3,32,350,8
254,Donuts,Bavarian Kreme Donut,270,4,31,350,9
255,Donuts,Blueberry Cake Donut,340,4,44,570,21
256,Donuts,Blueberry Crumb Cake Donut,380,4,53,390,26
257,Donuts,Blueberry Crumb Donut,500,4,84,350,52
258,Donuts,Boston Kreme Donut,310,3,39,370,16
259,Donuts,Boston Scream Donut,310,3,40,360,19
260,Donuts,Bow Tie Donut,310,4,39,400,15
261,Donuts,Butternut Donut,520,4,78,310,47
262,Donuts,Caramel Spice Donut,290,4,33,350,11
263,Donuts,Chocolate Caramel Donut,340,4,42,370,20
264,Donuts,Chocolate Coconut Cake Donut,550,5,47,390,22
265,Donuts,Chocolate Crumb Cake Donut,380,4,43,490,22
266,Donuts,Chocolate Frosted Cake Donut,370,4,45,320,20
267,Donuts,Chocolate Frosted Cocoa Donut,270,4,33,300,13
268,Donuts,Chocolate Frosted Coffee Roll,410,7,53,420,19
269,Donuts,Chocolate Frosted Donut,270,3,31,340,13
270,Donuts,Chocolate Frosted Donut with Sprinkles,290,3,34,340,14
271,Donuts,Chocolate Glazed Cake Donut,370,3,35,390,17
272,Donuts,Chocolate Iced Bismark,390,5,52,360,21
273,Donuts,Chocolate Kreme Filled Donut,370,4,42,370,21
274,Donuts,Chocolate Peanut Butter Kreme Donut,360,3,43,360,24
276,Donuts,Cinnamon Cake Donut,340,3,38,300,13
277,Donuts,Cinnamon Cake Stick,350,4,44,420,19
278,Donuts,Cinnamon Guava Donut,250,3,28,340,8
279,Donuts,Cocoa Boston Kreme Donut,300,4,37,300,16
280,Donuts,Cocoa Butternut Donut,280,4,37,290,17
281,Donuts,Cocoa Coconut Donut,280,4,33,300,13
282,Donuts,Cocoa Coffee Roll,310,5,44,300,16
283,Donuts,Cocoa Confetti Donut,280,4,35,300,15
284,Donuts,Cocoa Glazed Donut,260,4,32,280,13
285,Donuts,Cocoa Jelly Donut,320,4,43,290,15
286,Donuts,Cocoa Kreme Puff Donut,320,3,33,290,16
287,Donuts,Coconut Caramel Donut,350,4,44,370,20
288,Donuts,Coconut Caramel Drizzle Donut,300,4,33,360,11
289,Donuts,Coconut Guava Donut,310,3,39,350,17
290,Donuts,Coffee Roll,400,7,53,400,19
291,Donuts,Crumb Cake Donut,380,4,46,330,25
292,Donuts,Double Chocolate Cake Donut,380,4,36,410,17
293,Donuts,Double Cocoa Coffee Roll,320,5,44,320,16
294,Donuts,Double Cocoa Kreme Donut,320,4,35,290,14
295,Donuts,Double Cocoa Kreme Puff Donut,310,4,33,290,13
296,Donuts,Dulce de Chocolate Donut,350,4,45,360,21
297,Donuts,Dulce de Leche Donut,290,4,31,340,10
299,Donuts,Eclair,390,5,52,360,21
300,Donuts,Fall Harvest Donut,290,3,35,340,15
301,Donuts,French Cruller,220,2,18,100,10
302,Donuts,Frosted Berry Shortcake Donut,350,3,43,360,24
303,Donuts,Frosted Maple Kreme Donut,360,3,44,360,25
304,Donuts,Frosted Strawberry Dream Donut,360,3,44,360,25
305,Donuts,Glazed Apple Maple Donut,310,3,41,350,17
306,Donuts,Glazed Bavarian Kreme Donut,290,3,37,350,15
307,Donuts,Glazed Cake Donut,360,3,44,300,19
308,Donuts,Glazed Cake Stick,370,4,48,420,23
309,Donuts,Glazed Caramel Donut,330,4,41,350,19
310,Donuts,Glazed Chocolate Cake Stick,390,3,40,540,17
311,Donuts,Glazed Chocolate Kreme Donut,360,4,44,370,22
312,Donuts,Glazed Cocoa Jelly Donut,310,3,43,280,14
313,Donuts,Glazed Donut,260,3,31,330,12
314,Donuts,Glazed Guava Donut,280,3,36,340,15
315,Donuts,Glazed Jelly Donut,310,3,43,340,14
316,Donuts,Glazed Lemon Donut,300,3,39,350,17
317,Donuts,Glazed Strawberry Donut,320,3,45,350,21
318,Donuts,Glazed Vanilla Kreme Donut,370,3,44,360,25
319,Donuts,Guava Burst Donut,260,3,29,340,9
320,Donuts,Guayaba Burst Donut,300,4,38,330,15
321,Donuts,Jelly Donut,270,3,32,330,15
322,Donuts,Jelly Stick,420,4,60,440,20
324,Donuts,Lemon Filled Donut,270,4,31,350,9
325,Donuts,Maple Crumb Cake Donut,380,4,45,330,25
326,Donuts,Maple Frosted Cocoa Donut,270,4,34,290,15
327,Donuts,Maple Frosted Coffee Roll,410,7,54,410,20
328,Donuts,Maple Frosted Donut,270,3,32,340,14
329,Donuts,Maple Kreme Donut,320,4,36,350,17
330,Donuts,Maple Kreme Drizzle Donut,370,3,47,360,28
331,Donuts,Marble Frosted Cocoa Donut,280,4,36,290,17
332,Donuts,Marble Frosted Donut,270,3,32,340,13
333,Donuts,Old Fashioned Cake Donut,320,3,33,300,9
334,Donuts,PB&J Kreme Donut,360,3,44,360,26
335,Donuts,Peanut Butter Kreme Donut,320,3,36,350,17
336,Donuts,Pina Boom Donut,270,4,32,350,12
337,Donuts,Pina Colada Donut,330,4,42,380,20
338,Donuts,Plain Cake Stick,330,4,36,420,12
339,Donuts,Powdered Cake Donut,340,4,38,300,13
340,Donuts,Powdered Cake Stick,360,5,43,420,18
341,Donuts,Powdered Cocoa Donut,230,4,26,280,7
342,Donuts,Pumpkin Crumb Cake Donut,450,4,56,390,35
343,Donuts,Pumpkin Donut,360,3,39,380,20
344,Donuts,Pumpkin Pie Donut,380,4,46,380,25
345,Donuts,Reverse Boston Kreme Donut,320,3,41,290,20
346,Donuts,Spiced Chocolate Caramel Donut,340,4,42,370,20
347,Donuts,Strawberry Dream Donut,330,3,36,350,17
348,Donuts,Strawberry Dream Swirl Donut,370,3,47,360,28
349,Donuts,Strawberry Frosted Cocoa Donut,270,4,34,290,15
350,Donuts,Strawberry Frosted Donut,280,3,32,340,14
351,Donuts,Strawberry Shortcake Donut,320,3,35,350,16
352,Donuts,Sugar Raised Donut,230,3,22,330,4
353,Donuts,Sugared Cocoa Donut,200,4,23,240,4
354,Donuts,Triple Cocoa Donut,260,5,35,260,14
355,Donuts,Vanilla Berry Shortcake Donut,350,3,43,360,24
356,Donuts,Vanilla Cocoa Kreme Donut,310,5,36,260,17
357,Donuts,Vanilla Frosted Cocoa Donut,250,4,33,250,14
358,Donuts,Vanilla Frosted Coffee Roll,410,7,54,410,20
359,Donuts,Vanilla Kreme Filled Donut,380,4,42,370,22
360,Donuts,Vanilla Peanut Butter Kreme Donut,360,3,44,360,26
362,Expresso Beverages,Cappuccino Small,80,4,7,70,7
363,Expresso Beverages,Cappuccino with Sugar Small,140,4,24,70,24
364,Expresso Beverages,Caramel Latte Lite Large,160,12,24,170,20
365,Expresso Beverages,Caramel Latte Lite Medium,120,9,18,125,15
366,Expresso Beverages,Caramel Latte Lite Small,80,6,11,85,10
367,Expresso Beverages,Caramel Mocha Latte with Milk Large,450,14,70,230,67
368,Expresso Beverages,Caramel Mocha Latte with Milk Medium,330,11,52,170,50
369,Expresso Beverages,Caramel Mocha Latte with Milk Small,220,7,35,115,33
370,Expresso Beverages,Caramel Mocha Latte with Skim Milk Large,350,15,70,200,68
371,Expresso Beverages,Caramel Mocha Latte with Skim Milk Medium,260,11,53,150,51
372,Expresso Beverages,Caramel Mocha Latte with Skim Milk Small,170,7,35,100,34
373,Expresso Beverages,Caramel Swirl Coconut Iced Latte with Milk Large,470,14,73,220,72
374,Expresso Beverages,Caramel Swirl Coconut Iced Latte with Milk Medium,350,11,55,160,54
375,Expresso Beverages,Caramel Swirl Coconut Iced Latte with Milk Small,240,7,37,110,37
376,Expresso Beverages,Caramel Swirl Coconut Iced Latte with Skim Milk Large,370,15,73,210,72
377,Expresso Beverages,Caramel Swirl Coconut Iced Latte with Skim Milk Medium,280,11,55,160,55
378,Expresso Beverages,Caramel Swirl Coconut Iced Latte with Skim Milk Small,190,8,38,110,37
379,Expresso Beverages,Caramel Swirl Coconut Latte with Milk Large,470,14,73,200,72
380,Expresso Beverages,Caramel Swirl Coconut Latte with Milk Medium,350,11,55,150,54
381,Expresso Beverages,Caramel Swirl Coconut Latte with Milk Small,240,7,37,100,37
382,Expresso Beverages,Caramel Swirl Coconut Latte with Skim Milk Large,370,15,73,200,72
383,Expresso Beverages,Caramel Swirl Coconut Latte with Skim Milk Medium,280,11,55,150,55
384,Expresso Beverages,Caramel Swirl Coconut Latte with Skim Milk Small,190,8,38,100,37
385,Expresso Beverages,Caramel Swirl Latte with Milk Large,460,14,73,200,72
386,Expresso Beverages,Caramel Swirl Latte with Milk Medium,350,11,55,150,54
387,Expresso Beverages,Caramel Swirl Latte with Skim Milk Large,360,15,73,200,72
388,Expresso Beverages,Caramel Swirl Latte with Skim Milk Medium,270,11,55,150,55
389,Expresso Beverages,Caramel Swirl Latte with Skim Milk Small,190,8,38,100,37
391,Expresso Beverages,Espresso,5,0,1,5,1
392,Expresso Beverages,Espresso with Sugar,30,0,7,5,7
393,Expresso Beverages,Iced Caramel Latte Lite Large,160,12,25,180,20
394,Expresso Beverages,Iced Caramel Latte Lite Medium,120,9,19,135,15
395,Expresso Beverages,Iced Caramel Latte Lite Small,80,6,12,90,10
396,Expresso Beverages,Iced Caramel Mocha Latte with Milk Large,450,14,70,240,67
397,Expresso Beverages,Iced Caramel Mocha Latte with Milk Medium,330,11,52,180,50
398,Expresso Beverages,Iced Caramel Mocha Latte with Milk Small,220,7,35,120,33
399,Expresso Beverages,Iced Caramel Mocha Latte with Skim Milk Large,350,15,70,210,68
400,Expresso Beverages,Iced Caramel Mocha Latte with Skim Milk Medium,260,11,53,150,51
401,Expresso Beverages,Iced Caramel Mocha Latte with Skim Milk Small,170,7,35,105,34
402,Expresso Beverages,Iced Caramel Swirl Latte with Milk Large,460,14,73,220,72
403,Expresso Beverages,Iced Caramel Swirl Latte with Milk Medium,350,11,55,160,54
404,Expresso Beverages,Iced Caramel Swirl Latte with Milk Small,230,7,37,110,37
405,Expresso Beverages,Iced Caramel Swirl Latte with Skim Milk Large,360,15,73,210,72
406,Expresso Beverages,Iced Caramel Swirl Latte with Skim Milk Medium,270,11,55,160,55
407,Expresso Beverages,Iced Caramel Swirl Latte with Skim Milk Small,190,8,38,110,37
408,Expresso Beverages,Iced Latte Lite Large,160,14,25,220,20
409,Expresso Beverages,Iced Latte Lite Medium,120,10,19,170,15
410,Expresso Beverages,Iced Latte Lite Small,80,7,13,110,10
411,Expresso Beverages,Iced Latte Small,120,6,10,105,10
412,Expresso Beverages,Iced Latte with Skim Milk Small,70,7,11,110,10
413,Expresso Beverages,Iced Latte with Skim Milk and Sugar Small,130,7,28,110,27
414,Expresso Beverages,Iced Latte with Sugar Small,170,6,27,100,27
416,Expresso Beverages,Iced Mocha Swirl Latte Small,220,7,35,115,32
417,Expresso Beverages,Iced Mocha Swirl Latte with Milk Large,460,13,72,220,67
418,Expresso Beverages,Iced Mocha Swirl Latte with Milk Medium,350,10,54,160,51
419,Expresso Beverages,Iced Mocha Swirl Latte with Milk Small,230,7,37,110,34
420,Expresso Beverages,Iced Mocha Swirl Latte with Skim Milk Small,180,8,36,125,32
421,Expresso Beverages,Iced Vanilla Latte Lite Large,170,13,24,190,20
422,Expresso Beverages,Iced Vanilla Latte Lite Small,80,6,12,95,10
423,Expresso Beverages,Iced vanilla Latte Lite Medium,120,10,18,140,15
424,Expresso Beverages,Latte Lite Large,160,14,25,220,20
425,Expresso Beverages,Latte Lite Medium,120,10,19,170,15
426,Expresso Beverages,Latte Lite Small,80,7,13,110,10
427,Expresso Beverages,Latte Small,120,6,10,105,10
428,Expresso Beverages,Latte with Sugar Small,170,6,27,100,27
429,Expresso Beverages,Mocha Swirl Iced Latte with Skim Milk Large,360,14,73,210,67
430,Expresso Beverages,Mocha Swirl Iced Latte with Skim Milk Medium,270,11,55,160,51
431,Expresso Beverages,Mocha Swirl Iced Latte with Skim Milk Small,180,7,37,105,35
432,Expresso Beverages,Mocha Swirl Latte Large with Milk,460,13,72,200,67
433,Expresso Beverages,Mocha Swirl Latte Medium with Milk,350,10,54,150,51
434,Expresso Beverages,Mocha Swirl Latte Medium with Milk,350,10,54,150,51
435,Expresso Beverages,Mocha Swirl Latte Small,220,7,35,115,32
436,Expresso Beverages,Mocha Swirl Latte Small with Milk,230,7,37,100,34
437,Expresso Beverages,Mocha Swirl Latte Small with Milk,230,7,37,100,34
438,Expresso Beverages,Mocha Swirl Latte with Skim Milk Large,360,14,73,200,67
439,Expresso Beverages,Mocha Swirl Latte with Skim Milk Large,360,14,73,200,67
440,Expresso Beverages,Mocha Swirl Latte with Skim Milk Medium,270,11,55,150,51
441,Expresso Beverages,Mocha Swirl Latte with Skim Milk Medium,270,11,55,150,51
442,Expresso Beverages,Mocha Swirl Latte with Skim Milk Small,180,7,37,100,35
443,Expresso Beverages,Mocha Swirl Latte with Skim Milk Small,180,7,37,100,35
445,Expresso Beverages,Pumpkin Iced Latte with Milk Large,440,15,67,270,66
446,Expresso Beverages,Pumpkin Iced Latte with Milk Medium,330,11,51,200,50
447,Expresso Beverages,Pumpkin Iced Latte with Milk Small,230,8,35,135,34
448,Expresso Beverages,Pumpkin Iced Latte with Skim Milk Large,350,16,68,270,68
449,Expresso Beverages,Pumpkin Iced Latte with Skim Milk Medium,260,12,52,200,51
450,Expresso Beverages,Pumpkin Iced Latte with Skim Milk Small,180,8,35,135,35
451,Expresso Beverages,Pumpkin Latte with Milk Large,440,15,67,260,66
452,Expresso Beverages,Pumpkin Latte with Milk Medium,330,11,51,190,50
453,Expresso Beverages,Pumpkin Latte with Milk Small,220,8,35,130,34
454,Expresso Beverages,Pumpkin Latte with Skim Milk Large,350,16,68,260,68
455,Expresso Beverages,Pumpkin Latte with Skim Milk Medium,260,12,52,190,51
456,Expresso Beverages,Pumpkin Latte with Skim Milk Small,180,8,35,130,35
457,Expresso Beverages,Pumpkin Mocha Iced Latte with Milk Large,460,14,73,250,70
458,Expresso Beverages,Pumpkin Mocha Iced Latte with Milk Medium,350,11,56,180,53
459,Expresso Beverages,Pumpkin Mocha Iced Latte with Milk Small,240,7,39,125,37
460,Expresso Beverages,Pumpkin Mocha Iced Latte with Skim Milk Large,360,15,73,240,71
461,Expresso Beverages,Pumpkin Mocha Iced Latte with Skim Milk Medium,280,12,56,180,54
462,Expresso Beverages,Pumpkin Mocha Iced Latte with Skim Milk Small,190,8,39,125,37
463,Expresso Beverages,Pumpkin Mocha Latte with Milk Large,460,14,73,230,70
464,Expresso Beverages,Pumpkin Mocha Latte with Milk Medium,350,11,56,170,53
465,Expresso Beverages,Pumpkin Mocha Latte with Milk Small,240,7,39,115,37
466,Expresso Beverages,Pumpkin Mocha Latte with Skim Milk Large,360,15,73,230,71
467,Expresso Beverages,Pumpkin Mocha Latte with Skim Milk Medium,280,12,56,170,54
468,Expresso Beverages,Pumpkin Mocha Latte with Skim Milk Small,190,8,39,115,37
469,Expresso Beverages,Pumpkin White Chocolate Flavored Iced Latte with Milk Large,460,15,72,270,71
470,Expresso Beverages,Pumpkin White Chocolate Flavored Iced Latte with Milk Medium,350,12,55,200,54
471,Expresso Beverages,Pumpkin White Chocolate Flavored Iced Latte with Milk Small,240,8,38,135,37
472,Expresso Beverages,Pumpkin White Chocolate Flavored Iced Latte with Skim Milk Large,360,16,73,270,71
473,Expresso Beverages,Pumpkin White Chocolate Flavored Iced Latte with Skim Milk Medium,280,12,55,200,54
474,Expresso Beverages,Pumpkin White Chocolate Flavored Iced Latte with Skim Milk Small,190,8,38,135,38
475,Expresso Beverages,Pumpkin White Chocolate Flavored Latte with Milk Large,460,15,72,250,71
476,Expresso Beverages,Pumpkin White Chocolate Flavored Latte with Milk Medium,350,12,55,190,54
477,Expresso Beverages,Pumpkin White Chocolate Flavored Latte with Milk Small,240,8,38,130,37
478,Expresso Beverages,Pumpkin White Chocolate Flavored Latte with Skim Milk Large,360,16,73,250,71
479,Expresso Beverages,Pumpkin White Chocolate Flavored Latte with Skim Milk Medium,280,12,55,190,54
480,Expresso Beverages,Pumpkin White Chocolate Flavored Latte with Skim Milk Small,190,8,38,130,38
481,Expresso Beverages,Turbo Shot ™ Extra Large,10,0,2,15,2
482,Expresso Beverages,Turbo Shot ™ Large,10,0,2,15,2
483,Expresso Beverages,Turbo Shot ™ Medium,5,0,1,10,1
484,Expresso Beverages,Turbo Shot ™ Small,5,0,1,5,1
485,Expresso Beverages,Vanilla Latte Lite Large,170,13,24,170,20
486,Expresso Beverages,Vanilla Latte Lite Medium,120,10,18,130,15
487,Expresso Beverages,Vanilla Latte Lite Small,80,6,12,85,10
489,Frozen Coffee,Frozen Caramel Coffee Coolatta with Cream Large,1050,11,143,260,130
490,Frozen Coffee,Frozen Caramel Coffee Coolatta with Cream Medium,800,8,107,200,98
491,Frozen Coffee,Frozen Caramel Coffee Coolatta with Cream Small,550,6,73,140,66
492,Frozen Coffee,Frozen Caramel Coffee Coolatta with Milk Large,730,12,146,290,142
493,Frozen Coffee,Frozen Caramel Coffee Coolatta with Milk Medium,550,9,110,220,107
494,Frozen Coffee,Frozen Caramel Coffee Coolatta with Milk Small,390,6,74,160,72
495,Frozen Coffee,Frozen Caramel Coffee Coolatta with Skim Milk Large,670,13,147,290,142
496,Frozen Coffee,Frozen Caramel Coffee Coolatta with Skim Milk Medium,510,10,110,220,107
497,Frozen Coffee,Frozen Caramel Coffee Coolatta with Skim Milk Small,360,7,75,160,72
498,Frozen Coffee,Frozen Coffee Coolatta with Cream Large,860,7,102,150,91
499,Frozen Coffee,Frozen Coffee Coolatta with Cream Medium,660,5,77,110,69
500,Frozen Coffee,Frozen Coffee Coolatta with Cream Small,460,3,53,75,47
501,Frozen Coffee,Frozen Coffee Coolatta with Milk Large,540,8,105,180,102
502,Frozen Coffee,Frozen Coffee Coolatta with Milk Medium,420,6,79,130,77
503,Frozen Coffee,Frozen Coffee Coolatta with Milk Small,300,4,54,90,53
504,Frozen Coffee,Frozen Coffee Coolatta with Skim Milk Large,420,9,102,180,98
505,Frozen Coffee,Frozen Coffee Coolatta with Skim Milk Medium,310,7,76,135,73
506,Frozen Coffee,Frozen Coffee Coolatta with Skim Milk Small,210,4,51,90,49
507,Frozen Coffee,Frozen Mocha Coffee Coolatta with Cream Large,1050,9,144,210,127
508,Frozen Coffee,Frozen Mocha Coffee Coolatta with Cream Medium,800,7,109,160,96
509,Frozen Coffee,Frozen Mocha Coffee Coolatta with Cream Small,550,5,73,115,64
510,Frozen Coffee,Frozen Mocha Coffee Coolatta with Milk Large,730,11,147,230,139
511,Frozen Coffee,Frozen Mocha Coffee Coolatta with Milk Medium,560,8,111,180,104
512,Frozen Coffee,Frozen Mocha Coffee Coolatta with Milk Small,390,6,75,130,70
513,Frozen Coffee,Frozen Mocha Coffee Coolatta with Skim Milk Large,670,12,148,240,139
514,Frozen Coffee,Frozen Mocha Coffee Coolatta with Skim Milk Medium,510,9,111,180,104
515,Frozen Coffee,Frozen Mocha Coffee Coolatta with Skim Milk Small,360,6,75,130,70
516,Frozen Coffee,Frozen Pumpkin Coffee Coolatta with Cream Large,1040,11,139,260,127
517,Frozen Coffee,Frozen Pumpkin Coffee Coolatta with Cream Medium,790,8,105,200,96
518,Frozen Coffee,Frozen Pumpkin Coffee Coolatta with Cream Small,550,6,71,140,64
519,Frozen Coffee,Frozen Pumpkin Coffee Coolatta with Milk Large,720,12,142,270,139
520,Frozen Coffee,Frozen Pumpkin Coffee Coolatta with Milk Medium,550,9,107,210,104
521,Frozen Coffee,Frozen Pumpkin Coffee Coolatta with Milk Small,390,6,72,150,70
522,Frozen Coffee,Frozen Pumpkin Coffee Coolatta with Skim Milk Large,650,12,143,270,139
523,Frozen Coffee,Frozen Pumpkin Coffee Coolatta with Skim Milk Medium,500,9,108,210,105
524,Frozen Coffee,Frozen Pumpkin Coffee Coolatta with Skim Milk Small,350,7,73,150,70
526,Muffins,Blueberry Muffin,460,6,76,450,44
527,Muffins,Chocolate Chip Muffin,550,7,83,470,50
528,Muffins,Coffee Cake Muffin,590,7,86,480,51
529,Muffins,Corn Muffin,460,7,72,770,31
530,Muffins,Honey Bran Raisin Muffin,440,7,74,410,40
531,Muffins,Pumpkin Muffin,550,7,77,480,41
532,Muffins,Reduced Fat Blueberry Muffin,410,7,75,620,40
533,Muffins,Blueberry Munchkin,70,1,9,50,5
534,Muffins,Cinnamon Cake Munchkin,60,1,6,65,3
535,Muffins,Cocoa Glazed Munchkin,35,1,6,35,3
536,Muffins,Cocoa Kreme Puff Munchkin,50,1,7,40,4
537,Muffins,Double Cocoa Kreme Puff Munchkin,50,1,7,45,3
538,Muffins,Glazed Cake Munchkin,70,1,8,65,4
539,Muffins,Glazed Chocolate Cake Munchkin,70,1,8,85,4
540,Muffins,Glazed Munchkin,70,1,7,80,3
541,Muffins,Jelly Filled Munchkin,80,1,9,85,2
542,Muffins,Plain Cake Munchkin,60,1,6,65,2
543,Muffins,Powdered Cake Munchkin,60,1,7,65,3
544,Muffins,Pumpkin Munchkin,60,1,9,75,4
545,Muffins,Sugared Munchkin,60,1,6,65,2
547,Other Bakery,Apple Fritter,410,6,60,380,27
548,Other Bakery,Apple Pie,280,3,36,240,15
549,Other Bakery,Biscuit,320,6,35,740,3
550,Other Bakery,Brownie,440,3,58,250,49
551,Other Bakery,Double Cocoa Fritter,430,5,63,370,30
552,Other Bakery,English Muffin,140,4,29,130,2
553,Other Bakery,Glazed Fritter,410,6,60,380,27
554,Other Bakery,Plain Croissant,330,7,37,370,5
555,Other Bakery,Vanilla Cocoa Fritter,440,5,63,360,34
557,Other Hot Beverages,Dark Hot Chocolate Large,400,3,82,670,62
558,Other Hot Beverages,Dark Hot Chocolate Medium,300,2,61,500,47
559,Other Hot Beverages,Dark Hot Chocolate Small,200,1,41,330,31
560,Other Hot Beverages,Dark Hot Chocolate Xlarge,500,4,102,840,78
561,Other Hot Beverages,Dunkaccino® Large,490,4,71,450,54
562,Other Hot Beverages,Dunkaccino® Medium,350,3,51,320,38
563,Other Hot Beverages,Dunkaccino® Small,240,2,35,220,26
564,Other Hot Beverages,Dunkaccino® Xlarge,540,5,78,480,58
565,Other Hot Beverages,Hot Chocolate Large,450,4,81,560,62
566,Other Hot Beverages,Hot Chocolate Medium,320,3,58,400,44
567,Other Hot Beverages,Hot Chocolate Small,220,2,39,270,30
568,Other Hot Beverages,Hot Chocolate XLarge,490,5,88,610,67
569,Other Hot Beverages,Mint Hot Chocolate Large,420,3,72,530,54
570,Other Hot Beverages,Mint Hot Chocolate Medium,310,2,52,390,39
571,Other Hot Beverages,Mint Hot Chocolate Small,220,1,36,270,27
572,Other Hot Beverages,Mint Hot Chocolate XLarge,520,3,87,650,65
573,Other Hot Beverages,Turbo Hot Chocolate Large,450,4,81,560,62
574,Other Hot Beverages,Turbo Hot Chocolate Medium,320,3,58,400,44
575,Other Hot Beverages,Turbo Hot Chocolate Small,220,2,39,270,30
576,Other Hot Beverages,Vanilla Chai,330,11,53,180,45
578,Tea,Decaffeinated Tea,0,0,0,5,0
579,Tea,Decaffeinated Tea with Milk,20,1,1,20,1
580,Tea,Decaffeinated Tea with Milk and Sugar,80,1,19,20,19
581,Tea,Decaffeinated Tea with Skim Milk,10,1,2,20,2
582,Tea,Decaffeinated Tea with Skim Milk and Sugar,70,1,19,20,19
583,Tea,Decaffeinated Tea with Sugar,60,0,17,5,17
584,Tea,Earl Grey Tea,0,0,0,5,0
585,Tea,Earl Grey Tea with Milk,20,1,1,20,1
586,Tea,Earl Grey Tea with Milk and Sugar,80,1,19,20,19
587,Tea,Earl Grey Tea with Skim Milk,10,1,2,20,2
588,Tea,Earl Grey Tea with Skim Milk and Sugar,70,1,19,20,19
589,Tea,Earl Grey Tea with Sugar,60,0,17,5,17
590,Tea,English Breakfast Tea,0,0,0,5,0
591,Tea,English Breakfast Tea with Milk,20,1,1,20,1
592,Tea,English Breakfast Tea with Milk and Sugar,80,1,19,20,19
593,Tea,English Breakfast Tea with Skim Milk,10,1,2,20,2
594,Tea,English Breakfast Tea with Skim Milk and Sugar,70,1,19,20,19
595,Tea,English Breakfast Tea with Sugar,60,0,17,5,17
596,Tea,Freshly Brewed Sweetened Iced Tea,80,0,20,0,19
597,Tea,Freshly Brewed Tea with Milk,20,1,1,20,1
598,Tea,Freshly Brewed Tea with Milk and Sugar,80,1,19,20,19
599,Tea,Freshly Brewed Tea with Skim Milk,10,1,2,20,2
600,Tea,Freshly Brewed Tea with Skim Milk and Sugar,70,1,19,20,19
601,Tea,Freshly Brewed Tea with Sugar,60,0,17,5,17
602,Tea,Freshly Brewed Unsweetened Iced Tea,5,0,1,0,0
603,Tea,Freshly Brewed Unsweetened Iced Tea Large,10,0,2,5,0
604,Tea,Freshly Brewed Unsweetened Iced Tea Medium,5,0,2,0,0
605,Tea,Freshly Brewed Unsweetened Tea,0,0,0,5,0
606,Tea,Green Tea,0,0,0,5,0
607,Tea,Green Tea with Milk,20,1,1,20,1
608,Tea,Green Tea with Milk and Sugar,80,1,19,20,19
609,Tea,Green Tea with Skim Milk,10,1,2,20,2
610,Tea,Green Tea with Skim Milk and Sugar,70,1,19,20,19
611,Tea,Green Tea with Sugar,60,0,17,5,17
612,Tea,Peach Flavored Iced Tea,15,0,2,0,0
613,Tea,Peach Flavored Sweetened Iced Tea,90,0,21,0,19
614,Tea,Raspberry Flavored Iced Tea,15,0,2,0,0
615,Tea,Raspberry Flavored Sweetened Iced Tea,90,0,21,0,19
616,Tea,Sweet Tea – Large,310,0,80,10,78
617,Tea,Sweet Tea – Medium,230,0,60,5,58
618,Tea,Sweet Tea – Small,160,0,40,5,39
620,Wake-Up Wrap,"Bacon, Egg & Cheese Wake-Up Wrap",180,9,14,520,1
621,Wake-Up Wrap,Egg & Cheese Wake-Up Wrap,150,7,13,420,1
622,Wake-Up Wrap,Egg White Turkey Sausage Wake-Up Wrap,150,10,14,420,2
623,Wake-Up Wrap,Egg White Veggie Wake-Up Wrap,150,9,14,360,1
624,Wake-Up Wrap,"Ham, Egg & Cheese Wake-Up Wrap",170,10,14,560,1
625,Wake-Up Wrap,Hot and Spicy Wake-Up Wrap,190,10,14,500,1
626,Wake-Up Wrap,"Sausage, Egg & Cheese Wake-Up Wrap",260,12,14,680,1
