,Category,Items,Calories,Protein (g),Total Carbs (g),Sodium (mg),Sugars (g)
1,Chicken,Original Recipe® Chicken- Whole Wing,140,11,5,450,0
2,Chicken,Original Recipe® Chicken- Breast,320,36,13,1130,0
3,Chicken,Original Recipe® Chicken-Breast without skin or breading,130,29,0,520,0
4,Chicken,Original Recipe® Chicken- Drumstick,120,11,3,380,0
5,Chicken,Original Recipe® Chicken- Thigh,290,18,8,850,0
6,Chicken,Original Recipe® Boneless Piece (White Meat),200,24,6,610,0
7,Chicken,Original Recipe® Boneless Piece (Dark Meat),250,21,11,850,0
8,Chicken,"Extra Crispy™ Chicken- Whole Wingeval(ez_write_tag([[970,250],'nutrition_charts_com-medrectangle-4','ezslot_3',140,'0','0']));",210,12,8,490,0
9,Chicken,Extra Crispy™ Chicken- Breast,490,35,20,1140,0
10,Chicken,Extra Crispy™ Chicken- Drumstick,160,13,5,390,0
11,Chicken,Extra Crispy™ Chicken- Thigh,370,18,15,760,0
12,Chicken,Spicy Crispy Chicken- Whole Wing,160,9,6,410,0
13,Chicken,Spicy Crispy Chicken- Breast,520,29,23,1220,0
14,Chicken,Spicy Crispy Chicken- Drumstick,150,11,5,410,0
15,Chicken,Spicy Crispy Chicken- Thigh,350,15,11,810,0
16,Chicken,Kentucky Grilled Chicken®- Whole Wing,80,10,1,250,0
17,Chicken,Kentucky Grilled Chicken®- Breast,220,40,0,730,0
18,Chicken,Kentucky Grilled Chicken®- Drumstick,90,13,0,290,0
19,Chicken,Kentucky Grilled Chicken®- Thigh,170,19,0,530,0
21,Strips and Filets,Extra Crispy™ Tenders (3),380,33,17,940,0
22,Strips and Filets,Extra Crispy™ Tenders (2),250,22,11,630,0
23,Strips and Filets,Extra Crispy™ Tenders (1) – Kids,130,11,6,310,0
24,Strips and Filets,KFC® OR Filet,200,23,6,540,0
26,Strips and Filets,Hot Shot Bites™ (6),290,22,13,1150,1
27,Strips and Filets,Hot Shot Bites™ (10),480,37,22,1920,1
28,Strips and Filets,Original Recipe® Bites (4) – Kids,130,15,5,440,0
29,Strips and Filets,Original Recipe® Bites (6),200,22,7,660,0
30,Strips and Filets,Original Recipe® Bites (10),330,37,12,1100,0
32,Wings,Hot Wings™ (1),70,4,3,160,0
33,Wings,HBBQ Hot Wings™ (1),80,4,8,270,2
34,Wings,Fiery Buffalo Hot Wings™ (1),70,4,5,290,0
36,Sandwiches,Chicken Littles®,310,14,23,590,4
37,Sandwiches,Chicken Littles® without Sauce,210,14,23,510,4
38,Sandwiches,Crispy Twister®,610,29,52,1260,4
39,Sandwiches,Crispy Twister® without Sauce,490,28,51,1130,3
40,Sandwiches,Honey BBQ Sandwich,320,24,47,770,21
41,Sandwiches,Colonel’s Original Sandwich,430,29,37,780,6
42,Sandwiches,Double Down,600,54,15,1620,1
43,Sandwiches,Doublicious®,510,34,38,1060,6
45,"Pot Pie, Bowls and Value Boxes",Chicken Pot Pie,790,29,66,1970,7
46,"Pot Pie, Bowls and Value Boxes",KFC Famous Bowls®-Mashed Potato with Gravy,690,25,80,2350,3
47,"Pot Pie, Bowls and Value Boxes",Snack-Size Bowl,270,11,28,850,1
48,"Pot Pie, Bowls and Value Boxes",Original Recipe® Bites Snack Box,420,19,39,1240,0
49,"Pot Pie, Bowls and Value Boxes",Popcorn Chicken Value Box,700,25,61,2160,0
50,"Pot Pie, Bowls and Value Boxes",Hot Wings™ Value Box,490,15,45,1290,0
51,"Pot Pie, Bowls and Value Boxes",Fiery Buffalo Hot Wings™ Value Box,510,15,50,1670,0
52,"Pot Pie, Bowls and Value Boxes",HBBQ Hot Wings™ Value Box,540,15,57,1600,6
53,"Pot Pie, Bowls and Value Boxes",Grilled Drumstick Value Box,380,17,34,1090,0
54,"Pot Pie, Bowls and Value Boxes",OR Drumstick Value Box,400,15,37,1110,0
55,"Pot Pie, Bowls and Value Boxes",EC Drumstick Value Box,450,16,39,1190,0
56,"Pot Pie, Bowls and Value Boxes",Grilled Thigh Value Box,460,23,34,1330,0
57,"Pot Pie, Bowls and Value Boxes",OR Thigh Value Box,540,20,42,1540,0
58,"Pot Pie, Bowls and Value Boxes",EC Thigh Value Box,660,22,49,1560,0
60,Salads and More,Crispy Chicken Caesar Salad without Dressing & Croutons,330,29,16,810,3
61,Salads and More,Caesar Side Salad without Dressing & Croutons,40,3,2,90,1
62,Salads and More,Crispy Chicken BLT Salad without Dressing,350,30,18,990,5
63,Salads and More,House Side Salad without Dressing,15,1,3,10,2
64,Salads and More,Heinz Buttermilk Ranch Dressing (1),160,0,1,220,1
65,Salads and More,Hidden Valley® The Original Ranch® Fat Free Dressing (1),35,1,8,410,2
66,Salads and More,Marzetti Light Italian Dressing (1),15,0,2,510,1
67,Salads and More,KFC® Creamy Parmesan Caesar Dressing (1),260,2,4,540,2
68,Salads and More,Parmesan Garlic Croutons Pouch (1),70,1,8,160,0
70,Sides (Individual),Green Beans,25,1,4,260,1
71,Sides (Individual),Mashed Potatoes with Gravy,120,2,19,530,0
72,Sides (Individual),Mashed Potatoes without Gravy,90,2,15,320,0
73,Sides (Individual),Gravy (with Bites),50,1,7,410,0
74,Sides (Individual),Macaroni and Cheese,170,5,22,830,2
75,Sides (Individual),Potato Wedges,290,4,35,810,0
76,Sides (Individual),Corn on the Cob (3″ ),70,2,16,0,3
77,Sides (Individual),BBQ Baked Beans,210,8,41,780,18
78,Sides (Individual),Potato Salad,210,2,26,560,6
79,Sides (Individual),Cole Slaw,170,1,19,170,14
80,Sides (Individual),Biscuit,180,4,23,530,2
81,Sides (Individual),Sweet Kernel Corn,100,3,21,0,3
82,Sides (Individual),Macaroni Salad,190,4,22,430,6
83,Sides (Individual),KFC® Cornbread Muffin,210,3,28,240,11
84,Sides (Individual),Sargento® Light String Cheese,50,6,1,160,0
85,Sides (Individual),GoGo squeeZ™ Applesauce,60,0,15,0,12
86,Sides (Individual),KFC® Gizzards,190,13,11,500,0
87,Sides (Individual),KFC® Livers,150,11,8,480,0
88,Sides (Individual),Country Fried Steak without Peppered White Gravy,360,13,22,750,0
89,Sides (Individual),Country Fried Steak with Peppered White Gravy,390,13,26,910,0
90,Sides (Individual),Jalapeno Peppers,20,0,1,480,0
91,Sides (Individual),Honey Sauce Packet,30,0,8,0,5
92,Sides (Individual),Colonel’s Buttery Spread,30,0,0,30,0
93,Sides (Individual),Bacon Ranch Dipping Sauce Cup,140,0,1,220,1
94,Sides (Individual),Creamy Buffalo Dipping Sauce Cup,70,0,2,510,0
95,Sides (Individual),Orange Ginger Dipping Sauce Cup,50,0,11,220,10
96,Sides (Individual),Sweet and Sour Dipping Sauce Cup,45,0,12,95,10
97,Sides (Individual),Honey Mustard Dipping Sauce Cup,120,0,6,110,5
98,Sides (Individual),Creamy Ranch Dipping Sauce Cup,140,0,1,230,1
99,Sides (Individual),HBBQ Dipping Sauce Cup,40,0,9,310,8
101,Desserts,Apple Turnover (1),230,2,32,140,12
102,Desserts,Café Valley Bakery® Chocolate Chip Cake (6 slices per cake),300,4,39,260,27
103,Desserts,Café Valley Bakery® Lemon Cake (8 slices per cake),210,2,28,190,19
104,Desserts,Café Valley Bakery® Mini Chocolate Chip Cake,300,3,49,190,35
105,Desserts,Café Valley Bakery® Mini Lemon Cake,300,3,43,230,31
106,Desserts,Reese’s® Peanut Butter Pie Slice,310,5,31,200,22
107,Desserts,Oreo® Cookies and Crème Pie Slice,290,3,34,210,23
108,Desserts,Sweet Life® Oatmeal Raisin Cookie,150,2,22,105,13
109,Desserts,Sweet Life® Chocolate Chip Cookie,160,2,22,90,15
110,Desserts,Sweet Life® Sugar Cookie,160,2,21,120,10
111,Desserts,Sweet Life® Double Fudge Cookie,160,2,21,105,14
113,Beverages,Capri Sun® Roarin’ Waters Tropical Fruit,30,0,8,15,8
114,Beverages,Milk 1%,110,9,14,140,13
115,Beverages,Chocolate Milk 1%,180,10,29,210,26
116,Beverages,Milk 2%,170,12,17,180,16
117,Beverages,Pepsi®*,200,0,56,40,56
118,Beverages,Pepsi®*,250,0,69,55,69
119,Beverages,Pepsi®*,380,0,105,75,105
120,Beverages,Pepsi®*,800,0,224,160,224
121,Beverages,Diet Pepsi®*,0,0,0,50,0
122,Beverages,Diet Pepsi®*,0,0,0,60,0
123,Beverages,Diet Pepsi®*,0,0,0,95,0
124,Beverages,Diet Pepsi®*,0,0,0,200,0
125,Beverages,Pepsi MAX®*,0,0,0,50,0
126,Beverages,Pepsi MAX®*,0,0,0,60,0
127,Beverages,Pepsi MAX®*,0,0,0,95,0
128,Beverages,Pepsi MAX®*,0,0,0,200,0
129,Beverages,Wild Cherry Pepsi®*,200,0,56,40,56
130,Beverages,Wild Cherry Pepsi®*,250,0,69,55,69
131,Beverages,Wild Cherry Pepsi®*,380,0,105,75,105
132,Beverages,Wild Cherry Pepsi®*,800,0,224,160,224
133,Beverages,Sierra Mist®*,200,0,54,40,54
134,Beverages,Sierra Mist®*,250,0,68,50,68
135,Beverages,Sierra Mist®*,380,0,101,75,101
136,Beverages,Sierra Mist®*,800,0,216,160,216
137,Beverages,"Diet Sierra Mist®eval(ez_write_tag([[336,280],'nutrition_charts_com-banner-1','ezslot_5',134,'0','0']));",0,0,0,50,0
138,Beverages,Diet Sierra Mist®,0,0,0,60,0
139,Beverages,Diet Sierra Mist®,0,0,0,95,0
140,Beverages,Diet Sierra Mist®,0,0,0,200,0
141,Beverages,Miranda® Strawberry*,220,0,58,100,58
142,Beverages,Miranda® Strawberry*,280,0,73,125,73
143,Beverages,Miranda® Strawberry*,410,0,109,190,109
144,Beverages,Miranda® Strawberry*,880,0,232,400,232
145,Beverages,Manzanita Sol®*,220,0,58,50,58
146,Beverages,Manzanita Sol®*,280,0,73,65,73
147,Beverages,Manzanita Sol®*,410,0,109,95,109
148,Beverages,Manzanita Sol®*,880,0,232,200,232
149,Beverages,Lipton® Brisk® Sweet Iced Tea*,140,0,40,70,40
150,Beverages,Lipton® Brisk® Sweet Iced Tea*,180,0,50,90,50
151,Beverages,Lipton® Brisk® Sweet Iced Tea*,260,0,75,130,75
152,Beverages,Lipton® Brisk® Sweet Iced Tea*,560,0,160,280,160
153,Beverages,Lipton® Brisk® Unsweetened No Lemon Iced Tea*,0,0,0,60,0
154,Beverages,Lipton® Brisk® Unsweetened No Lemon Iced Tea*,0,0,0,75,0
155,Beverages,Lipton® Brisk® Unsweetened No Lemon Iced Tea*,0,0,0,115,0
156,Beverages,Lipton® Brisk® Unsweetened No Lemon Iced Tea*,0,0,0,240,0
157,Beverages,Lipton® Brisk® Lemon Tea*,140,0,40,30,40
158,Beverages,Lipton® Brisk® Lemon Tea*,180,0,50,40,50
159,Beverages,Lipton® Brisk® Lemon Tea*,260,0,75,55,75
160,Beverages,Lipton® Brisk® Lemon Tea*,560,0,160,120,160
161,Beverages,Lipton® Brisk® No Calorie Peach Iced Green Tea*,0,0,0,140,0
162,Beverages,Lipton® Brisk® No Calorie Peach Iced Green Tea*,0,0,0,175,0
163,Beverages,Lipton® Brisk® No Calorie Peach Iced Green Tea*,0,0,0,265,0
164,Beverages,Lipton® Brisk® No Calorie Peach Iced Green Tea*,0,0,0,560,0
165,Beverages,Lipton® Brisk® Peach Iced Green Tea*,160,0,42,50,42
166,Beverages,Lipton® Brisk® Peach Iced Green Tea*,200,0,53,65,53
167,Beverages,Lipton® Brisk® Peach Iced Green Tea*,300,0,79,95,79
168,Beverages,Lipton® Brisk® Peach Iced Green Tea*,640,0,165,200,165
169,Beverages,Lipton® Brisk® Raspberry Tea*,160,0,42,50,42
170,Beverages,Lipton® Brisk® Raspberry Tea*,200,0,53,65,53
171,Beverages,Lipton® Brisk® Raspberry Tea*,300,0,79,95,79
172,Beverages,Lipton® Brisk® Raspberry Tea*,640,0,168,200,168
