,Category,Items,Calories,Sodium (mg),Carbs (g),Sugar (g),Protein (g)
0,Whopper® Sandwiches,WHOPPER® Sandwich,660,980,49,11,28
1,Whopper® Sandwiches,WHOPPER® Sandwich with Cheese,740,1340,50,11,32
2,Whopper® Sandwiches,Bacon Cheese WHOPPER® Sandwich,790,1560,50,11,35
3,Whopper® Sandwiches,DOUBLE WHOPPER® Sandwich,900,1050,49,11,48
4,Whopper® Sandwiches,DOUBLE WHOPPER® Sandwich with Cheese,980,1410,50,11,52
5,Whopper® Sandwiches,TRIPLE WHOPPER® Sandwich,1130,1120,49,11,67
6,Whopper® Sandwiches,TRIPLE WHOPPER® Sandwich with Cheese,1220,1470,50,11,71
7,Whopper® Sandwiches,WHOPPER JR.® Sandwich,310,390,27,7,13
9,Flame Broiled Burgerseval,BACON KING™ Sandwich,1150,2150,49,10,61
10,Flame Broiled Burgerseval,Single Quarter Pound KING™ Sandwich,580,1310,49,10,32
11,Flame Broiled Burgerseval,Double Quarter Pound KING™ Sandwich,900,1740,50,11,56
12,Flame Broiled Burgerseval,Big King XL,980,1660,51,11,56
13,Flame Broiled Burgerseval,Single STACKER KING™,700,1360,48,10,35
14,Flame Broiled Burgerseval,Double STACKER KING™,1050,1870,49,11,61
15,Flame Broiled Burgerseval,Triple STACKER KING™,1370,2300,51,11,85
16,Flame Broiled Burgerseval,SOURDOUGH KING™,920,1410,52,12,52
17,Flame Broiled Burgerseval,Hamburger,240,380,26,6,13
18,Flame Broiled Burgerseval,Cheeseburger,280,560,27,7,15
19,Flame Broiled Burgerseval,Double Cheeseburger,390,590,27,7,21
20,Flame Broiled Burgerseval,Extra Long Cheeseburger,630,1050,45,9,29
21,Flame Broiled Burgerseval,Bacon Cheeseburger,320,710,27,7,17
22,Flame Broiled Burgerseval,Bacon Double Cheeseburger,420,740,27,7,25
24,Chicken & More,Grilled Chicken Sandwich,430,870,43,11,40
25,Chicken & More,Crispy Chicken Sandwich,670,1080,54,8,23
26,Chicken & More,Spicy Crispy Chicken Sandwich,700,1140,57,8,25
27,Chicken & More,Original Chicken Sandwich,660,1170,48,5,28
28,Chicken & More,Bacon Cheese Crispy Chicken Sandwich,800,1650,55,8,30
29,Chicken & More,Crispy Chicken Jr.,450,780,34,5,12
30,Chicken & More,Spicy Crispy Chicken Jr.,390,740,37,6,12
31,Chicken & More,Chicken Nuggets – 4pc,170,310,11,0,8
32,Chicken & More,Chicken Nuggets – 6pc,260,470,16,0,12
33,Chicken & More,Chicken Nuggets – 10pc,430,780,27,0,20
34,Chicken & More,Chicken Nuggets – 20pc,860,1570,53,1,39
35,Chicken & More,Spicy Chicken Nuggets – 4pc.,210,570,11,0,8
36,Chicken & More,Spicy Chicken Nuggets – 6pc.,320,850,17,0,12
37,Chicken & More,Spicy Chicken Nuggets – 10pc.,430,780,28,1,20
38,Chicken & More,Spicy Chicken Nuggets – 20pc.,1050,2840,56,1,40
39,Chicken & More,Crispy Chicken Tenders – 2pc (no sauce),270,1010,22,0,18
40,Chicken & More,Crispy Chicken Tenders – 3pc (no sauce),410,1510,33,0,27
41,Chicken & More,Crispy Chicken Tenders – 4pc (no sauce),540,2010,44,1,36
42,Chicken & More,Chicken Fries – 9 pc.,280,850,20,1,13
43,Chicken & More,BIG FISH™ Sandwich,510,1180,51,7,16
44,Chicken & More,BK VEGGIE® Burger,390,980,41,9,21
46,King Jr™ Meals,Kids Oatmeal,510,1180,51,7,4
47,King Jr™ Meals,Chicken Nuggets – 4pc,170,310,11,0,8
48,King Jr™ Meals,Chicken Nuggets – 6pc,260,470,16,0,12
49,King Jr™ Meals,Hamburger,240,380,26,6,13
50,King Jr™ Meals,Cheeseburger,280,560,27,7,15
51,King Jr™ Meals,Mott’s® Natural Applesauce,50,0,13,11,0
52,King Jr™ Meals,Fat FREE Milk (8 fl oz),90,125,13,12,9
53,King Jr™ Meals,1% Low Fat Chocolate Milk (8 fl oz),160,150,26,25,8
54,King Jr™ Meals,"Capris Sun® 100% Apple Juiceeval(ez_write_tag([[970,250],'nutrition_charts_com-box-4','ezslot_4',133,'0','0']));",80,25,20,20,0
55,King Jr™ Meals,PB&J Jamwich,300,290,33,11,11
56,King Jr™ Meals,Soft Serve Cone,190,150,32,24,5
58,Salads & Sides,Garden Chicken Salad with Grilled Chicken – no dressing,350,820,16,5,43
59,Salads & Sides,Garden Chicken Salad with Crispy Chicken – no dressing,440,930,31,4,25
60,Salads & Sides,Club Salad with Grilled Chicken – no dressing,450,1270,16,5,48
61,Salads & Sides,Club Salad with Crispy Chicken – no dressing,540,1380,31,5,31
62,Salads & Sides,Garden Side Salad – w/o dressing,60,95,3,2,4
63,Salads & Sides,Ken’s Ranch Dressing,260,240,2,2,1
64,Salads & Sides,Ken’s Golden Italian Dressing,160,380,4,3,0
65,Salads & Sides,Ken’s Lite Honey Balsamic Vinaigrette,120,220,14,11,0
66,Salads & Sides,Buttery Garlic Croutons – Packet,60,180,9,1,1
67,Salads & Sides,Onion Rings – value,150,400,19,2,1
68,Salads & Sides,Onion Rings – small,320,840,41,4,3
69,Salads & Sides,Onion Rings – medium,410,1080,53,5,4
70,Salads & Sides,Onion Rings – large,500,1310,64,7,5
71,Salads & Sides,Cheesy Tots (8 pc),310,780,34,0,9
72,Salads & Sides,French Fries – value (unsalted),220,210,34,1,2
73,Salads & Sides,French Fries – small (unsalted),320,300,49,1,4
74,Salads & Sides,French Fries – medium (unsalted),380,360,58,1,4
75,Salads & Sides,French Fries – large (unsalted),430,410,66,2,5
77,Breakfast,CROISSAN’WICH® Egg & Cheese,340,610,29,4,12
78,Breakfast,"CROISSAN’WICH® Sausage, Egg & Cheese",500,930,30,4,19
79,Breakfast,"CROISSAN’WICH® Ham, Egg & Cheese",370,1030,30,5,17
80,Breakfast,"CROISSAN’WICH® Bacon, Egg & Cheese",370,760,30,4,14
81,Breakfast,Fully Loaded CROISSAN’WICH®,610,1680,31,5,28
82,Breakfast,Double CROISSAN’WICH® with Sausage & Bacon,580,1260,31,5,23
83,Breakfast,Double CROISSAN’WICH® with Sausage,710,1420,31,5,29
84,Breakfast,Double CROISSAN’WICH® with Ham & Sausage,580,1530,31,5,27
85,Breakfast,Fully Loaded Biscuit,640,2190,31,4,28
86,Breakfast,"Ham, Egg, & Cheese Biscuit",400,1550,29,3,17
87,Breakfast,"Sausage, Egg, & Cheese Biscuit",400,1440,29,3,19
88,Breakfast,"Bacon, Egg, & Cheese Biscuit",400,1270,29,3,13
89,Breakfast,Sausage Biscuit,420,1050,28,2,12
90,Breakfast,Breakfast Burrito Jr. ,370,930,27,2,15
91,Breakfast,EGG-NORMOUS BURRITO™,940,2460,68,5,38
92,Breakfast,BK™ Ultimate Breakfast Platter,1230,2550,122,33,29
93,Breakfast,NY Ultimate Breakfast Platter (Regional menu item),900,1760,95,31,25
94,Breakfast,Pancake and Sausage platter,610,1010,72,30,12
95,Breakfast,Hash Browns – small,250,580,24,0,2
96,Breakfast,Hash Browns – medium,500,1140,48,0,4
97,Breakfast,Hash Browns – large,670,1530,65,0,5
98,Breakfast,French Toast Sticks (3 piece),230,260,29,8,3
99,Breakfast,French Toast Sticks (5 piece),380,430,49,13,5
101,Desserts,Dutch Apple Pie,340,310,51,25,3
102,Desserts,HERSHEY®’s Sundae Pie,310,220,32,22,3
103,Desserts,Pie made with TWIX®,370,330,45,30,4
104,Desserts,OREO® Cookie Cheesecake,350,310,41,25,6
105,Desserts,Soft Serve Cone,190,150,32,24,5
106,Desserts,Soft Serve Cup,170,150,28,24,5
107,Desserts,HERSHEY®’s Chocolate Sundae,260,160,49,43,5
108,Desserts,Caramel Sundae,240,210,42,15,5
109,Desserts,Chocolate Chip Cookies (each),160,125,24,15,2
110,Desserts,Cookie Made with M&M’s® Chocolate Candies (each),160,110,24,15,2
111,Desserts,Cini Minis (4pc) (with frosting),410,500,66,29,7
113,Additional Options,American Cheese (slice),40,180,1,0,2
114,Additional Options,Ketchup (Packet),10,125,3,2,0
115,Additional Options,Mayonnaise (Packet),80,75,1,0,0
116,Additional Options,Strawberry or Grape Jam (packet),30,0,7,6,0
117,Additional Options,Breakfast Syrup (1 oz),120,15,30,18,0
118,Additional Options,Barbecue Dipping Sauce,40,310,11,10,0
119,Additional Options,Ranch Dipping Sauce (1 oz),140,85,1,1,1
120,Additional Options,Buffalo Dipping Sauce (1 oz),80,360,2,1,0
121,Additional Options,Zesty Onion Ring Dipping Sauce (1 oz),150,240,3,0,0
122,Additional Options,Honey Mustard Dipping Sauce (1oz),90,180,8,7,0
124,Beverages,Fat FREE Milk (8 fl oz),90,125,13,12,9
125,Beverages,1% Low Fat Chocolate Milk (8 fl oz),160,150,26,25,8
126,Beverages,Smoothie: Strawberry Banana 16 fl oz,310,55,71,50,4
127,Beverages,Oreo® Shake,720,540,118,98,16
128,Beverages,Chocolate Oreo® Shake,740,680,121,101,17
129,Beverages,Vanilla Shake made with M&M’s® Chocolate Candies,780,490,128,111,17
130,Beverages,Chocolate Shake made with M&M’s® Chocolate Candies,840,510,144,124,17
131,Beverages,Vanilla Milk Shake,580,420,98,85,14
132,Beverages,HERSHEY®’S Chocolate Milk Shake,610,500,103,8,14
133,Beverages,Strawberry Milk Shake,640,440,113,99,14
135,Coca Cola classic®,16 fl oz,210,50,58,58,0
136,Coca Cola classic®,20 fl oz,270,60,73,73,0
137,Coca Cola classic®,29 fl oz,390,85,105,105,0
138,Coca Cola classic®,38 fl oz,510,115,138,138,0
139,Diet Coke®eval,16 fl oz,0,70,0,0,0
143,Sprite®,16 fl oz,210,95,56,56,0
144,Sprite®,20 fl oz,260,120,70,70,0
145,Sprite®,29 fl oz,380,170,102,102,0
146,Sprite®,38 fl oz,500,230,133,133,0
147,Dr. Pepper®,16 fl oz,190,60,52,51,0
148,Dr. Pepper®,20 fl oz,240,75,65,64,0
149,Dr. Pepper®,29 fl oz,350,105,94,93,0
150,Dr. Pepper®,38 fl oz,450,140,124,121,0
151,Barq’s Root Beer®,16 fl oz,240,100,65,65,0
152,Barq’s Root Beer®,20 fl oz,300,120,81,81,0
153,Barq’s Root Beer®,29 fl oz,430,180,118,118,0
154,Barq’s Root Beer®,38 fl oz,570,230,155,155,0
155,Cherry Coke®,16 fl oz,220,51,61,61,0
156,Cherry Coke®,20 fl oz,280,70,76,76,0
157,Cherry Coke®,29 fl oz,410,100,110,110,0
158,Cherry Coke®,38 fl oz,540,130,145,145,0
159,Fanta® Orange,16 fl oz,230,60,62,61,0
160,Fanta® Orange,20 fl oz,280,70,77,77,0
161,Fanta® Orange,29 fl oz,410,105,113,111,0
162,Fanta® Orange,38 fl oz,540,135,148,146,0
163,Hi-C® Fruit Punch,16 fl oz,220,75,62,60,0
164,Hi-C® Fruit Punch,20 fl oz,280,95,77,75,0
165,Hi-C® Fruit Punch,29 fl oz,410,135,111,109,0
166,Hi-C® Fruit Punch,38 fl oz,530,180,146,143,0
167,MINUTE MAID® Light Lemonade,16 fl oz,10,60,3,0,0
168,MINUTE MAID® Light Lemonade,20 fl oz,10,70,4,0,0
169,MINUTE MAID® Light Lemonade,29 fl oz,15,105,5,0,0
170,MINUTE MAID® Light Lemonade,38 fl oz,20,135,7,0,0
171,Sweet Tea,20 fl oz,120,0,35,35,0
172,Sweet Tea,29 fl oz,160,0,49,49,0
173,Sweet Tea,40 fl oz,240,0,71,71,0
174,Unsweetened Tea,20 fl oz,120,0,0,0,0
175,Unsweetened Tea,29 fl oz,160,0,0,0,0
176,Unsweetened Tea,40 fl oz,240,0,0,0,0
177,Capri Sun® 100% Apple Juice,1 pouch,80,25,20,20,0
178,Minute Maid® Orange Juice,10 fl oz,140,20,33,30,2
179,Frozen Coke® ,16 oz,130,50,35,35,0
181,BK® Café Coffee,12 fl oz,0,0,0,0,0
182,BK® Café Coffee,"16 fl ozeval(ez_write_tag([[250,250],'nutrition_charts_com-large-leaderboard-2','ezslot_6',135,'0','0']));",0,0,0,0,0
183,BK® Café Coffee,20 fl oz,0,0,0,0,0
184,BK® Café Decaf Coffee,12 fl oz,0,0,0,0,0
185,BK® Café Decaf Coffee,16 fl oz,0,0,0,0,0
186,BK® Café Decaf Coffee,20 fl oz,0,0,0,0,0
187,BK® Café Iced Vanilla Coffee,12 fl oz,150,30,21,21,1
188,BK® Café Iced Vanilla Coffee,16 fl oz,200,40,27,27,2
189,BK® Café Iced Vanilla Coffee,20 fl oz,260,50,34,34,2
190,BK® Café Iced Mocha Coffee,12 fl oz,180,40,27,27,2
191,BK® Café Iced Mocha Coffee,16 fl oz,240,55,35,32,2
192,BK® Café Iced Mocha Coffee,20 fl oz,300,70,45,41,3
193,BK® Café Mocha Frappe,12 fl oz,300,200,50,41,7
194,BK® Café Mocha Frappe,16 fl oz,400,270,68,58,9
195,BK® Café Mocha Frappe,20 fl oz,510,350,87,71,12
196,BK® Café Caramel Frappe,12 fl oz,300,210,50,41,7
197,BK® Café Caramel Frappe,16 fl oz,400,280,68,56,9
198,BK® Café Caramel Frappe,20 fl oz,500,350,86,71,11
