,Category,Items,Calories,Sodium (mg),Carbohydrates (g),Sugars (g),Protein (g)
0,Burgers,Triple Cheeseburger,520,1180,35,7,32
1,Burgers,Cheddar Bacon Onion Grilled Chicken Sandwich,360,1600,6,2,44
2,Burgers,Bacon Clubhouse Burger,730,1280,49,12,40
3,Burgers,Premium Grilled Chicken Bacon Clubhouse Sandwich,280,1290,4,2,39
4,Burgers,Double Filet-O-Fish,540,790,47,5,28
5,Burgers,Premium Buttermilk Crispy Chicken Bacon Clubhouse Sandwich,780,1550,68,12,40
6,Burgers,Buffalo Ranch McChicken,360,800,39,5,15
7,Burgers,Bacon Buffalo Ranch McChicken,430,1040,40,6,20
8,Burgers,Southern Style Buttermilk Crispy Chicken Sandwich,470,950,48,5,25
9,Burgers,Big Mac,540,940,46,9,25
10,Burgers,Quarter-Pounder,440,710,40,9,26
11,Burgers,Double Quarter Pounder with Cheese,780,1310,43,10,51
12,Burgers,Hamburger,250,480,31,6,13
13,Burgers,Hot ‘n Spicy McChicken,420,590,39,5,14
14,Burgers,Cheeseburger,300,680,33,5,14
15,Burgers,BBQ Ranch Burger,350,670,36,7,15
16,Burgers,Grilled Onion Cheddar,310,580,31,6,15
17,Burgers,Double Cheeseburger,440,1050,34,7,25
18,Burgers,McDouble,390,850,33,7,22
19,Burgers,Bacon McDouble,450,1090,34,7,28
20,Burgers,Bacon Cheddar Hot ‘n Spicy McChicken,530,1040,41,6,22
21,Burgers,Daily Double,510,780,38,7,24
22,Burgers,Ranch Snack Wrap (Buttermilk Crispy),380,830,34,2,16
23,Burgers,Ranch Snack Wrap (Grilled),300,890,25,2,21
24,Burgers,Mac Snack Wrap,340,660,26,2,15
25,Burgers,Jalapeño Double,440,990,34,6,23
26,Burgers,Quarter Pounder Deluxe,650,1180,44,11,32
27,Burgers,McTeri Deluxe,620,1190,57,25,28
28,Burgers,Double Homestyle Burger,500,640,3,0,40
29,Burgers,Bacon Double Cheeseburger,500,1290,35,8,30
30,Burgers,Denali Big Mac,840,1080,47,9,50
31,Burgers,Quarter Pounder Cheddar Bacon Onion,470,1060,7,2,36
32,Burgers,Daily Double Burger Mustard Style,410,760,37,7,24
33,Burgers,Double Grilled Onion Cheddar Burger,390,600,30,5,24
34,Burgers,Grilled Onion Cheddar Burger Triple,530,920,32,5,34
35,Burgers,Big Mac with Butter,560,940,46,9,25
36,Burgers,Homestyle Burger,430,660,37,7,26
37,Burgers,Cheeseburger Bacon,360,920,33,7,26
38,Burgers,Triple Bacon Cheeseburger,590,1420,36,8,38
39,Burgers,Hamburger New York,250,470,31,6,13
40,Burgers,cheeseburger New York,300,680,33,7,15
41,Burgers,Triple Cheeseburger New York,520,1170,35,7,32
42,Burgers,Quarter Pounder Deluxe New York,630,1200,43,11,31
43,Burgers,Quarter Pounder New York,420,720,39,9,26
44,Burgers,Green Chili Double Cheeseburger New York,390,760,33,7,23
45,Burgers,Double Cheeseburger New York,430,1050,34,7,25
46,Burgers,Cheeseburger Bacon New York,360,920,33,7,20
47,Burgers,Bacon Double Cheeseburger New York,500,1290,35,8,30
48,Burgers,Triple Bacon Cheeseburger New York,590,1410,36,8,38
49,Burgers,Bacon McDouble New York,450,1080,34,7,28
50,Burgers,Quarter Pounder With Cheese New York,520,1130,42,10,31
51,Burgers,Double Quarter Pounder With Cheese New York,750,1350,42,10,51
52,Burgers,Signature Sriracha Burger on Artisan Roll,170,390,11,1,6
53,Burgers,Double Lone Star Stack Burger,880,1550,56,16,58
54,Burgers,Lone Star Stack Burger,720,1710,56,16,43
55,Burgers,Bacon Quarter Pounder With Cheese,630,1470,40,10,39
56,Burgers,Bacon Quarter Pounder With Cheese (Classic),640,1480,44,11,39
57,Burgers,Spain’s Grand McExtreme Bacon,750,1310,38,8,43
58,Burgers,Spain’s Double Grand McExtreme Bacon,970,1520,38,8,63
59,Burgers,Bacon Big Mac,630,1300,47,9,33
60,Chicken and Sandwiches,Cheddar Bacon Onion Grilled Chciken Sandwich,360,1600,6,2,44
61,Chicken and Sandwiches,Premium Grilled Chicken Bacon Clubhouse Sandwich,280,1290,4,2,39
62,Chicken and Sandwiches,Double Filet-O-Fish,540,790,47,5,28
63,Chicken and Sandwiches,Premium Buttermilk Crispy Chicken Bacon Clubhouse Sandwich,780,1550,68,12,40
64,Chicken and Sandwiches,McChicken,410,590,39,5,15
65,Chicken and Sandwiches,Buffalo Ranch McChicken,360,800,39,5,15
66,Chicken and Sandwiches,Bacon Buffalo Ranch McChicken,430,1040,40,6,20
67,Chicken and Sandwiches,Bacon Cheddar McChicken,520,1030,41,6,23
68,Chicken and Sandwiches,Southern Style Buttermilk Crispy Chicken Sandwich,470,950,48,5,17
69,Chicken and Sandwiches,McRib,480,890,45,12,24
70,Chicken and Sandwiches,Hot ‘n Spicy McChicken,420,590,39,5,14
71,Chicken and Sandwiches,Bacon Cheddar Hot ‘n Spicy McChicken,530,1040,41,6,22
72,Chicken and Sandwiches,Chicken McNuggets (10 piece),440,840,26,0,24
73,Chicken and Sandwiches,Ranch Snack Wrap (Buttermilk Crispy),380,830,34,2,16
74,Chicken and Sandwiches,Chicken McNuggets (20 piece),890,1680,53,0,49
75,Chicken and Sandwiches,Chicken McNuggets (6 piece),270,510,16,0,15
76,Chicken and Sandwiches,Chicken McNuggets (40 piece),1770,3370,105,1,98
77,Chicken and Sandwiches,Premium Bacon Ranch Salad with Buttermilk Crispy Chicken,480,1120,27,3,13
78,Chicken and Sandwiches,Ranch Snack Wrap (Grilled),300,890,25,2,21
79,Chicken and Sandwiches,Premium Bacon Ranch Salad with Grilled Chicken,480,1120,27,3,33
80,Chicken and Sandwiches,Premium Southwest Salad with Buttermilk Crispy Chicken,520,960,46,9,28
81,Chicken and Sandwiches,Premium Southwest Salad with Grilled Chicken,350,1070,27,9,37
82,Chicken and Sandwiches,Chicken McNuggets (4 piece),180,340,11,0,10
83,Chicken and Sandwiches,Artisan Grilled Chicken Sandwich,380,1120,44,11,36
84,Chicken and Sandwiches,Buttermilk Crispy Chicken Sandwich,620,1030,63,11,28
85,Chicken and Sandwiches,Veggie McWrap,480,860,62,13,15
86,Chicken and Sandwiches,Chicken McNuggets (50 piece),2210,4210,132,1,122
87,Chicken and Sandwiches,Lobster Roll,310,630,34,3,24
88,Chicken and Sandwiches,McChicken Deluxe,490,830,47,7,18
89,Chicken and Sandwiches,Old Bay Double Dilet-O-Fish Sandwich,540,770,49,5,29
90,Chicken and Sandwiches,Old Bay Filet-O-Fish Sandwich,420,650,40,5,18
91,Chicken and Sandwiches,Jalapeno McChicken,430,1030,43,6,18
92,Chicken and Sandwiches,Hot ‘n Spicy McChicken Deluxe,500,840,47,7,18
93,Chicken and Sandwiches,McChicken Scratch Biscuit,450,1080,49,3,15
94,Chicken and Sandwiches,McGriddles Buttermilk Crispy Chicken,540,1320,61,14,24
95,Chicken and Sandwiches,Southern Style Chicken McGriddles,410,1160,51,16,16
96,Chicken and Sandwiches,Southern Style Chicken Biscuit Pressure Fried,440,1140,46,4,15
97,Chicken and Sandwiches,Buttermilk Cripsy Chicken Biscuit,570,1380,55,2,24
98,Chicken and Sandwiches,Southern Style Chicken Scratch Biscuit Pressure Fried,460,1160,49,4,15
99,Chicken and Sandwiches,Hot N Spicy McChicken Scratch Biscuit,460,1090,49,3,14
100,Chicken and Sandwiches,Buttermilk Crispy Tenders 2 pc,250,700,13,0,20
101,Chicken and Sandwiches,Buttermilk Crispy Tenders 4 pc,500,1390,25,1,39
102,Chicken and Sandwiches,Buttermilk Crispy Tenders 10 pc,1250,3480,63,2,98
103,Chicken and Sandwiches,Signature Sriracha Buttermilk Crispy Chicken on Artisan Roll,470,850,30,1,25
104,Chicken and Sandwiches,Signature Sriracha Artisan Grilled Chicken on Artisan Roll,230,690,10,1,30
105,Chicken and Sandwiches,Buttermilk Crispy Tenders 6 pc,750,2090,38,1,59
106,Chicken and Sandwiches,Buttermilk Crispy Chicken Tenders (20 piece),2500,6950,126,3,195
107,Chicken and Sandwiches,Buttermilk Crispy Chciken Tenders Pressure Fried (4 piece),490,1420,21,1,37
108,Chicken and Sandwiches,Buttermilk Crispy Chicken Tenders Pressure Fried (10 piece),1230,3540,51,1,91
109,Chicken and Sandwiches,Buttermilk Crispy Chicken Tenders Pressure Fried (2 piece),250,710,10,0,18
110,Chicken and Sandwiches,Buttermilk Crispy Chicken Tenders Pressure Fried (6 piece),740,2130,31,1,55
111,Chicken and Sandwiches,Buttermilk Crispy Chicken Tenders Pressure Fried (20 piece),2380,7130,112,1,210
112,Chicken and Sandwiches,Ranch Snack Wrap Buttermilk Chicken Tender,360,870,31,2,16
113,Chicken and Sandwiches,Ultimate Chicken Sandwich Flash Finish,530,1390,61,15,31
114,Chicken and Sandwiches,Ultimate Chicken Tenders (4 piece),420,1240,22,2,38
115,Chicken and Sandwiches,Tomato Mozzarella Grilled Chicken Sandwich,530,1380,48,16,42
116,Chicken and Sandwiches,Tomato Mozzarella Crispy Chicken Sandwich,690,1270,67,16,33
117,Breakfast,Fruit ‘n Yogurt Parfait,210,75,40,28,6
118,Breakfast,Steak & Egg Burrito,350,950,38,3,16
119,Breakfast,"Steak, Egg & Cheese Bagel",640,1440,54,7,34
120,Breakfast,Sausage McMuffin with Egg,480,830,30,3,21
121,Breakfast,Hotcakes and Sausage,780,880,103,45,16
122,Breakfast,Southern Style Chicken Biscuit,440,1220,45,4,16
123,Breakfast,Sausage Burrito,300,780,26,2,13
124,Breakfast,Fruit & Maple Oatmeal,310,140,62,33,6
125,Breakfast,Egg McMuffin,300,760,30,3,17
126,Breakfast,"Bacon, Egg & Cheese Biscuit",450,1300,40,3,18
127,Breakfast,Sausage Biscuit,460,1050,36,3,11
128,Breakfast,Sausage Biscuit with Egg,530,1140,38,3,17
129,Breakfast,"Bacon, Egg & Cheese McGriddles",420,1240,45,15,18
130,Breakfast,Sausage McGriddles,430,990,42,15,11
131,Breakfast,"Sausage, Egg & Cheese McGriddles",550,1290,45,15,20
132,Breakfast,"Bacon, Egg & Cheese Bagel with Egg Whites",510,1240,53,7,25
133,Breakfast,Big Breakfast,750,1490,53,3,25
134,Breakfast,Big Breakfast with Hotcakes,1340,2090,155,48,35
135,Breakfast,Cinnamon Melts,460,370,66,32,6
136,Breakfast,Hotcakes,590,600,102,45,9
137,Breakfast,Egg White Delight,260,780,29,3,16
138,Breakfast,Hash Browns,150,320,16,0,1
139,Breakfast,"Bacon, Egg & Cheese Scratch Biscuit",480,1310,43,4,19
140,Breakfast,Sausage Scratch Biscuit,490,1070,39,3,12
141,Breakfast,Sausage Scratch Biscuit with Egg,50,1160,41,4,18
142,Breakfast,Southern Style Chicken Scratch Biscuit,460,1240,48,5,16
143,Breakfast,Sausage McMuffin with Egg Whites,460,770,29,2,22
144,Breakfast,"Bacon, Egg & Cheese McGriddles with Egg Whites",380,1230,44,15,18
145,Breakfast,"Bacon, Egg & Cheese Biscuit with Egg Whites",410,1290,39,3,18
146,Breakfast,Big Breakfast with Egg Whites,670,1540,52,3,24
147,Breakfast,Fruit & Maple Oatmeal without Brown Sugar,260,115,49,18,6
148,Breakfast,Sausage Biscuit with Egg Whites,490,1140,36,3,17
149,Breakfast,"Sausage, Egg & Cheese McGriddles with Egg Whites",510,1270,44,15,19
150,Breakfast,"Bacon, Egg & Cheese Bagel",550,1270,54,7,26
151,Breakfast,"Steak, Egg & Cheese McMuffin",440,960,31,3,28
152,Breakfast,Sausage McMuffin,400,760,290,3,14
153,Breakfast,Biscuit and Sausage Gravy,440,1210,43,3,9
154,Breakfast,Chorizo Burrito,310,820,28,23,16
155,Breakfast,Chicken McGriddles,390,1000,51,14,14
156,Breakfast,Egg and Cheese Bagel,480,1030,53,7,20
157,Breakfast,Blueberry Muffin Main Street Gourmet,400,340,60,34,7
158,Breakfast,Big Breakfast 2 Bacon Hotcakes Scrambled Egg and Biscuit,1290,2300,156,48,39
159,Breakfast,Bacon and White Cheddar Cheese McMuffin,350,770,30,3,20
160,Breakfast,Steak Egg and Cheese McGriddles,510,1410,46,16,27
161,Breakfast,Apple Chinnamon Muffin,300,520,61,30,7
162,Breakfast,Sausage Egg and Cheese Bagel,680,1320,53,7,27
163,Breakfast,Big Breakfast Sausage Scrambled with Hotcakes and Muffin,1240,1600,146,47,35
164,Breakfast,Double Sausage McMuffin with Egg and Cheese,670,1100,30,3,28
165,Breakfast,Cranberry Orange Muffin,380,430,70,35,6
166,Breakfast,Spam Eggs and Rice,480,780,36,1,24
167,Breakfast,Bagel With Cream Cheese,310,570,49,6,10
168,Breakfast,Blueberry Biscuit,230,470,36,11,3
169,Breakfast,Biscuit Sausage Egg and Cheese,580,1340,39,3,20
170,Breakfast,Big Breakfast Sausage and English Muffin,640,990,44,2,26
171,Breakfast,McChicken Biscuit,430,1060,45,2,14
172,Breakfast,Biscuit Sausage Gravy Platter,890,2410,87,6,19
173,Breakfast,Cinnamon Sweet Cheese Pastry,150,160,16,7,3
174,Breakfast,Raspberry Pastry,110,105,14,4,2
175,Breakfast,Bacon Biscuit,340,1010,36,3,10
176,Breakfast,Bagel Plain,250,480,48,5,9
177,Breakfast,Country Ham Biscuit,340,1600,36,2,15
178,Breakfast,Big Breakfast Steak Hotcakes Scrambled with Biscuit,1290,2190,155,47,40
179,Breakfast,Berry Bran Muffin,410,480,62,28,7
180,Breakfast,Grits,140,75,19,0,2
181,Breakfast,Local Deluxe Breakfast,900,1340,82,2,38
182,Breakfast,Double Chocolate Muffin,450,600,74,42,8
183,Breakfast,Blueberry Muffin,450,360,67,32,7
184,Breakfast,Cinnamon Coffee Cake,160,125,22,13,2
185,Breakfast,Big Breakfast Bacon Scrambled and Biscuit,690,1690,54,3,30
186,Breakfast,Biscuit Sausage and Cheese,510,1250,38,3,14
187,Breakfast,Spam Side Order,190,660,1,1,8
188,Breakfast,Portuguese Sausage Eggs and Rice,520,690,37,2,26
189,Breakfast,Fruit and Maple Oatmeal with Maple Sugar Packet,270,115,53,22,7
190,Breakfast,Egg and Chorizo Breakfast Bowl,460,1060,23,2,27
191,Breakfast,Hot N Spicy McChicken Biscuit,430,1070,46,2,14
192,Breakfast,Big Breakfast Steak Scrambled with Biscuit,720,1620,54,3,32
193,Breakfast,McGriddles Spam,450,1320,45,15,17
194,Breakfast,Green Chile Bacon Burrito,690,1640,66,5,29
195,Breakfast,Green Chile Sausage,820,1680,66,5,30
196,Breakfast,Scratch Biscuit and Gravy,470,1290,47,4,10
197,Breakfast,Biscuit Scratch Sausage and Cheese,540,1270,41,4,14
198,Breakfast,Chocolatine Pastry,160,160,19,6,3
199,Breakfast,Lemon Poppy Seed Muffin Topper,150,120,22,13,2
200,Breakfast,Chocolate Coffee Cake,170,180,21,13,2
201,Breakfast,Blueberry Muffin Topper,160,150,22,12,2
202,Breakfast,Double Chocolate Muffin Topper,170,140,23,14,2
203,Breakfast,Carrot Muffin,440,370,67,35,6
204,Breakfast,Mini Butter Croissant,140,180,16,2,3
205,Breakfast,Turkey Sausage and Tomatillo Scramble Bowl,330,700,6,1,29
206,Breakfast,Cinnamon Sugar Donut Sticks 1/2 Dozen (6 piece),280,260,34,9,6
207,Breakfast,McGriddles French Toast,650,1280,50,24,31
208,Salads,Side Salad,15,15,3,1,1
209,Salads,Premium Bacon Ranch Salad (without chicken),180,500,7,3,14
210,Salads,Premium Southwest Salad (without chicken),160,200,19,4,8
211,Salads,Premium Bacon Ranch Salad with Buttermilk Crispy Chicken,480,1120,27,3,33
212,Salads,Premium Bacon Ranch Salad Grilled Chicken,320,1240,8,3,42
213,Salads,Premium Southwest Salad with Buttermilk Crispy Chicken,520,960,46,9,28
214,Salads,Premium Southwest Salad with Grilled Chicken,350,1070,27,9,37
215,Snacks & Sides,Broccoli Cheese Soup,190,1340,14,3,6
216,Snacks & Sides,Chicken Noodle Soup,110,830,15,1,10
217,Snacks & Sides,Fruit ‘n Yogurt Parfait,210,75,40,28,6
218,Snacks & Sides,Small French Fires,230,160,29,0,3
219,Snacks & Sides,Fruit ‘n Yogurt Parfait with Chobani,120,50,21,15,8
220,Snacks & Sides,Apple Slices,15,0,4,3,0
221,Snacks & Sides,Side Salad,15,15,3,1,1
222,Snacks & Sides,Large French Fries,510,350,66,0,7
223,Snacks & Sides,Kids Fries,110,80,15,0,1
224,Snacks & Sides,Ranch Snack Wrap (Buttermilk Crispy),380,830,34,2,16
225,Snacks & Sides,Ranch Snack Wrap (Grilled),300,890,25,2,21
226,Snacks & Sides,Mac Snack Wrap,340,660,26,2,15
227,Snacks & Sides,Go-GURT Strawberry Flavored Low Fat Yogurt Tube,45,30,7,5,2
228,Snacks & Sides,Mozzarella Sticks (3 piece),190,460,18,1,8
229,Snacks & Sides,Basket of Fries,670,460,87,1,8
230,Snacks & Sides,Pineapple Side,60,0,15,11,1
231,Snacks & Sides,Popcorn (large),500,1250,45,0,6
232,Snacks & Sides,Medium French Fries,340,230,44,0,4
233,Snacks & Sides,Portuguese Sausage Side Order,220,570,2,1,10
234,Snacks & Sides,Saimin,240,610,45,2,10
235,Snacks & Sides,Popcorn (small),230,580,21,0,3
236,Snacks & Sides,McCheddar Potato Bites (8 piece),270,710,31,2,6
237,Snacks & Sides,Gourmet Twist Hot Pretzel with Butter Salt,450,960,85,3,12
238,Snacks & Sides,Plain Gourmet Pretzel Twist,440,460,85,3,12
239,Snacks & Sides,Gourmet Twist Hot Pretzel with Butter,450,460,85,3,12
240,Snacks & Sides,Gilroy Garlic Fries (Large),550,530,67,0,10
241,Snacks & Sides,Fruit ‘N Yogurt Parfait (Large),300,95,58,45,8
242,Snacks & Sides,Cheese Curds,440,970,18,1,24
243,Snacks & Sides,Minute Made Fruit Punch Slushie (Large),300,25,80,78,0
244,Snacks & Sides,Minute Maide Fruit Punch Slushie (Medium),210,20,58,56,0
245,Snacks & Sides,Cinnamon Sugar Donut Sticks 1/2 Dozen (6 piece),280,260,34,9,6
246,Snacks & Sides,Cinnamon Sugar Donut Sticks Dozen (12 piece),560,520,68,18,12
247,Snacks & Sides,French Fires (Large) Compostable Packaging,470,330,61,0,6
248,Snacks & Sides,French Fires (Medium) Compostable Packaging,380,260,49,0,5
249,Snacks & Sides,Hot Caramel Sundae Compostable Packaging,340,140,54,38,7
250,Snacks & Sides,Strawberry Sundae Compostable Packaging,270,75,43,38,6
251,Snacks & Sides,Minute Maid Blue Raspberry Slushie (Large),340,25,92,89,0
252,Snacks & Sides,Minute Maid Blue Raspberry Slushie (Small),190,15,51,50,0
253,Snacks & Sides,Minute Maid Blue Raspberry Slushie (Medium),240,20,66,64,0
254,Snacks & Sides,Cheesy Bacon Fries,560,1270,53,5,15
255,Snacks & Sides,Minute Maid Swet Peach Slushie (Medium),230,20,62,60,0
256,Snacks & Sides,Minute Maid Swet Peach Slushie (Small),180,15,48,47,0
257,Snacks & Sides,Minute Maid Swet Peach Slushie (Large),320,30,87,84,0
258,Snacks & Sides,Chocolate Marshmellow Sauce,80,60,16,14,1
259,Beverages,Coca-Cola Zero Sugar (Large),0,75,0,0,0
260,Beverages,Minute Maide Lemonade (Extra Small),30,15,9,8,0
261,Beverages,Chocolate Shake (Small),530,260,87,74,12
262,Beverages,Vanilla Shake (Small),490,230,79,59,11
263,Beverages,Strawberry Shake (Small),500,190,80,71,12
264,Beverages,Egg Nog Shake (Small),450,160,74,63,10
265,Beverages,Hot Chocolate (Small),430,210,56,52,14
266,Beverages,Coca-Cola Zero Sugar (Extra Small),0,30,0,0,0
267,Beverages,Coca-Cola Zero Sugar (Medium),0,55,0,0,0
268,Beverages,Coca-Cola Zero Sugar (Small),0,40,0,0,0
269,Beverages,Iced Coffee (Large),260,90,45,42,3
270,Beverages,Iced Coffee (Medium),180,65,30,28,2
271,Beverages,Fat Free Chocolate Milk Jug,130,135,23,22,9
272,Beverages,Dasani Water,0,0,0,0,0
273,Beverages,1% Low Fat Milk Jug,100,125,12,12,8
274,Beverages,Coca-Cola (Small),150,40,39,39,0
275,Beverages,Diet Coke (Small),0,10,0,0,0
276,Beverages,Dr Pepper (Small),140,50,38,37,0
277,Beverages,Diet Dr Pepper (Small),0,25,0,0,0
278,Beverages,Sprite (Small),140,70,35,35,0
279,Beverages,Iced Tea (Small),0,10,0,0,0
280,Beverages,Sweet Tea (Small),90,15,21,21,0
281,Beverages,POWERADE Mountain Berry Blast (Small),25,25,6,6,0
282,Beverages,Sweet Tea (Medium),110,20,28,28,0
283,Beverages,Coca-Cola (Extra Small),110,35,31,31,0
284,Beverages,Coca-Cola (Large),290,85,80,80,0
285,Beverages,Coca-Cola (Medium),220,55,59,59,0
286,Beverages,Diet Coke (Extra Small),0,10,0,0,0
287,Beverages,Diet Coke (Large),0,20,0,0,0
288,Beverages,Diet Coke (Medium),0,15,0,0,0
289,Beverages,Diet Dr Pepper (Extra Small),0,15,0,0,0
290,Beverages,Diet Dr Pepper (Large),0,45,0,0,0
291,Beverages,Diet Dr Pepper (Medium),0,35,0,0,0
292,Beverages,Dr Pepper (Extra Small),100,35,27,27,0
293,Beverages,Dr Pepper (Large),280,90,75,73,0
294,Beverages,Dr Pepper (Medium),200,65,54,53,0
295,Beverages,Iced Tea (Extra Small),0,10,0,0,0
296,Beverages,Iced Tea (Large),5,20,0,0,1
297,Beverages,Iced Tea (Medium),0,15,0,0,1
298,Beverages,Minute Maid Orange Juice (Large),280,5,65,58,4
299,Beverages,POWERADE Mountain Berry Blast (Extra Small),20,20,5,5,0
300,Beverages,POWERADE Mountain Berry Blast (Large),45,50,12,12,0
301,Beverages,POWERADE Mountain Berry Blast (Medium),35,35,9,9,0
302,Beverages,Sprite (Extra Small),90,50,27,27,0
303,Beverages,Sprite (Large),230,130,69,69,0
304,Beverages,Sprite (Medium),170,95,51,51,0
305,Beverages,Sweet Tea (Extra Large),60,10,15,15,0
306,Beverages,Sweet Tea (Large),160,25,38,38,1
307,Beverages,Red Flash (Extra Small),35,10,9,9,0
308,Beverages,Red Flash (Small),45,10,12,12,0
309,Beverages,Red Flash (Medium),70,15,17,17,0
310,Beverages,Red Flash (Large),90,20,23,23,0
311,Beverages,Iced Classic Lemonade (Small),100,10,25,21,0
312,Beverages,Iced Classic Lemonade (Medium),130,15,32,28,0
313,Beverages,Iced Classic Lemonade (Large),170,15,43,37,1
314,Beverages,Iced Strawberry Lemonade (Small),120,10,33,28,1
315,Beverages,Iced Strawberry Lemonade (Medium),160,15,43,37,1
316,Beverages,Iced Strawberry Lemonade (Large),220,20,57,50,1
317,Beverages,Fanta Grape (Medium),70,15,19,19,0
318,Beverages,Fanta Grape (Medium) No Ice,90,20,23,23,0
319,Beverages,Sprite Zero (Extra Small) No Ice,0,10,0,0,0
320,Beverages,Sprite Zero (Extra Small),0,10,0,0,0
321,Beverages,Vitamin Water XXX Zero (Small),0,10,0,0,0
322,Beverages,Blue Raspberry ICEE,130,60,34,34,0
323,Beverages,Orange Crush (Large),310,95,84,83,0
324,Beverages,DO NOT USE Fanta Orange (Large) No Ice,410,90,112,110,0
325,Beverages,Dr Pepper (Medium) No Ice,70,20,19,19,0
326,Beverages,Diet Coke (Large) No Ice,0,125,0,0,0
327,Beverages,Orange Crush (Extra Small) No Ice,160,45,44,43,0
328,Beverages,Orange Crush (Extra Small),110,35,31,30,0
329,Beverages,Diet Dr Pepper (Large) No Ice,0,50,0,0,0
330,Beverages,Barq’s Root Beer (Large) No Ice,120,25,33,33,0
331,Beverages,Barq’s Root Beer (Large),90,20,25,25,0
332,Beverages,Fanta Strawberry (Small) No Ice,230,70,60,59,0
333,Beverages,Fanta Strawberry (Small),50,10,14,14,0
334,Beverages,Caffeine Free Diet Coke (Large),0,20,0,0,0
335,Beverages,Dr Pepper (Large) No Ice,100,25,28,27,0
336,Beverages,Caffeine Free Diet Coke (Large) No Ice,0,25,0,0,0
337,Beverages,Sprite (Large) No Ice,370,170,97,95,0
338,Beverages,Minute Maid Lemonade (Small),40,25,12,11,0
339,Beverages,Minute Maid Lemonade (Small) No Ice,60,30,16,15,0
340,Beverages,Minute Maid Light Lemonade (Small),0,10,1,0,0
341,Beverages,Minute Maid Light Lemonade (Small) No Ice,0,15,1,0,0
342,Beverages,Minute Maid Orange Juice (Small),150,0,36,32,2
343,Beverages,Barq’s Root Beer (Small) No Ice,60,15,18,18,0
344,Beverages,Barq’s Root Beer (Small),50,10,13,13,0
345,Beverages,Fanta Grape (Large) No Ice,120,25,33,33,0
346,Beverages,Fanta Grape (Large),100,20,25,25,0
347,Beverages,Vitamin Water XXX Zero (Extra Small),0,10,0,0,0
348,Beverages,Fanta Grape (Small),50,10,13,13,0
349,Beverages,Fanta Grape (Small) No Ice,230,70,59,58,0
350,Beverages,Red Flash (Large) No Ice,110,25,31,31,0
351,Beverages,Coca-Cola Zero Sugar (Extra Small) No Ice,0,40,0,0,0
352,Beverages,Sprite Zero (Large),0,20,0,0,0
353,Beverages,Sprite Zero (Large) No Ice,0,25,0,0,0
354,Beverages,Vitamin Water XXX Zero (Medium),0,15,0,0,0
355,Beverages,FUZE Raspberry Tea (Small) No Ice,35,15,9,9,0
356,Beverages,FUZE Raspberry Tea (Small),25,10,7,7,0
357,Beverages,Red Flash (Extra Small) No Ice,45,10,12,12,0
358,Beverages,Diet Coke (Small) No Ice,0,65,0,0,0
359,Beverages,Minute Maid Strawberry Punch (Small) No Ice,120,70,57,56,0
360,Beverages,Minute Maid Strawberry Punch (Small),160,15,43,43,0
361,Beverages,Coca-Cola Zero Sugar (Large) No Ice,0,100,0,0,0
362,Beverages,Coca-Cola (Medium) No Ice,80,20,21,21,0
363,Beverages,Diet Dr Pepper (Medium) No Ice,0,35,0,0,0
364,Beverages,Dr Pepper (Small) No Ice,50,15,15,14,0
365,Beverages,Minute Maid Strawberry Punch (Medium) No Ice,280,90,75,73,0
366,Beverages,Minute Maid Strawberry Punch (Medium),230,20,62,62,0
367,Beverages,Minute Maid Lemonade (Large) No Ice,110,55,29,28,0
368,Beverages,Minute Maid Lemonade (Large),80,45,22,21,0
369,Beverages,Orange Crush (Small),160,50,43,42,0
370,Beverages,Orange Crush (Small) No Ice,220,65,59,58,0
371,Beverages,Fanta Strawberry (Extra Small),35,10,10,10,0
372,Beverages,Fanta Strawberry (Extra Small) No Ice,170,55,45,44,0
373,Beverages,Sprite (Medium) No Ice,260,120,68,67,0
374,Beverages,Blue Raspberry ICEE (Medium),170,80,44,44,0
375,Beverages,Minute Maid Orange Juice (Medium),200,0,45,41,3
376,Beverages,Minute Maid Light Lemonade (Medium),0,15,1,0,0
377,Beverages,Minute Maid Light Lemonade (Medium) No Ice,0,20,1,0,0
378,Beverages,POWERADE Mountain Berry Blast (Medium) No Ice,45,45,11,11,0
379,Beverages,Fanta Grape (Extra Small),35,10,10,10,0
380,Beverages,Fanta Grape (Extra Small) No Ice,170,55,44,43,0
381,Beverages,Coke ICEE (Medium),170,70,47,47,0
382,Beverages,Coca-Cola (Large) No Ice,110,25,30,30,0
383,Beverages,Diet Dr Pepper (Small) No Ice,0,25,0,0,0
384,Beverages,FUZE Raspberry Tea (Extra Small),20,10,5,5,0
385,Beverages,FUZE Raspberry Tea (Extra Small) No Ice,25,10,7,7,0
386,Beverages,Wild Cherry ICEE (Small),130,60,34,34,0
387,Beverages,Minute Maid Lemonade (Medium) No Ice,70,40,20,19,0
388,Beverages,Minute Maid Lemonade (Medium),60,30,17,16,0
389,Beverages,Iced Tea (Gallon),40,75,0,0,5
390,Beverages,Minute Maid Strawberry Punch (Large) No Ice,400,125,108,104,0
391,Beverages,Minute Maid Strawberry Punch (Large),320,30,85,85,0
392,Beverages,1% Low Fat Milk Jug California,130,160,16,15,11
393,Beverages,POWERADE Mountain Berry Blast (Extra Small) No Ice,25,25,6,6,0
394,Beverages,Mello Yello (Extra Small),35,10,9,9,0
395,Beverages,Mello Yello (Extra Small) No Ice,45,10,12,12,0
396,Beverages,Fanta Fruit Punch (Large) No Ice,110,25,33,33,0
397,Beverages,Fanta Fruit Punch (Large),90,20,25,25,0
398,Beverages,Mello Yello (Small),45,10,12,12,0
399,Beverages,Mello Yello (Small) No Ice,60,15,17,17,0
400,Beverages,Fanta Fruit Punch (Small) No Ice,60,15,18,18,0
401,Beverages,Fanta Fruit Punch (Small),45,10,13,13,0
402,Beverages,Red Flash (Small) No Ice,60,15,16,16,0
403,Beverages,Mello Yello (Medium) No Ice,80,20,22,22,0
404,Beverages,Mello Yello (Medium),70,15,18,18,0
405,Beverages,Minute Maid Fruit Punch (Extra Small) No Ice,160,50,43,42,0
406,Beverages,Minute Maid Strawberry Punch (Extra Small),120,10,31,31,0
407,Beverages,Fanta Fruit Punch (Extra Small) No Ice,45,10,13,13,0
408,Beverages,Diet Coke (Extra Small) No Ice,0,50,0,0,0
409,Beverages,Fanta Fruit Punch (Extra Small),35,10,10,10,0
410,Beverages,Fanta Strawberry (Medium) No Ice,300,95,78,77,0
411,Beverages,Fanta Strawberry (Medium),70,15,19,19,0
412,Beverages,Caffeine Free Diet Coke (Small),0,10,0,0,0
413,Beverages,Caffeine Free Diet Coke (Small) No Ice,0,15,0,0,0
414,Beverages,Coke ICEE (Small),130,55,35,35,0
415,Beverages,Fanta Fruit Punch (Medium),70,15,19,19,0
416,Beverages,Fanta Fruit Punch (Medium) No Ice,80,20,23,23,0
417,Beverages,Sprite Zero (Medium) No Ice,0,20,0,0,0
418,Beverages,Sprite Zero (Medium),180,80,45,45,0
419,Beverages,POWERADE Mountain Berry Blast (Large) No Ice,60,65,16,16,0
420,Beverages,Sprite Zero (Small) No Ice,0,15,0,0,0
421,Beverages,Sprite Zero (Small),0,10,0,0,0
422,Beverages,Fanta Strawberry (Large) No Ice,430,135,112,110,0
423,Beverages,Fanta Strawberry (Large),90,20,26,26,0
424,Beverages,Barq’s Root Beer (Medium),70,15,19,19,0
425,Beverages,Barq’s Root Beer (Medium) No Ice,90,20,23,23,0
426,Beverages,Wild Cherry ICEE (Medium),180,80,45,45,0
427,Beverages,Vitamin Water XXX Zero (Large),0,20,0,1,0
428,Beverages,Diet Dr Pepper (Extra Small) No Ice,0,20,0,0,0
429,Beverages,Orange Crush (Medium) No Ice,290,80,77,76,0
430,Beverages,Orange Crush (Medium),230,70,61,60,0
431,Beverages,Coca-Cola (Extra Small) No Ice,45,10,12,12,0
432,Beverages,FUZE Raspberry Tea (Medium),35,15,10,10,0
433,Beverages,FUZE Raspberry Tea (Medium) No Ice,45,20,12,12,0
434,Beverages,POWERADE Mountain Berry Blast (Small) No Ice,35,35,9,9,0
435,Beverages,Sprite (Extra Small) No Ice,150,70,39,38,0
436,Beverages,Coca-Cola Zero Sugar (Small) No Ice,0,55,0,0,0
437,Beverages,Red Flash (Medium) No Ice,80,20,21,21,0
438,Beverages,Minute Maid Light Lemonade (Extra Small),0,10,0,0,0
439,Beverages,Minute Maid Light Lemonade (Extra Small) No Ice,0,10,1,0,0
440,Beverages,Dr Pepper (Extra Small) No Ice,40,10,11,11,0
441,Beverages,Coca-Cola Zero Sugar (Medium) No Ice,0,70,0,0,0
442,Beverages,Coca-Cola (Small) No Ice,60,15,16,16,0
443,Beverages,Caffeine Free Diet Coke (Extra Small),0,10,0,0,0
444,Beverages,Caffeine Free Diet Coke (Extra Small) No Ice,0,10,0,0,0
445,Beverages,Minute Maid Light Lemonade (Large),0,20,1,0,0
446,Beverages,Minute Maid Light Lemonade (Large) No Ice,0,25,1,0,0
447,Beverages,Caffeine Free Diet Coke (Medium),0,15,0,0,0
448,Beverages,Caffeine Free Diet Coke (Medium) No Ice,0,20,0,0,0
449,Beverages,FUZE Raspberry Tea (Large) No Ice,60,25,17,17,0
450,Beverages,FUZE Raspberry Tea (Large),50,20,13,13,0
451,Beverages,Sprite (Small) No Ice,200,90,51,51,0
452,Beverages,Mello Yello (Large) No Ice,120,25,31,31,0
453,Beverages,Mello Yello (Large),90,20,24,24,0
454,Beverages,Barq’s Root Beer (Extra Small),35,15,10,10,0
455,Beverages,Barq’s Root Beer (Extra Small) No Ice,50,10,13,13,0
456,Beverages,Minute Maid Orange Juice (Value),110,0,27,24,2
457,Beverages,Diet Coke (Medium) No Ice,0,20,0,0,0
458,Beverages,Coke ICEE (Large),240,100,67,67,0
459,Beverages,Wild Cherry ICEE (Large),250,115,64,64,0
460,Beverages,Blue Raspberry ICEE (Large),240,115,63,63,0
461,Beverages,Vernor’s Ginger Ale (Medium),60,20,15,15,0
462,Beverages,Vernor’s Ginger Ale (Medium) No Ice,70,25,19,19,0
463,Beverages,Vernor’s Ginger Ale (Extra Small) No Ice,40,15,11,11,0
464,Beverages,Vernor’s Ginger Ale (Extra Small),30,10,8,8,0
465,Beverages,Vernor’s Ginger Ale (Small),40,15,11,11,0
466,Beverages,Vernor’s Ginger Ale (Small) No Ice,50,20,15,15,0
467,Beverages,Vernor’s Ginger Ale (Large),80,30,21,21,0
468,Beverages,Vernor’s Ginger Ale (Large) No Ice,100,35,28,27,0
469,Beverages,Frozen Fanta Blue Raspberry (Medium),130,60,34,34,0
470,Beverages,Frozen Fanta Blue Raspberry (Small),90,45,25,25,0
471,Beverages,Frozen Fanta Blue Raspberry (Large),170,85,46,46,0
472,Beverages,Hot Tea (Large),5,15,2,0,0
473,Beverages,Hot Tea (Small),0,10,1,0,0
474,Beverages,Southern Style Sweet Tea (Extra Small),80,10,20,20,0
475,Beverages,Sweet Tea (Extra Small) No Ice,110,10,28,28,0
476,Beverages,Southern Style Sweet Tea (Small),110,15,27,27,0
477,Beverages,Southern Style Sweet Tea (Large),200,30,50,50,1
478,Beverages,Southern Style Sweet Tea (Medium),150,20,36,36,0
479,Beverages,Sweet Tea (Small) No Ice,170,15,42,42,1
480,Beverages,Sweet Tea (Medium) No Ice,200,20,49,49,1
481,Beverages,Southern Style Sweet Tea (Gallon),2110,140,521,521,4
482,Beverages,Cherry Coca-Cola (Medium),230,60,59,59,0
483,Beverages,Cherry Coca-Cola (Extra Small) No Ice,160,40,42,42,0
484,Beverages,Cherry Coca-Cola (Extra Small),120,30,31,31,0
485,Beverages,Cherry Coca-Cola (Medium) No Ice,280,70,73,73,0
486,Beverages,Cherry Coca-Cola (Small) No Ice,210,55,56,56,0
487,Beverages,Cherry Coca-Cola (Small),160,40,42,42,0
488,Beverages,Cherry Coca-Cola (Large) No Ice,400,105,105,105,0
489,Beverages,Cherry Coca-Cola (Large),310,80,80,80,0
490,Beverages,Mr. Pibb Xtra (Large),290,45,79,79,0
491,Beverages,Mr. Pibb Xtra (Large) No Ice,350,50,94,94,0
492,Beverages,Mr. Pibb Xtra (Extra Small),120,20,32,32,0
493,Beverages,Mr. Pibb Xtra (Small),170,25,45,45,0
494,Beverages,Mr. Pibb Xtra (Small) No Ice,210,30,57,57,0
495,Beverages,Mr. Pibb Xtra (Medium),210,35,58,58,0
496,Beverages,Mr. Pibb Xtra (Medium) No Ice,250,35,67,67,0
497,Beverages,Frozen Fanta Wild Cherry (Small),90,45,24,24,0
498,Beverages,Frozen Fanta Wild Cherry (Medium),130,60,34,34,0
499,Beverages,Frozen Fanta Wild Cherry (Large),170,80,45,45,0
500,Beverages,Pepsi (Extra Small),30,10,8,8,0
501,Beverages,Diet Pepsi (Extra Small),0,15,0,0,0
502,Beverages,Mist Twist (Extra Small),30,10,8,8,0
503,Beverages,Diet Pepsi (Large) No Ice,0,40,0,0,0
504,Beverages,Pepsi (Medium),60,15,16,16,0
505,Beverages,Pepsi (Medium) No Ice,80,15,21,20,0
506,Beverages,Diet Pepsi (Small) No Ice,0,20,0,0,0
507,Beverages,Diet Pepsi (Small),0,20,0,0,0
508,Beverages,Pepsi (Large) No Ice,45,10,12,12,0
509,Beverages,Diet Pepsi (Medium) No Ice,0,30,0,0,0
510,Beverages,Pepsi (Small),40,10,11,11,0
511,Beverages,Diet Pepsi (Medium),0,80,0,0,0
512,Beverages,Pepsi (Small) No Ice,60,10,16,16,0
513,Beverages,Pepsi (Extra Small) No Ice,150,30,41,41,0
514,Beverages,Diet Pepsi (Extra Small) No Ice,0,15,0,0,0
515,Beverages,Mist Twist (Medium),60,15,16,16,0
516,Beverages,Mist Twist (Medium) No Ice,80,15,20,20,0
517,Beverages,Mist Twist (Large) No Ice,110,25,29,29,0
518,Beverages,Mist Twist (Large),80,20,22,22,0
519,Beverages,Mist Twist (Small),40,10,11,11,0
520,Beverages,Mist Twist (Small) No Ice,60,10,15,15,0
521,Beverages,Mist Twist (Extra Small) No Ice,45,10,11,11,0
522,Beverages,Tropicana Pink Lemonade (Large) No Ice,110,110,28,28,0
523,Beverages,Tropicana Pink Lemonade (Medium) No Ice,270,270,70,70,0
524,Beverages,Tropicana Pink Lemonade (Medium),220,220,56,56,0
525,Beverages,Tropicana Pink Lemonade (Large),300,300,77,77,0
526,Beverages,Tropicana Pink Lemonade (Small),150,150,39,39,0
527,Beverages,Tropicana Pink Lemonade (Small) No Ice,60,60,15,15,0
528,Beverages,Vitamin Water XXX Zero (Medium) No Ice,0,15,0,0,0
529,Beverages,Southern Style Sweet Tea (Extra Small) No Ice,150,10,37,37,0
530,Beverages,Vitamin Water XXX Zero (Small) No Ice,0,15,0,0,0
531,Beverages,Southern Style Sweet Tea (Small) No Ice,230,15,56,56,1
532,Beverages,Southern Style Sweet Tea (Medium) No Ice,270,20,66,66,1
533,Beverages,Vitamin Water XXX Tea (Medium) No Ice,0,25,0,1,0
534,Beverages,Sweet Tea (Large) No Ice,560,35,141,141,0
535,Beverages,Vitamin Water XXX Zero (Extra Small) No Ice,0,10,0,0,0
536,Beverages,Minute Maid Lemonade (Extra Small) No Ice,40,25,12,11,0
537,Beverages,Mountain Dew (Medium),60,25,17,17,0
538,Beverages,Mountain Dew (Medium) No Ice,80,25,22,22,0
539,Beverages,Mountain Dew (Large) No Ice,120,35,31,31,0
540,Beverages,Mountain Dew (Large),90,30,24,24,0
541,Beverages,Mountain Dew (Extra Small),110,40,31,31,0
542,Beverages,Mountain Dew (Extra Small) No Ice,160,50,44,44,0
543,Beverages,Mountain Dew (Small),45,15,12,12,0
544,Beverages,Mountain Dew (Small) No Ice,220,70,59,58,0
545,Beverages,Hawaiian Punch Fruit Juicy Red (Medium),240,75,64,63,0
546,Beverages,Hawaiian Punch Fruit Juicy Red (Medium) No Ice,300,95,79,78,0
547,Beverages,Diet Pepsi (Large),0,35,0,0,0
548,Beverages,Tropicana Pink Lemonade (Extra Small) No Ice,150,160,40,40,0
549,Beverages,Tropicana Pink Lemonade (Extra Small),30,30,8,8,0
550,Beverages,Hawaiian Punch Fruit Juicy Red (Large),320,105,86,85,0
551,Beverages,Hawaiian Punch Fruit Juicy Red (Large) No Ice,420,135,113,111,0
552,Beverages,Hawaiian Punch Fruit Juicy Red (Extra Small),120,40,32,31,0
553,Beverages,Hawaiian Punch Fruit Juicy Red (Extra Small) No Ice,170,55,45,44,0
554,Beverages,Hawaiian Punch Fruit Juicy Red (Small),160,50,44,43,0
555,Beverages,Hawaiian Punch Fruit Juicy Red (Small) No Ice,230,70,60,59,0
556,Beverages,Barq’s Caffeine Free Root Beer (Medium) No Ice,290,120,76,76,0
557,Beverages,Barq’s Caffeine Free Root Beer (Medium),70,25,19,19,0
558,Beverages,Barq’s Caffeine Free Root Beer (Small),50,15,13,13,0
559,Beverages,Barq’s Caffeine Free Root Beer (Small) No Ice,220,90,58,58,0
560,Beverages,Barq’s Caffeine Free Root Beer (Large),90,35,25,25,0
561,Beverages,Barq’s Caffeine Free Root Beer (Large) No Ice,420,170,109,108,0
562,Beverages,Barq’s Caffeine Free Root Beer (Extra Small),35,15,10,10,0
563,Beverages,Barq’s Caffeine Free Root Beer (Extra Small),170,70,44,43,0
564,Beverages,DO NOT USE Fanta Orange (Small) No Ice,220,55,58,57,0
565,Beverages,DO NOT USE Fanta Orange (Extra Small) No Ice,170,40,44,43,0
566,Beverages,Minute Maid Fruit Punch Slushie (Large),300,25,80,78,0
567,Beverages,Minute Maid Fruit Punch Slushie (Medium),210,20,58,56,0
568,Beverages,Minute Maid Fruit Punch Slushie (Small),170,15,45,44,0
569,Beverages,Hot Tea (Medium),0,10,1,0,0
570,Beverages,Fanta® Orange (Small),150,40,39,38,0
571,Beverages,MIX by Sprite™ Tropic Berry (Large),260,150,69,70,0
572,Beverages,MIX by Sprite™ Tropic Berry (Large) No Ice,100,50,26,26,0
573,Beverages,MIX by Sprite™ Tropic Berry (Small),130,40,36,35,0
574,Beverages,MIX by Sprite™ Tropic Berry (Small) No Ice,50,25,14,14,0
575,Beverages,MIX by Sprite™ Tropic Berry (Extra Small),100,60,27,27,0
576,Beverages,MIX by Sprite™ Tropic Berry (Extra Small) No Ice,40,20,10,10,0
577,Beverages,MIX by Sprite™ Tropic Berry (Medium),190,110,51,52,0
578,Beverages,MIX by Sprite™ Tropic Berry (Medium) No Ice,70,35,18,18,0
579,Beverages,Honest Kids Appley Ever After (Box 6 fl oz Drink Box),35,10,9,8,0
580,Beverages,Minute Maid Blue Raspberry Slushie (Large),340,25,92,89,0
581,Beverages,Minute Maid Blue Raspberry Slushie (Small),190,15,51,50,0
582,Beverages,Minute Maid Blue Raspberry Slushie (Medium),240,20,66,64,0
583,Beverages,Orange Crush (Large) No Ice,120,35,31,31,0
584,Beverages,Minute Maid Sweet Peach Slushie (Medium),230,20,62,60,0
585,Beverages,Minute Maid Sweet Peach Slushie (Small),180,15,48,47,0
586,Beverages,Minute Maid Sweet Peach Slushie (Large),320,30,87,84,0
587,McCafé,Mocha (Small),340,140,49,45,9
588,McCafé,Coffee (Small),0,20,1,0,2
589,McCafé,Iced Latte (Small),90,65,7,7,4
590,McCafé,Iced Coffee (Small),140,50,24,22,2
591,McCafé,Mocha Caramel (Small),310,230,44,40,9
592,McCafé,Frappe Mocha (Small),420,120,60,54,7
593,McCafé,Frappe Caramel (Small),420,125,60,55,7
594,McCafé,Strawberry Banana (Small),190,40,44,39,2
595,McCafé,Mango Pineapple Smoothie (Small),200,35,45,42,2
596,McCafé,Hot Chocolate (Small),430,210,56,52,14
597,McCafé,Caramel Cappuccino (Small),210,300,35,32,6
598,McCafé,Vanilla Cappuccino (Small),190,70,30,29,6
599,McCafé,Iced Caramel Latte (Small),180,250,28,26,6
600,McCafé,Iced French Vanilla Latte (Small),190,85,28,26,7
601,McCafé,Latte (Small),160,115,13,12,8
602,McCafé,Iced Mocha (Small),290,120,40,36,7
603,McCafé,Iced Caramel Mocha (Small),280,180,37,32,7
604,McCafé,Cappuccino (Small),120,80,9,9,6
605,McCafé,Mocha Caramel (Medium),380,280,54,49,11
606,McCafé,Mocha Caramel (Large),460,350,64,59,14
607,McCafé,Hot Chocolate (Medium),450,210,63,58,14
608,McCafé,Strawberry Banana Smoothie (Large),330,70,76,68,4
609,McCafé,Iced Coffee Caramel (Small),140,220,23,20,3
610,McCafé,Iced Coffee French Vanilla (Small),120,50,19,17,2
611,McCafé,Iced Coffee (Large),260,90,45,42,3
612,McCafé,Iced Coffee (Medium),180,65,30,28,2
613,McCafé,Hot Chocolate (Large),560,260,76,71,17
614,McCafé,Iced Mocha (Large),400,140,64,58,8
615,McCafé,Iced Mocha (Medium),350,150,50,46,9
616,McCafé,Mocha (Medium),410,180,60,55,12
617,McCafé,Mocha (Large),500,220,72,66,15
618,McCafé,Latte (Medium),190,135,15,15,10
619,McCafé,Latte Caramel (Small),250,330,38,35,8
620,McCafé,Latte French Vanilla (Small),230,100,33,32,8
621,McCafé,Iced Peppermint Mocha (Medium),350,150,49,42,9
622,McCafé,Iced Peppermint Mocha (Large),470,190,69,57,14
623,McCafé,Espresso Americano Coffe (Small),0,10,0,0,0
624,McCafé,Latte Iced (Medium),150,105,12,11,8
625,McCafé,Caramel Macchiato (Small),260,340,41,37,8
626,McCafé,Caramel Macchiato (Large),400,510,61,56,13
627,McCafé,Iced Caramel Macchiato (Medium),250,330,40,36,8
628,McCafé,Caramel Macchiato (Medium),320,420,50,45,10
629,McCafé,Latte Iced (Large),120,90,10,9,6
630,McCafé,Iced Caramel Macchiato (Large),370,490,58,53,11
631,McCafé,Iced Caramel Macchiato (Small),210,260,32,29,6
632,McCafé,Cold Brew Coffee (S),10,10,2,0,1
633,McCafé,Marble Cold Brew Coffee (S),90,75,16,13,2
634,Dessert & Shakes,Baked Hot Apple Pie,240,95,35,16,2
635,Dessert & Shakes,Chocolate Chip Cookie,160,90,22,14,2
636,Dessert & Shakes,Oatmeal Raisin Cookie,140,125,22,11,2
637,Dessert & Shakes,Chocolate Shake (Medium),630,310,104,89,14
638,Dessert & Shakes,Chocolate Shake (Lage),840,420,142,122,19
639,Dessert & Shakes,Vanilla Cone,200,80,32,24,5
640,Dessert & Shakes,Kiddie Cone,45,20,8,6,1
641,Dessert & Shakes,Hot Fudge Sundae,380,180,53,47,10
642,Dessert & Shakes,Hot Caramel Sundae,380,160,61,44,9
643,Dessert & Shakes,Strawberry Sundae,320,95,50,45,8
644,Dessert & Shakes,McFlurry with M&M’S Chocolate Candies,630,200,96,86,13
645,Dessert & Shakes,McFlurry with Oreo Cookies,510,260,80,63,12
646,Dessert & Shakes,Chocolate Shake (Small),530,260,87,74,12
647,Dessert & Shakes,Vanilla Shake (Small),490,230,79,59,11
648,Dessert & Shakes,Strawberry Shake (Small),500,190,80,71,12
649,Dessert & Shakes,Egg Nog Shake (Small),450,160,74,63,10
650,Dessert & Shakes,Strawberry & Crème,290,160,34,13,3
651,Dessert & Shakes,Sugar Cookie,150,115,21,11,2
652,Dessert & Shakes,Shamrock Shake (Small),460,150,74,63,10
653,Dessert & Shakes,McFlurry with M&M’S Chocolate Candies (Snack Size),420,130,64,58,9
654,Dessert & Shakes,McFlurry with Oreo Cookies (Snack Size),340,170,53,42,8
655,Dessert & Shakes,Strawberry Shake (Medium),590,230,95,84,14
656,Dessert & Shakes,Strawberry Shake (Large),800,310,130,115,19
657,Dessert & Shakes,Vanilla Shake (Medium),590,270,96,72,13
658,Dessert & Shakes,Vanilla Shake (Large),800,370,131,99,18
659,Dessert & Shakes,Egg Nog Shake (Medium),560,200,91,78,12
660,Dessert & Shakes,Egg Nog Shake (Large),800,290,132,114,19
661,Dessert & Shakes,Shamrock Shake (Large),560,190,91,78,12
662,Dessert & Shakes,McFlurry with Reese’s Peanut Butter Cup,610,320,84,76,16
663,Dessert & Shakes,Sweet Potato and Creme Pie,290,170,32,13,3
664,Dessert & Shakes,Pumpkin and Creme Pie,280,170,31,13,3
665,Dessert & Shakes,McFlurry with Twix,640,460,107,89,13
666,Dessert & Shakes,McFlurry with Twix (Snack Size),460,380,80,67,13
667,Dessert & Shakes,Twist Cone,160,80,26,18,4
668,Dessert & Shakes,Mint Chocolate Chip Ice Cream (1 scoop),330,90,34,21,5
669,Dessert & Shakes,Fried Coconut (Haupia) Pie,270,220,29,7,2
670,Dessert & Shakes,Chocolate Ice Cream (1 scoop),260,80,30,19,5
671,Dessert & Shakes,Chocolate Cone (Large),320,200,52,38,8
672,Dessert & Shakes,Peaches and Creme Pie,300,150,36,14,3
673,Dessert & Shakes,Plain Sundae,210,85,32,28,6
674,Dessert & Shakes,Waffle Cone Sundae With Fudge Topping,430,210,73,51,9
675,Dessert & Shakes,Udderly Chocolate Ice Cream (1 scoop),320,115,37,26,5
676,Dessert & Shakes,Orange Sherbert (1 scoop),190,35,42,23,2
677,Dessert & Shakes,Vanilla Bean Ice Cream (1 scoop),290,100,30,17,5
678,Dessert & Shakes,Fried Taro Pie,240,120,34,11,2
679,Dessert & Shakes,Marionberry Pie Ice Cream (1 scoop),300,75,33,30,5
680,Dessert & Shakes,Chocolate Cone,170,105,29,19,4
681,Dessert & Shakes,Caramel Butter Pecan Ice Cream (1 scoop),330,125,34,23,5
682,Dessert & Shakes,Guava and Creme Pie,310,150,38,15,3
683,Dessert & Shakes,Vanilla Cone (Large),300,125,48,39,8
684,Dessert & Shakes,Twist Cone (Large),300,160,48,37,8
685,Dessert & Shakes,Coffee Almond Fudge Ice Cream (1 scoop),160,105,32,22,5
686,Dessert & Shakes,Oregon Strawberry Ice Cream (1 scoop no cone),280,90,37,18,5
687,Dessert & Shakes,Turtle Brownie Sundae,620,300,93,70,10
688,Dessert & Shakes,Chocolate Peanut Butter Ice Cream (1 scoop),340,140,35,18,6
689,Dessert & Shakes,McFlurry with Kit Kat (Regular),580,190,85,73,13
690,Dessert & Shakes,Strawberry Shortcake Sundae,390,180,65,54,7
691,Dessert & Shakes,Birthday Cake Dipped Cone,170,70,27,20,5
692,Dessert & Shakes,Bacon Bits,70,320,1,1,7
693,Dessert & Shakes,Cookie Dough Ice Cream (1 scoop),330,125,40,29,5
694,Dessert & Shakes,Cherry and Creme Pie,290,160,35,14,3
695,Dessert & Shakes,Caramel Sundae Waffle Cone,420,190,78,50,8
696,Dessert & Shakes,Hot Fudge Sundae Compostable Packaging,330,160,46,40,8
697,Dessert & Shakes,Cinnamon Coffee Cake Muffin,450,380,67,39,4
698,Dessert & Shakes,Tuxedo Coffee Cake,0,0,0,0,0
699,Dessert & Shakes,Fried Guava Pie,210,140,35,16,2
700,Dessert & Shakes,Mixed Berry and Lemon Creme Pie,290,170,35,13,3
701,Dessert & Shakes,Chocolate Dipped Twist Ice Cream Cone,300,110,41,31,6
702,Dessert & Shakes,Baked Cherry and Creme Pie,290,160,35,14,3
703,Dessert & Shakes,Oreo McFlurry Sandwich,670,350,98,71,12
704,Dessert & Shakes,M&M McFlurry Sandwich,750,320,110,87,13
705,Dessert & Shakes,Hot Caramel Sundae Compostable Packaging,340,140,54,38,7
706,Dessert & Shakes,Strawberry Sundae Compostable Packaging,270,75,43,38,6
707,Dessert & Shakes,Netherland’s McFlurry Stroopwfel (Snack Size),480,230,81,57,9
708,Dessert & Shakes,Netherland’s McFlurry Stroopwafel (Regular),650,310,108,78,13
709,All Day Breakfast,Fruit ‘n Yogurt Parfait,210,75,40,28,6
710,All Day Breakfast,Sausage McMuffin with Egg,480,830,30,3,21
711,All Day Breakfast,Hotcakes and Sausage,780,880,103,45,16
712,All Day Breakfast,Sausage Burrito,300,780,26,2,13
713,All Day Breakfast,Egg McMuffin,300,760,30,3,17
714,All Day Breakfast,"Bacon, Egg & Cheese Biscuit",450,1300,40,3,18
715,All Day Breakfast,Sausage Biscuit,460,1050,36,3,11
716,All Day Breakfast,Sausage Biscuit with Egg,530,1140,38,3,17
717,All Day Breakfast,"Bacon, Egg & Cheese McGriddles",420,1240,45,15,18
718,All Day Breakfast,Sausage McGriddles,430,990,42,15,11
719,All Day Breakfast,"Sausage, Egg & Cheese McGriddles",550,1290,45,15,20
720,All Day Breakfast,Hotcakes,590,600,102,45,9
721,All Day Breakfast,Hash Browns,150,320,16,0,1
722,All Day Breakfast,Sausage McMuffin,400,760,29,3,14
723,Happy Meal – Protein,Hamburger,250,480,31,6,13
724,Happy Meal – Protein,Chicken McNuggets (6 piece),270,510,16,0,15
725,Happy Meal – Protein,Chicken McNuggets (4 piece),180,340,11,0,10
726,Happy Meal – Side,Apple Sides,15,0,4,3,0
727,Happy Meal – Side,Go-GURT Strawberry Flavored Low Fat Yogurt Tube,45,30,7,5,2
728,Happy Meal – Drinks,Dasani Water,0,0,0,0,0
729,Happy Meal – Drinks,1% Low Fat Milk Jug,100,125,12,12,8
730,Happy Meal – Drinks,Honest Kids Appley Ever After (Box 6 fl oz Drink Box),35,10,9,8,0
731,Mighty Kids Meal – Protein,Chicken McNuggets (6 piece),270,510,16,0,15
732,Mighty Kids Meal – Sides,Fat Free Chocolate Milk Jug,130,135,23,22,9
733,Mighty Kids Meal – Sides,1% Low Fat Milk Jug,100,125,12,12,8
734,Mighty Kids Meal – Sides,Apple Slices,15,0,4,3,0
735,Mighty Kids Meal – Sides,Go-GURT Strawberry Flavored Low Fat Yogurt Tube,45,30,7,5,2
736,McCafé® Bakery,Baked Hot Apple Pie,240,95,35,16,2
737,McCafé® Bakery,Chocolate Chip Cookie,160,90,22,14,2
738,McCafé® Bakery,Oatmeal Raisin Cookie,140,125,22,11,2
739,McCafé® Bakery,Cinnamon Sugar Donut Stick 1/2 Dozen (6 Piece),280,260,34,9,6
