,Category,Items,Calories,Protien,Carbs,Sodium ,Sugar 
0,12” Medium Pan Pizza,Cheese Only,240,11,27,530,2
1,12” Medium Pan Pizza,Pepperoni,250,11,26,590,2
2,12” Medium Pan Pizza,Supreme,290,12,27,650,2
3,12” Medium Pan Pizza,Pepperoni and Mushroom,240,10,27,520,2
4,12” Medium Pan Pizza,Italian Sausage & Red Onion,270,11,28,560,3
5,12” Medium Pan Pizza,Ham & Pineapple,230,10,28,520,3
6,12” Medium Pan Pizza,Veggie Lover’s®,230,9,28,500,3
7,12” Medium Pan Pizza,"Meat Lover’s®eval(ez_write_tag([[970,250],'nutrition_charts_com-medrectangle-4','ezslot_3',140,'0','0']));",330,14,27,830,2
8,12” Medium Pan Pizza,Pepperoni Lover’s®,290,13,27,730,2
9,12” Medium Pan Pizza,Hawaiian Luau,260,11,28,610,3
10,12” Medium Pan Pizza,Dan’s Original,280,12,27,630,2
11,12” Medium Pan Pizza,Triple Meat Italiano,290,13,27,700,2
12,12” Medium Pan Pizza,Spicy Sicilian,270,11,27,700,2
13,12” Medium Pan Pizza,Ultimate Cheese Lover’s,270,12,26,580,2
15,12” Medium Thin N Crispy Pizza,Cheese Only,190,9,22,550,4
16,12” Medium Thin N Crispy Pizza,Pepperoni,200,9,21,610,4
17,12” Medium Thin N Crispy Pizza,Supreme,240,10,23,670,4
18,12” Medium Thin N Crispy Pizza,Pepperoni & Mushroom,180,9,22,540,4
19,12” Medium Thin N Crispy Pizza,Italian Sausage & Red Onion,220,9,23,580,4
20,12” Medium Thin N Crispy Pizza,Ham & Pineapple,180,8,23,540,5
21,12” Medium Thin N Crispy Pizza,Veggie Lover’s®,180,8,23,530,4
22,12” Medium Thin N Crispy Pizza,Meat Lover’s®,280,13,22,860,4
23,12” Medium Thin N Crispy Pizza,Pepperoni Lover’s®,250,12,22,760,4
24,12” Medium Thin N Crispy Pizza,Hawaiian Luau,220,10,24,650,5
25,12” Medium Thin N Crispy Pizza,Dan’s Original,240,11,22,650,4
26,12” Medium Thin N Crispy Pizza,Triple Meat Italiano,240,11,22,720,4
27,12” Medium Thin N Crispy Pizza,Spicy Sicilian,220,9,22,750,4
28,12” Medium Thin N Crispy Pizza,Ultimate Cheese Lover’s,220,10,21,600,4
30,12” Medium Hand Tossed Style Pizza,Cheese Only,220,10,26,550,4
31,12” Medium Hand Tossed Style Pizza,Pepperoni,230,10,25,610,3
32,12” Medium Hand Tossed Style Pizza,Supreme,260,12,26,680,4
33,12” Medium Hand Tossed Style Pizza,Pepperoni & Mushroom,210,10,26,540,4
34,12” Medium Hand Tossed Style Pizza,Italian Sausage & Red Onion,240,11,27,580,4
35,12” Medium Hand Tossed Style Pizza,Ham & Pineapple,200,9,27,550,5
36,12” Medium Hand Tossed Style Pizza,Veggie Lover’s®,200,9,27,530,4
37,12” Medium Hand Tossed Style Pizza,Meat Lover’s®,300,14,26,860,4
38,12” Medium Hand Tossed Style Pizza,Pepperoni Lover’s®,270,13,26,770,4
39,12” Medium Hand Tossed Style Pizza,Hawaiian Luau,240,11,27,640,5
40,12” Medium Hand Tossed Style Pizza,Dan’s Original,260,12,26,650,4
41,12” Medium Hand Tossed Style Pizza,Triple Meat Italiano,260,12,26,730,4
42,12” Medium Hand Tossed Style Pizza,Spicy Sicilian,240,11,26,730,4
43,12” Medium Hand Tossed Style Pizza,Ultimate Cheese Lover’s,240,11,25,590,3
44,12” Medium Hand Tossed Style Pizza,Cheese Only Garlic Parmesan,220,10,26,580,4
45,12” Medium Hand Tossed Style Pizza,Pepperoni Garlic Parmesan,230,10,26,640,4
46,12” Medium Hand Tossed Style Pizza,Supreme Garlic Parmesan,260,12,27,700,4
47,12” Medium Hand Tossed Style Pizza,Pepperoni & Mushroom Garlic Parmesan,210,10,26,570,4
48,12” Medium Hand Tossed Style Pizza,Italian Sausage & Red Onion Garlic Parmesan,250,11,28,610,4
49,12” Medium Hand Tossed Style Pizza,Ham & Pineapple Garlic Parmesan,210,9,28,570,5
50,12” Medium Hand Tossed Style Pizza,Veggie Lover’s® Garlic Parmesan,200,9,27,550,4
51,12” Medium Hand Tossed Style Pizza,Meat Lover’s® Garlic Parmesan,310,14,26,890,4
52,12” Medium Hand Tossed Style Pizza,Pepperoni Lover’s® Garlic Parmesan,280,13,27,790,4
53,12” Medium Hand Tossed Style Pizza,Hawaiian Luau Garlic Parmesan,240,11,28,670,5
54,12” Medium Hand Tossed Style Pizza,"Dan’s Original Garlic Parmesaneval(ez_write_tag([[970,250],'nutrition_charts_com-box-4','ezslot_5',133,'0','0']));",260,12,27,680,4
55,12” Medium Hand Tossed Style Pizza,Triple Meat Italiano Garlic Parmesan,260,12,26,750,4
56,12” Medium Hand Tossed Style Pizza,Spicy Sicilian Garlic Parmesan,250,11,27,750,4
57,12” Medium Hand Tossed Style Pizza,Ultimate Cheese Lover’s Garlic Parmesan,250,11,26,620,3
59,12” Fit n Delicious Pizza,"Chicken, Red Onion & Green Pepper",180,11,23,510,5
60,12” Fit n Delicious Pizza,"Chicken, Mushrooms & Jalapeño",170,11,22,720,4
61,12” Fit n Delicious Pizza,"Ham, Red Onion & Mushroom",160,8,23,550,4
62,12” Fit n Delicious Pizza,"Ham, Pineapple & Diced Red Tomato",160,7,24,550,6
63,12” Fit n Delicious Pizza,"Green Pepper, Red Onion & Diced Red Tomato",150,6,24,400,5
64,12” Fit n Delicious Pizza,"Diced Red Tomato, Mushroom & Jalapeño",150,6,23,610,4
66,14” Large Pan Pizza,Cheese Only,360,15,37,740,3
67,14” Large Pan Pizza,Pepperoni,380,15,36,840,3
68,14” Large Pan Pizza,Supreme,420,17,38,920,3
69,14” Large Pan Pizza,Pepperoni & Mushroom,350,14,37,730,3
70,14” Large Pan Pizza,Italian Sausage & Red Onion,390,15,38,770,3
71,14” Large Pan Pizza,Ham & Pineapple,340,14,39,740,4
72,14” Large Pan Pizza,Veggie Lover’s®,330,13,38,690,4
73,14” Large Pan Pizza,Meat Lover’s®,480,20,37,1180,3
74,14” Large Pan Pizza,Pepperoni Lover’s®,430,20,37,1070,3
75,14” Large Pan Pizza,Hawaiian Luau,380,15,39,860,4
76,14” Large Pan Pizza,Dan’s Original,420,17,37,880,3
77,14” Large Pan Pizza,Triple Meat Italiano,420,18,37,1000,3
78,14” Large Pan Pizza,Spicy Sicilian,400,16,38,960,3
79,14” Large Pan Pizza,Ultimate Cheese Lover’s,400,16,36,800,3
81,14” Large Thin N Crispy Pizza,Cheese Only,260,12,29,740,5
82,14” Large Thin N Crispy Pizza,Pepperoni,280,13,28,850,5
83,14” Large Thin N Crispy Pizza,Supreme,330,15,30,930,5
84,14” Large Thin N Crispy Pizza,Pepperoni & Mushroom,260,12,29,740,5
85,14” Large Thin N Crispy Pizza,Italian Sausage & Red Onion,300,13,30,780,6
86,14” Large Thin N Crispy Pizza,Ham & Pineapple,240,11,31,750,7
87,14” Large Thin N Crispy Pizza,Veggie Lover’s®,240,10,30,710,6
88,14” Large Thin N Crispy Pizza,Meat Lover’s®,390,18,28,1210,5
89,14” Large Thin N Crispy Pizza,Pepperoni Lover’s®,350,17,29,1080,5
90,14” Large Thin N Crispy Pizza,Hawaiian Luau,300,13,31,900,7
91,14” Large Thin N Crispy Pizza,Dan’s Original,320,15,29,890,5
92,14” Large Thin N Crispy Pizza,Triple Meat Italiano,320,15,28,1000,5
93,14” Large Thin N Crispy Pizza,Spicy Sicilian,300,13,30,1020,5
94,14” Large Thin N Crispy Pizza,Ultimate Cheese Lover’s,300,14,28,800,5
96,14” Large Hand Tossed Style Pizza,Cheese Only,320,15,38,800,5
97,14” Large Hand Tossed Style Pizza,Pepperoni,330,15,38,910,5
98,14” Large Hand Tossed Style Pizza,Supreme,380,17,39,990,6
99,14” Large Hand Tossed Style Pizza,Pepperoni & Mushroom,310,14,38,800,5
100,14” Large Hand Tossed Style Pizza,Italian Sausage & Red Onion,350,15,40,840,6
101,14” Large Hand Tossed Style Pizza,Ham & Pineapple,290,13,40,810,7
102,14” Large Hand Tossed Style Pizza,Veggie Lover’s®,290,13,39,760,6
103,14” Large Hand Tossed Style Pizza,Meat Lover’s®,440,20,38,1250,5
104,14” Large Hand Tossed Style Pizza,Pepperoni Lover’s®,400,19,39,1130,5
105,14” Large Hand Tossed Style Pizza,Hawaiian Luau,340,15,40,930,7
106,14” Large Hand Tossed Style Pizza,Dan’s Original,370,17,38,950,5
107,14” Large Hand Tossed Style Pizza,Triple Meat Italiano,380,18,38,1060,5
108,14” Large Hand Tossed Style Pizza,Spicy Sicilian,350,15,39,1040,6
109,14” Large Hand Tossed Style Pizza,Ultimate Cheese Lover’s,350,16,37,840,5
110,14” Large Hand Tossed Style Pizza,Cheese Only Garlic Parmesan,320,15,39,840,5
111,14” Large Hand Tossed Style Pizza,Pepperoni Garlic Parmesan,340,15,38,940,5
112,14” Large Hand Tossed Style Pizza,Supreme Garlic Parmesan,380,17,40,1030,6
113,14” Large Hand Tossed Style Pizza,Pepperoni & Mushroom Garlic Parmesan,320,14,39,940,5
114,14” Large Hand Tossed Style Pizza,Italian Sausage & Red Onion Garlic Parmesan,350,15,40,870,6
115,14” Large Hand Tossed Style Pizza,Ham & Pineapple Garlic Parmesan,300,14,41,840,7
116,14” Large Hand Tossed Style Pizza,Veggie Lover’s® Garlic Parmesan,300,13,40,790,6
117,14” Large Hand Tossed Style Pizza,Meat Lover’s® Garlic Parmesan,440,20,39,1290,5
118,14” Large Hand Tossed Style Pizza,Pepperoni Lover’s® Garlic Parmesan,410,19,39,1170,5
119,14” Large Hand Tossed Style Pizza,Hawaiian Luau Garlic Parmesan,340,16,41,970,7
120,14” Large Hand Tossed Style Pizza,Dan’s Original Garlic Parmesan,380,17,39,980,5
121,14” Large Hand Tossed Style Pizza,Triple Meat Italiano Garlic Parmesan,380,18,39,1100,5
122,14” Large Hand Tossed Style Pizza,Spicy Sicilian Garlic Parmesan,360,16,40,1080,6
123,14” Large Hand Tossed Style Pizza,Ultimate Cheese Lover’s Garlic Parmesan,360,16,38,880,5
125,14” Large Stuffed Crust Pizza,Cheese Only,340,16,39,900,6
126,14” Large Stuffed Crust Pizza,Pepperoni,370,17,39,1040,5
127,14” Large Stuffed Crust Pizza,Supreme,420,19,40,1120,6
128,14” Large Stuffed Crust Pizza,Pepperoni & Mushroom,350,16,39,930,6
129,14” Large Stuffed Crust Pizza,Italian Sausage & Red Onion,390,17,41,970,6
130,14” Large Stuffed Crust Pizza,Ham & Pineapple,330,15,41,940,7
131,14” Large Stuffed Crust Pizza,Veggie Lover’s®,330,15,41,880,6
132,14” Large Stuffed Crust Pizza,Meat Lover’s®,480,22,39,1380,6
133,14” Large Stuffed Crust Pizza,Pepperoni Lover’s®,430,20,40,1230,6
134,14” Large Stuffed Crust Pizza,Hawaiian Luau,380,17,41,1050,7
135,14” Large Stuffed Crust Pizza,Dan’s Original,410,19,40,1080,6
136,14” Large Stuffed Crust Pizza,Triple Meat Italiano,420,20,39,1190,6
137,14” Large Stuffed Crust Pizza,Spicy Sicilian,390,17,40,1160,6
138,14” Large Stuffed Crust Pizza,Ultimate Cheese Lover’s,380,17,38,940,5
140,6” Personal Pan PIzza,"Cheese Onlyeval(ez_write_tag([[336,280],'nutrition_charts_com-banner-1','ezslot_8',134,'0','0']));",590,26,69,1290,7
141,6” Personal Pan PIzza,Pepperoni,610,26,67,1410,6
142,6” Personal Pan PIzza,Supreme,720,30,69,1680,7
143,6” Personal Pan PIzza,Pepperoni & Mushroom,570,24,68,1250,7
144,6” Personal Pan PIzza,Italian Sausage & Red Onion,690,28,71,1440,8
145,6” Personal Pan PIzza,Ham & Pineapple,550,23,71,1260,9
146,6” Personal Pan PIzza,Veggie Lover’s®,550,22,70,1190,8
147,6” Personal Pan PIzza,Meat Lover’s®,830,36,68,2110,7
148,6” Personal Pan PIzza,Pepperoni Lover’s®,720,32,69,1760,7
149,6” Personal Pan PIzza,Hawaiian Luau,620,26,71,1440,9
150,6” Personal Pan PIzza,Dan’s Original,720,31,69,1600,7
151,6” Personal Pan PIzza,Triple Meat Italiano,730,32,68,1770,6
152,6” Personal Pan PIzza,Spicy Sicilian,680,29,69,1730,7
153,6” Personal Pan PIzza,Ultimate Cheese Lover’s,660,29,68,1400,6
155,P Zone Pizza,Classic,470,20,61,1070,3
156,P Zone Pizza,Pepperoni,450,19,60,1120,2
157,P Zone Pizza,Meaty,550,24,61,1370,2
158,P Zone Pizza,Marinara Dipping Sauce (3 oz),60,2,12,440,9
160,Tuscani Pastas,Chicken Alfredo,580,23,49,1250,4
161,Tuscani Pastas,Meaty Marinara,450,22,44,1100,8
163,Big Eat Tiny Price Menu,Cheese Only,1100,48,124,2400,10
164,Big Eat Tiny Price Menu,Pepperoni,1100,47,121,2540,9
165,Big Eat Tiny Price Menu,Supreme,1270,54,125,2920,11
166,Big Eat Tiny Price Menu,Pepperoni & Mushroom,1050,45,123,2290,10
167,Big Eat Tiny Price Menu,Italian Sausage & Red Onion,1210,50,128,2550,12
168,Big Eat Tiny Price Menu,Ham & Pineapple,1020,43,128,2300,14
169,Big Eat Tiny Price Menu,Veggie Lover’s®,1010,42,127,2240,12
170,Big Eat Tiny Price Menu,Meat Lover’s®,1470,64,123,3670,10
171,Big Eat Tiny Price Menu,Pepperoni Lover’s®,1290,59,124,3160,10
172,Big Eat Tiny Price Menu,Hawaiian Luau,1150,49,129,2670,14
173,Big Eat Tiny Price Menu,Dan’s Original,1270,55,124,2810,10
174,Big Eat Tiny Price Menu,Triple Meat Italiano,1280,56,123,3070,9
175,Big Eat Tiny Price Menu,Spicy Sicilian,1220,51,126,3150,11
176,Big Eat Tiny Price Menu,Ultimate Cheese Lover’s,1200,53,121,2560,9
178,Stuffed Pizza Rollers,Stuffed Pizza Rollers,220,10,24,580,3
179,Stuffed Pizza Rollers,Ranch Dipping Sauce (1.5 oz),220,0,2,420,1
180,Stuffed Pizza Rollers,Marinara Dipping Sauce (3 oz),60,2,12,440,9
182,Appetizers,Baked Hot Wings (2 pieces),100,10,1,430,0
183,Appetizers,Baked Mild Wings (2 pieces),110,10,1,430,0
184,Appetizers,Wing Ranch Dipping Sauce (1.5 oz),220,0,2,420,1
185,Appetizers,Wing Blue Cheese Dipping Sauce (1.5 oz),230,1,2,420,2
186,Appetizers,Breadsticks (each),140,5,19,260,2
187,Appetizers,Cheese Breadsticks (each),170,8,20,390,2
188,Appetizers,Marinara Dipping Sauce (3 oz),60,2,12,440,9
190,Desserts,"Cinnamon Sticks (2 pieces)eval(ez_write_tag([[250,250],'nutrition_charts_com-large-leaderboard-2','ezslot_7',135,'0','0']));",160,4,26,210,8
191,Desserts,White Icing Dipping Cup (2 oz),170,0,44,5,38
192,Desserts,HERSHEY’S® Chocolate Dunkers® (2 pieces),190,5,27,220,9
193,Desserts,HERSHEY’S® Chocolate Sauce (1.5 oz),120,1,24,75,18
195,Bone Out Wings,All American,150,10,11,490,0
196,Bone Out Wings,Buffalo Mild,190,10,18,1020,2
197,Bone Out Wings,Buffalo Medium,190,10,18,990,2
198,Bone Out Wings,Buffalo Burnin Hot,190,10,18,1000,2
199,Bone Out Wings,Honey BBQ,220,10,27,720,12
200,Bone Out Wings,Spicy Asian,210,10,24,690,13
201,Bone Out Wings,Garlic Parmesan,260,11,11,710,1
202,Bone Out Wings,Spicy BBQ,200,10,21,940,11
203,Bone Out Wings,Lemon Pepper,220,10,18,620,7
205,Crispy Bone In Wings,All American,200,9,8,500,0
206,Crispy Bone In Wings,Buffalo Mild,230,9,16,1040,2
207,Crispy Bone In Wings,Buffalo Medium,230,9,16,1010,2
208,Crispy Bone In Wings,Buffalo Burnin Hot,230,9,16,1020,2
209,Crispy Bone In Wings,Honey BBQ,260,10,24,740,12
210,Crispy Bone In Wings,Spicy Asian,250,10,21,710,13
211,Crispy Bone In Wings,Garlic Parmesan,300,10,9,730,1
212,Crispy Bone In Wings,Spicy BBQ,240,9,19,950,11
213,Crispy Bone In Wings,Lemon Pepper,270,9,16,640,7
215,Traditional Wings,All American,80,7,0,290,0
216,Traditional Wings,Buffalo Mild,110,8,8,830,2
217,Traditional Wings,Buffalo Medium,110,8,8,800,2
218,Traditional Wings,Buffalo Burnin Hot,110,8,8,810,2
219,Traditional Wings,Honey BBQ,140,8,16,530,12
220,Traditional Wings,Spicy Asian,130,8,13,500,13
221,Traditional Wings,Garlic Parmesan,180,8,1,520,1
222,Traditional Wings,Spicy BBQ,120,8,11,750,11
223,Traditional Wings,Lemon Pepper,150,8,8,430,7
225,Side Items,Apple Pie (2 pies),330,2,40,190,20
226,Side Items,Fried Cheese Sticks (4 pcs),380,13,29,1020,3
227,Side Items,Wedge Fries (side order),320,4,35,530,0
229,Beverages,Mountain Dew®,220,0,58,70,58
230,Beverages,Mountain Dew,300,0,80,100,80
231,Beverages,Mountain Dew,440,0,116,140,116
232,Beverages,Pepsi®,200,0,56,50,54
233,Beverages,Pepsi,280,0,77,70,74
234,Beverages,Pepsi,400,0,112,100,108
235,Beverages,Diet Pepsi®,0,0,0,50,0
236,Beverages,Diet Pepsi,0,0,0,70,0
237,Beverages,Diet Pepsi,0,0,0,100,0
238,Beverages,Sierra Mist®,200,0,54,40,54
239,Beverages,Sierra Mist,275,0,74,60,74
240,Beverages,Sierra Mist,400,0,108,80,108
