,Category,Items,Calories,Protein (g),Total Carbs (g),Sodium (mg),Sugars (g)
0,Burgers,Hamburger,700,39,39,430,8
1,Burgers,Cheeseburger,840,47,40,1050,9
2,Burgers,Bacon Burger,780,43,39,690,8
3,Burgers,Bacon Cheeseburger,920,51,40,1310,9
4,Burgers,Little Hamburger,480,23,39,380,8
5,Burgers,Little Cheeseburger,550,27,39,690,8
6,Burgers,Little Bacon Burger,560,27,39,640,8
7,Burgers,Little Bacon Cheeseburger,630,31,39,950,8
9,Hot Dogs,Hot Dog,545,18,40,1130,8
10,Hot Dogs,Cheese Dog,615,22,40,1440,8
11,Hot Dogs,Bacon Dog,625,22,40,1390,8
12,Hot Dogs,Bacon Cheese Dog,695,26,40,1700,8
14,Alternatives,Veggie Sandwich,440,16,60,1040,14
15,Alternatives,Grilled Cheese,470,11,41,715,10
16,Alternatives,BLT,533,15,42,931,9
17,Alternatives,"Cheese Veggie Sandwicheval(ez_write_tag([[970,250],'nutrition_charts_com-medrectangle-4','ezslot_2',132,'0','0']));",510,20,60,1350,14
19,Toppoings,Mushrooms,5,0,1,55,1
20,Toppoings,Green Peppers,5,0,1,1,0
21,Toppoings,Onions,10,0,2,1,1
22,Toppoings,Jalapenos,3,0,0,0,0
23,Toppoings,Lettuce,4,0,1,3,0
24,Toppoings,Tomatoes,9,0,2,3,1
25,Toppoings,Mayonnaise,100,0,0,70,0
26,Toppoings,Heinz Ketchup,20,0,5,160,4
27,Toppoings,A.1. Original Steak Sauce,15,0,3,280,2
28,Toppoings,Cattlemen’s BBQ Sauce,60,0,15,400,10
29,Toppoings,French’s Yellow Mustard,0,0,0,55,0
30,Toppoings,Frank’s Original Hot Sauce,0,0,0,200,0
31,Toppoings,Mt. Olive Special Sweet Green Relish,15,0,4,85,3
32,Toppoings,Mt. Olive Fresh Kosher Dill Pickles,5,0,1,260,0
33,Toppoings,Cheese (1 slice),70,4,0,310,0
34,Toppoings,Bacon (2 slices),80,4,0,260,0
35,Toppoings,Bun,260,7,39,330,8
37,Fries,Little Fry,526,8,72,531,2
38,Fries,Regular Fries,953,15,131,962,4
39,Fries,Large Fries,1314,20,181,1327,6
