,Category,Items,Calories,Sodium (mg),Carbs (g),Sugar (g),Protein (g)
0,Chicken,Wing,210,610,8,0,13
1,Chicken,Leg,160,460,5,0,14
2,Chicken,Thigh,280,640,7,0,14
3,Chicken,Breast,440,1330,16,0,35
6,Chicken,Wing,210,410,8,1,13
7,Chicken,Leg,170,360,5,1,13
8,Chicken,Thigh,260,460,8,1,14
9,Chicken,"Breasteval(ez_write_tag([[970,250],'nutrition_charts_com-medrectangle-4','ezslot_2',140,'0','0']));",420,830,13,3,33
11,Chicken,Nugget (4),150,230,10,0,7
12,Chicken,Nuggets (6),230,350,14,0,11
13,Chicken,Mild Tenders (3),340,1350,26,0,27
14,Chicken,Spicy Tenders (3),310,1240,16,0,28
15,Chicken,Blackened Tenders (3),170,550,2,0,26
17,Sandwiches & WrapsBack to Top,Loaded Chicken Wrap,310,890,33,0,14
18,Sandwiches & WrapsBack to Top,Chicken Po’ Boy,660,2120,61,3,31
19,Sandwiches & WrapsBack to Top,Shrimp Po’ Boy,690,2165,66,3,42
20,Sandwiches & WrapsBack to Top,Blackened BBQ Chicken Po’ Boy,340,1030,49,11,24
21,Sandwiches & WrapsBack to Top,Chicken & Sausage Jambalaya,220,760,20,0,10
22,Sandwiches & WrapsBack to Top,Chicken Livers,1190,2070,65,3,54
24,Seafood,Popcorn Shrimp,330,1290,28,0,11
25,Seafood,Butterfly Shrimp (8),290,820,21,0,12
26,Seafood,Catfish Fillet,460,1140,27,0,21
27,Seafood,Cajun Fish,130,550,12,1,5
29,Sides,Biscuit,260,450,26,1,4
30,Sides,Baguette,90,80,18,1,3
31,Sides,Cheddar Cheese Tortilla,140,210,21,0,3
33,Sides,Regular,260,570,30,0,3
34,Sides,Large,770,1700,89,1,10
35,Sides,Corn on the Cob,190,0,37,0,6
37,Sides,Regular,200,490,26,3,8
38,Sides,Large,600,1470,78,0,24
40,Sides,Regular,110,590,18,1,3
41,Sides,Large,330,1770,54,3,9
43,Sides,Regular,230,580,23,0,7
44,Sides,Large,690,1740,69,0,21
46,Sides,Regular,170,530,25,4,7
47,Sides,Large,510,1590,75,11,21
49,Sides,Regular,40,420,6,1,2
50,Sides,Large,120,1260,18,3,6
52,Sides,Regular,220,300,19,15,1
53,Sides,Large,660,900,58,45,4
55,Sides,6,280,460,25,2,3
56,Sides,12,560,920,50,4,6
57,Sides,18,830,1370,74,6,9
59,Sides,Regular (1),0,368,1,0,0
60,Sides,Large (6),0,2208,6,0,0
62,BreakfastBack to Top,Chicken Biscuit,490,1270,47,2,17
63,BreakfastBack to Top,Sausage Biscuit,540,1100,41,2,13
64,BreakfastBack to Top,Egg Biscuit,510,1155,41,2,13
65,BreakfastBack to Top,Egg & Sausage Biscuit,690,1520,43,2,20
66,BreakfastBack to Top,Bacon Biscuit,400,780,37,2,8
67,BreakfastBack to Top,Sausage & Gravy Biscuit,510,1090,42,3,10
68,BreakfastBack to Top,Grits,370,30,80,0,5
69,BreakfastBack to Top,Hash Rounds,360,450,41,0,3
70,BreakfastBack to Top,Coffee,0,0,0,0,0
71,BreakfastBack to Top,Orange Juice,140,20,33,30,2
73,Desserts,Hot Cinnamon Apple Pie,320,340,40,12,3
74,Desserts,Mississippi Mud Pie,280,210,51,27,3
75,Desserts,Mardi Gras Cheesecake,310,290,32,22,4
76,Desserts,Sliced Pecan Pie,410,220,52,22,4
77,Desserts,Hot Sweet Potato Pie,350,370,41,10,4
79,BeveragesBack to Top,Coke (22oz),230,22,59,59,0
80,BeveragesBack to Top,Diet Coke (22oz),0,38,0,0,0
81,BeveragesBack to Top,Sprite (22oz),210,77,56,56,0
82,BeveragesBack to Top,fanta Strawberry (22oz),300,75,80,80,0
83,BeveragesBack to Top,Fanta Orange (22oz),300,25,80,80,0
84,BeveragesBack to Top,Hawaiian Punch (22oz),175,265,43,43,0
85,BeveragesBack to Top,Mountain Dew (22oz),290,120,77,77,0
86,BeveragesBack to Top,Pepsi (22oz),200,50,70,70,0
87,BeveragesBack to Top,Diet Pepsi (22oz),0,50,0,0,0
88,BeveragesBack to Top,Dr Pepper (22oz),250,87,68,68,0
89,BeveragesBack to Top,Unsweetened Tea (22oz),0,10,0,0,0
90,BeveragesBack to Top,Sweet Tea (22oz),180,10,45,45,0
92,Sauces,Barbeque,45,320,10,8,0
93,Sauces,Ranch,150,230,3,1,0
94,Sauces,Sweet Heat,70,160,19,14,0
95,Sauces,Mardi Gras Mustard,100,240,5,4,1
96,Sauces,Cocktail,30,320,6,6,0
97,Sauces,Tartar Sauce,140,280,1,1,0
98,Sauces,Creamy Horseradish,130,90,6,6,0
99,Sauces,Blackened Ranch,120,250,2,1,1
